"jd_wk","year","lat_bin","lon_bin","day_count"
0,2015,-43,173,2
0,2015,-41,173,1
0,2015,-41,175,1
0,2015,-33,23,1
0,2015,-29,33,1
0,2015,-27,153,1
0,2015,-23,27,1
0,2015,5,31,2
0,2015,9,-79,1
0,2015,13,101,3
0,2015,15,-97,2
0,2015,15,-91,2
0,2015,15,-89,1
0,2015,15,-87,1
0,2015,17,-99,1
0,2015,17,-97,1
0,2015,17,-93,19
0,2015,19,-103,2
0,2015,19,-101,2
0,2015,19,-99,11
0,2015,19,-97,8
0,2015,19,-91,1
0,2015,19,-87,1
0,2015,19,-69,1
0,2015,19,73,1
0,2015,21,-105,6
0,2015,21,-103,1
0,2015,21,-101,1
0,2015,21,-99,1
0,2015,21,-97,2
0,2015,21,-87,3
0,2015,23,-107,42
0,2015,23,-99,2
0,2015,25,-101,1
0,2015,25,-81,2
0,2015,25,-75,1
0,2015,27,-83,2
0,2015,27,-81,4
0,2015,29,-93,1
0,2015,29,-81,2
0,2015,31,-111,1
0,2015,31,-99,1
0,2015,31,-97,1
0,2015,33,-119,1
0,2015,33,-117,1
0,2015,35,-121,2
0,2015,35,-119,1
0,2015,37,-123,2
0,2015,37,-121,1
0,2015,39,-123,2
0,2015,47,-79,1
0,2016,-45,169,1
0,2016,-43,147,1
0,2016,-37,175,1
0,2016,-7,107,1
0,2016,11,-87,2
0,2016,11,-85,3
0,2016,13,-87,2
0,2016,13,-85,3
0,2016,15,-61,16
0,2016,15,121,1
0,2016,17,-97,1
0,2016,17,-93,7
0,2016,17,-91,4
0,2016,17,-89,7
0,2016,17,-61,1
0,2016,19,-155,1
0,2016,19,-105,7
0,2016,19,-101,2
0,2016,19,-99,4
0,2016,19,-97,1
0,2016,19,-89,1
0,2016,21,-105,37
0,2016,21,-101,3
0,2016,21,-99,1
0,2016,21,-87,8
0,2016,23,-109,3
0,2016,23,-107,37
0,2016,25,-81,1
0,2016,27,-81,6
0,2016,29,-95,1
0,2016,29,-83,1
0,2016,29,-81,1
0,2016,31,-111,1
0,2016,31,-95,1
0,2016,33,-117,1
0,2016,33,-113,1
0,2016,33,-111,6
0,2016,33,-97,2
0,2016,33,127,1
0,2016,35,-119,1
0,2016,37,-123,1
0,2017,-27,31,1
0,2017,-25,29,1
0,2017,-3,39,2
0,2017,1,103,1
0,2017,7,-75,1
0,2017,9,-85,1
0,2017,9,-83,1
0,2017,11,-85,1
0,2017,11,99,1
0,2017,13,77,1
0,2017,13,99,6
0,2017,15,-93,1
0,2017,17,-101,1
0,2017,17,-99,1
0,2017,17,-97,1
0,2017,17,-93,2
0,2017,19,-103,2
0,2017,19,-101,5
0,2017,19,-99,29
0,2017,19,-97,3
0,2017,19,-95,1
0,2017,19,-89,2
0,2017,19,-73,1
0,2017,19,-71,36
0,2017,19,-65,2
0,2017,19,109,3
0,2017,21,-105,17
0,2017,21,-103,2
0,2017,21,-101,2
0,2017,21,-99,15
0,2017,21,-97,3
0,2017,21,-87,6
0,2017,23,-107,33
0,2017,23,-101,1
0,2017,23,87,3
0,2017,25,-107,1
0,2017,25,-101,22
0,2017,25,-99,4
0,2017,25,-81,27
0,2017,27,-109,1
0,2017,27,-99,7
0,2017,27,-97,8
0,2017,27,-83,1
0,2017,27,-81,4
0,2017,29,-101,1
0,2017,29,-99,1
0,2017,29,-97,1
0,2017,29,-95,4
0,2017,29,-81,18
0,2017,31,-109,3
0,2017,31,-99,6
0,2017,31,-97,18
0,2017,31,-95,1
0,2017,31,-91,3
0,2017,31,-87,2
0,2017,31,-85,1
0,2017,33,-119,3
0,2017,33,-117,1
0,2017,33,-111,3
0,2017,33,-97,1
0,2017,35,-121,2
0,2017,35,-119,7
0,2017,35,-117,5
0,2017,37,-123,4
0,2017,39,-121,2
0,2017,39,1,1
0,2017,41,-87,1
0,2017,43,-71,1
0,2018,-45,171,1
0,2018,-43,-177,1
0,2018,-41,175,3
0,2018,-37,145,2
0,2018,-35,151,1
0,2018,-33,23,3
0,2018,-33,25,1
0,2018,-29,31,1
0,2018,-27,153,1
0,2018,-25,17,1
0,2018,-19,-63,1
0,2018,1,35,1
0,2018,1,103,6
0,2018,9,-83,4
0,2018,9,-79,18
0,2018,11,-85,3
0,2018,11,-75,6
0,2018,11,77,2
0,2018,13,-87,1
0,2018,13,101,1
0,2018,15,-97,5
0,2018,15,103,1
0,2018,17,-97,2
0,2018,17,-93,2
0,2018,17,-89,1
0,2018,19,-101,3
0,2018,19,-99,13
0,2018,19,-97,9
0,2018,19,-95,1
0,2018,19,-89,1
0,2018,19,-75,8
0,2018,19,-71,12
0,2018,19,-69,11
0,2018,19,-67,2
0,2018,19,83,1
0,2018,21,-105,2
0,2018,21,-103,8
0,2018,21,-101,4
0,2018,21,-99,2
0,2018,21,-97,1
0,2018,21,-89,3
0,2018,21,-87,2
0,2018,23,-107,26
0,2018,23,-105,1
0,2018,23,91,1
0,2018,23,115,1
0,2018,25,-81,9
0,2018,25,121,3
0,2018,27,-99,7
0,2018,27,-97,5
0,2018,27,-81,5
0,2018,29,-99,2
0,2018,29,-95,3
0,2018,29,-83,1
0,2018,29,-81,2
0,2018,31,-99,2
0,2018,31,-97,2
0,2018,33,-119,5
0,2018,33,-117,3
0,2018,33,-111,6
0,2018,33,-105,1
0,2018,33,-97,1
0,2018,35,-119,8
0,2018,35,-117,1
0,2018,35,-97,1
0,2018,37,-123,10
0,2018,37,-121,5
0,2018,39,-123,3
0,2018,41,-73,1
0,2018,43,-121,1
0,2018,45,-109,1
7,2015,-41,175,1
7,2015,-39,175,1
7,2015,-33,23,1
7,2015,-31,-65,1
7,2015,-23,29,1
7,2015,-19,33,1
7,2015,-19,177,1
7,2015,11,-85,3
7,2015,13,-85,1
7,2015,13,101,1
7,2015,15,-97,1
7,2015,15,99,2
7,2015,17,-99,1
7,2015,17,-95,1
7,2015,19,-99,12
7,2015,19,-95,2
7,2015,19,-91,4
7,2015,19,-89,2
7,2015,19,-63,1
7,2015,21,-105,7
7,2015,21,-99,2
7,2015,21,-89,15
7,2015,23,-107,32
7,2015,25,-81,3
7,2015,25,-75,1
7,2015,27,-83,1
7,2015,27,-81,11
7,2015,29,-95,1
7,2015,29,-83,5
7,2015,33,-117,2
7,2015,35,-119,1
7,2015,37,-123,6
7,2015,37,-115,3
7,2016,-31,31,1
7,2016,-29,31,1
7,2016,-25,29,1
7,2016,-1,-77,1
7,2016,7,3,1
7,2016,9,-81,2
7,2016,9,-79,1
7,2016,11,-85,1
7,2016,15,-93,3
7,2016,15,-61,18
7,2016,17,-97,1
7,2016,17,-95,1
7,2016,17,-93,5
7,2016,17,-89,8
7,2016,17,-61,1
7,2016,19,-101,1
7,2016,19,-99,3
7,2016,19,-97,2
7,2016,19,-95,9
7,2016,19,-89,5
7,2016,19,-65,1
7,2016,19,73,3
7,2016,19,99,3
7,2016,21,-105,24
7,2016,21,-99,2
7,2016,21,-89,3
7,2016,21,-87,3
7,2016,23,-109,7
7,2016,23,-107,17
7,2016,23,-81,1
7,2016,23,115,2
7,2016,23,121,2
7,2016,25,-97,1
7,2016,25,-81,13
7,2016,27,-101,1
7,2016,27,-99,2
7,2016,27,-97,6
7,2016,27,-81,3
7,2016,29,-97,3
7,2016,29,-95,3
7,2016,29,-81,10
7,2016,31,-99,4
7,2016,31,-97,11
7,2016,33,-117,2
7,2016,33,-95,1
7,2016,35,-119,1
7,2016,35,-85,1
7,2016,37,-123,2
7,2016,39,-123,1
7,2017,-41,175,5
7,2017,-39,175,1
7,2017,-29,31,1
7,2017,1,103,3
7,2017,9,-83,4
7,2017,9,-79,1
7,2017,9,99,4
7,2017,11,-85,4
7,2017,15,-93,2
7,2017,15,-87,18
7,2017,17,-93,7
7,2017,17,-91,2
7,2017,17,-89,1
7,2017,17,-85,1
7,2017,17,-77,1
7,2017,17,-67,4
7,2017,19,-105,2
7,2017,19,-103,1
7,2017,19,-101,1
7,2017,19,-99,11
7,2017,19,-97,4
7,2017,19,-89,2
7,2017,19,-77,5
7,2017,19,-71,47
7,2017,19,-69,1
7,2017,19,-65,3
7,2017,21,-105,6
7,2017,21,-103,2
7,2017,21,-101,9
7,2017,21,-99,27
7,2017,21,-89,1
7,2017,21,-87,1
7,2017,23,-107,39
7,2017,23,115,1
7,2017,25,-103,1
7,2017,25,-101,4
7,2017,25,-81,15
7,2017,27,-109,1
7,2017,27,-99,16
7,2017,27,-97,46
7,2017,27,-83,5
7,2017,27,-81,4
7,2017,29,-99,2
7,2017,29,-97,2
7,2017,29,-95,6
7,2017,29,-81,4
7,2017,31,-103,3
7,2017,31,-97,3
7,2017,31,-91,3
7,2017,31,-81,1
7,2017,33,-119,1
7,2017,33,-117,3
7,2017,33,-111,4
7,2017,33,-97,1
7,2017,35,-119,2
7,2017,35,-117,6
7,2017,37,-123,3
7,2017,39,-123,2
7,2017,41,-81,2
7,2017,41,-77,1
7,2017,43,-71,2
7,2018,-45,169,1
7,2018,-41,175,1
7,2018,-39,145,2
7,2018,-37,145,7
7,2018,-33,23,3
7,2018,-33,25,1
7,2018,-31,-65,1
7,2018,-31,31,2
7,2018,-27,29,1
7,2018,-23,29,2
7,2018,-21,33,3
7,2018,-17,-65,1
7,2018,-9,-55,1
7,2018,-7,107,1
7,2018,1,103,2
7,2018,5,-75,2
7,2018,5,-73,1
7,2018,9,-83,5
7,2018,9,-79,2
7,2018,11,-85,1
7,2018,11,-83,1
7,2018,11,-75,2
7,2018,11,103,1
7,2018,15,-97,55
7,2018,15,-91,1
7,2018,15,-61,1
7,2018,17,-93,4
7,2018,17,97,3
7,2018,19,-105,1
7,2018,19,-103,2
7,2018,19,-101,1
7,2018,19,-99,18
7,2018,19,-97,5
7,2018,19,-95,3
7,2018,19,-89,8
7,2018,19,-75,3
7,2018,19,-69,19
7,2018,19,-67,4
7,2018,19,73,1
7,2018,21,-105,18
7,2018,21,-103,2
7,2018,21,-101,4
7,2018,21,-99,2
7,2018,21,-89,1
7,2018,21,-87,6
7,2018,23,-107,7
7,2018,23,-97,1
7,2018,23,79,1
7,2018,23,121,1
7,2018,25,-107,3
7,2018,25,-101,8
7,2018,25,-97,1
7,2018,25,-81,8
7,2018,27,-99,12
7,2018,27,-97,4
7,2018,27,-83,3
7,2018,27,-81,12
7,2018,29,-99,1
7,2018,29,-97,1
7,2018,29,-95,3
7,2018,29,-83,1
7,2018,29,-81,3
7,2018,31,-99,1
7,2018,31,-97,10
7,2018,31,-85,1
7,2018,31,-81,1
7,2018,33,-119,6
7,2018,33,-117,10
7,2018,33,-115,3
7,2018,33,-113,1
7,2018,33,-111,1
7,2018,33,-97,1
7,2018,35,-121,1
7,2018,35,-119,25
7,2018,35,-111,1
7,2018,35,-79,10
7,2018,37,-123,7
7,2018,37,-121,4
7,2018,37,-119,1
7,2018,39,-123,4
7,2018,39,1,1
7,2018,41,-75,1
14,2015,-43,173,1
14,2015,-41,175,2
14,2015,-39,-71,1
14,2015,-31,29,1
14,2015,-25,31,4
14,2015,-19,147,1
14,2015,-13,29,1
14,2015,-11,41,1
14,2015,11,-85,1
14,2015,11,79,1
14,2015,19,-101,2
14,2015,19,-99,37
14,2015,21,-105,21
14,2015,21,-101,1
14,2015,21,-99,1
14,2015,21,-89,15
14,2015,23,-107,28
14,2015,23,89,2
14,2015,23,115,1
14,2015,25,-99,1
14,2015,25,-97,1
14,2015,25,-81,5
14,2015,27,-99,2
14,2015,27,-97,2
14,2015,27,-83,4
14,2015,27,-81,1
14,2015,29,-99,1
14,2015,29,-95,2
14,2015,29,-83,1
14,2015,31,-99,1
14,2015,31,-97,2
14,2015,33,-119,1
14,2015,33,-117,1
14,2015,33,-115,7
14,2015,33,-97,3
14,2015,35,-119,5
14,2015,35,-117,1
14,2015,37,-123,9
14,2015,37,-121,2
14,2016,-43,173,1
14,2016,-9,115,2
14,2016,-7,107,1
14,2016,1,103,2
14,2016,9,-85,5
14,2016,11,-85,2
14,2016,11,-83,1
14,2016,15,-61,3
14,2016,17,-97,3
14,2016,17,-93,3
14,2016,19,-105,3
14,2016,19,-99,2
14,2016,19,-97,2
14,2016,19,-95,7
14,2016,19,-89,3
14,2016,19,-87,2
14,2016,19,-77,4
14,2016,19,-71,1
14,2016,19,99,3
14,2016,21,-105,22
14,2016,21,-99,1
14,2016,21,-87,1
14,2016,21,99,2
14,2016,23,-109,9
14,2016,23,-107,12
14,2016,23,-97,1
14,2016,23,115,1
14,2016,25,-99,1
14,2016,25,-97,1
14,2016,25,-81,1
14,2016,27,-99,8
14,2016,27,-83,19
14,2016,27,-81,27
14,2016,27,-77,1
14,2016,29,-99,1
14,2016,29,-97,2
14,2016,29,-95,3
14,2016,29,-83,3
14,2016,29,-81,6
14,2016,31,-107,2
14,2016,31,-97,8
14,2016,31,-81,1
14,2016,33,-117,2
14,2016,33,-115,2
14,2016,33,-111,1
14,2016,33,-97,3
14,2016,35,-121,1
14,2016,37,-123,4
14,2016,37,-121,2
14,2016,37,-117,1
14,2016,39,-121,1
14,2016,45,11,1
14,2016,47,-123,1
14,2017,-41,175,1
14,2017,-35,175,1
14,2017,-31,31,1
14,2017,-19,15,1
14,2017,9,-85,1
14,2017,9,-83,1
14,2017,9,-79,4
14,2017,11,-85,1
14,2017,13,77,1
14,2017,13,99,2
14,2017,15,-97,8
14,2017,15,-87,1
14,2017,15,-85,3
14,2017,17,-95,1
14,2017,17,-93,2
14,2017,17,-89,2
14,2017,19,-105,3
14,2017,19,-101,1
14,2017,19,-99,13
14,2017,19,-97,3
14,2017,19,-71,24
14,2017,21,-105,10
14,2017,21,-103,1
14,2017,21,-101,4
14,2017,21,-99,36
14,2017,21,-97,2
14,2017,21,-89,2
14,2017,21,-87,1
14,2017,23,-107,13
14,2017,23,-99,1
14,2017,23,-97,1
14,2017,23,-83,1
14,2017,23,115,3
14,2017,25,-101,8
14,2017,25,-81,6
14,2017,27,-99,9
14,2017,27,-97,12
14,2017,27,-83,9
14,2017,27,-81,17
14,2017,29,-95,5
14,2017,29,-83,11
14,2017,29,-81,5
14,2017,31,-99,4
14,2017,31,-97,13
14,2017,31,-95,1
14,2017,33,-117,5
14,2017,33,-115,3
14,2017,33,-97,4
14,2017,33,-95,1
14,2017,33,-81,1
14,2017,35,-121,2
14,2017,35,-119,6
14,2017,35,-117,7
14,2017,37,-123,16
14,2017,37,-5,2
14,2017,41,-81,1
14,2017,41,1,1
14,2018,-41,173,1
14,2018,-41,175,1
14,2018,-39,177,1
14,2018,-37,145,2
14,2018,-37,147,8
14,2018,-37,175,1
14,2018,-35,23,1
14,2018,-35,151,1
14,2018,-33,23,2
14,2018,-33,25,1
14,2018,-29,31,1
14,2018,-27,29,1
14,2018,-21,-43,1
14,2018,-19,-63,1
14,2018,-17,31,1
14,2018,-15,29,2
14,2018,-7,107,1
14,2018,-7,111,2
14,2018,-1,37,1
14,2018,1,31,1
14,2018,1,103,5
14,2018,5,-73,1
14,2018,9,-85,1
14,2018,9,-83,5
14,2018,9,-81,2
14,2018,9,-79,5
14,2018,11,-85,6
14,2018,11,-75,1
14,2018,11,-73,1
14,2018,13,-85,2
14,2018,15,-97,53
14,2018,15,-93,1
14,2018,15,-91,3
14,2018,15,-89,1
14,2018,15,-61,1
14,2018,17,-99,2
14,2018,17,-97,4
14,2018,17,-93,7
14,2018,17,-91,2
14,2018,19,-105,1
14,2018,19,-103,4
14,2018,19,-99,8
14,2018,19,-97,5
14,2018,19,-89,10
14,2018,19,-71,3
14,2018,19,-69,16
14,2018,19,-65,1
14,2018,19,103,1
14,2018,21,-105,10
14,2018,21,-101,1
14,2018,21,-99,2
14,2018,21,-89,2
14,2018,21,-87,1
14,2018,23,-109,1
14,2018,23,-107,5
14,2018,23,115,1
14,2018,25,-107,1
14,2018,25,-101,2
14,2018,25,-81,17
14,2018,27,-109,1
14,2018,27,-99,13
14,2018,27,-97,1
14,2018,27,-83,10
14,2018,27,-81,15
14,2018,29,-111,1
14,2018,29,-103,5
14,2018,29,-99,3
14,2018,29,-97,9
14,2018,29,-95,2
14,2018,29,-83,1
14,2018,29,-81,1
14,2018,31,-101,1
14,2018,31,-99,1
14,2018,31,-97,4
14,2018,33,-119,7
14,2018,33,-117,11
14,2018,33,-111,5
14,2018,33,-107,1
14,2018,33,-97,1
14,2018,35,-121,1
14,2018,35,-119,17
14,2018,37,-123,10
14,2018,37,-121,4
14,2018,39,-123,1
14,2018,39,-121,2
14,2018,41,-87,1
14,2018,45,-123,1
21,2015,-41,175,1
21,2015,-39,-71,1
21,2015,-25,31,1
21,2015,-23,29,1
21,2015,9,-83,4
21,2015,9,-81,1
21,2015,11,-85,2
21,2015,17,-89,1
21,2015,19,-101,1
21,2015,19,-99,18
21,2015,19,-95,1
21,2015,19,-89,1
21,2015,21,-105,8
21,2015,21,-101,1
21,2015,21,-99,1
21,2015,23,-107,15
21,2015,23,-99,4
21,2015,23,89,1
21,2015,25,-109,1
21,2015,25,-81,5
21,2015,27,-99,4
21,2015,27,-97,3
21,2015,27,-83,2
21,2015,27,-81,16
21,2015,29,-101,1
21,2015,29,-95,1
21,2015,29,-83,3
21,2015,29,-81,2
21,2015,31,-93,1
21,2015,31,-91,1
21,2015,33,-119,2
21,2015,33,-97,4
21,2015,35,-119,6
21,2015,37,-123,8
21,2015,37,-121,1
21,2015,39,-123,1
21,2016,-45,171,1
21,2016,-37,175,1
21,2016,-35,21,1
21,2016,-1,131,1
21,2016,9,-85,3
21,2016,11,-85,1
21,2016,13,-85,5
21,2016,15,-87,1
21,2016,17,-97,1
21,2016,17,-95,3
21,2016,17,-93,4
21,2016,17,-91,1
21,2016,19,-105,5
21,2016,19,-99,1
21,2016,19,-95,10
21,2016,19,-71,1
21,2016,19,-67,1
21,2016,21,-105,15
21,2016,21,-89,2
21,2016,21,-87,1
21,2016,23,-107,15
21,2016,23,121,1
21,2016,25,-81,4
21,2016,27,-99,6
21,2016,27,-97,1
21,2016,27,-81,1
21,2016,29,-97,4
21,2016,29,-95,1
21,2016,29,-83,1
21,2016,29,-81,4
21,2016,29,-17,1
21,2016,31,-99,3
21,2016,31,-97,3
21,2016,33,-119,4
21,2016,33,-117,3
21,2016,33,-97,1
21,2016,35,-119,4
21,2016,35,-117,1
21,2016,37,-123,8
21,2016,37,-121,4
21,2016,37,-115,1
21,2016,37,-77,1
21,2016,37,-9,1
21,2016,39,-123,1
21,2016,39,-9,1
21,2017,-39,179,1
21,2017,-33,23,2
21,2017,-31,-65,1
21,2017,-25,15,1
21,2017,-25,31,3
21,2017,-23,27,2
21,2017,-9,115,1
21,2017,1,103,1
21,2017,9,-83,1
21,2017,9,-79,1
21,2017,15,-93,4
21,2017,15,-87,2
21,2017,15,-85,4
21,2017,17,-93,1
21,2017,17,-91,1
21,2017,17,-89,2
21,2017,19,-105,1
21,2017,19,-103,6
21,2017,19,-101,5
21,2017,19,-99,20
21,2017,19,-97,7
21,2017,19,-95,3
21,2017,19,-73,2
21,2017,19,-65,1
21,2017,21,-159,1
21,2017,21,-105,7
21,2017,21,-101,5
21,2017,21,-99,14
21,2017,21,-97,3
21,2017,23,-109,1
21,2017,23,-107,12
21,2017,23,-81,1
21,2017,23,115,1
21,2017,23,121,1
21,2017,25,-109,3
21,2017,25,-101,3
21,2017,25,-97,10
21,2017,25,-81,6
21,2017,27,-99,1
21,2017,27,-97,42
21,2017,27,-83,2
21,2017,27,-81,5
21,2017,29,-101,1
21,2017,29,-99,2
21,2017,29,-97,5
21,2017,29,-95,7
21,2017,29,-81,4
21,2017,31,-113,1
21,2017,31,-99,8
21,2017,31,-97,39
21,2017,31,-93,1
21,2017,33,-117,1
21,2017,33,-111,1
21,2017,33,-97,6
21,2017,35,-119,5
21,2017,35,-117,6
21,2017,35,-93,1
21,2017,37,-123,5
21,2017,37,-121,3
21,2017,37,-87,1
21,2017,37,-5,1
21,2017,39,-123,2
21,2017,39,-121,2
21,2017,43,-71,1
21,2018,-43,147,1
21,2018,-43,173,1
21,2018,-41,173,1
21,2018,-39,147,2
21,2018,-37,147,8
21,2018,-37,149,1
21,2018,-33,23,2
21,2018,-33,25,2
21,2018,-21,-43,1
21,2018,1,103,11
21,2018,5,-75,3
21,2018,5,-71,1
21,2018,9,-85,2
21,2018,9,-81,1
21,2018,9,-79,2
21,2018,11,-85,4
21,2018,11,-83,1
21,2018,13,-87,2
21,2018,15,-97,22
21,2018,15,-89,1
21,2018,15,-61,1
21,2018,17,-97,4
21,2018,17,-93,5
21,2018,19,-105,1
21,2018,19,-99,16
21,2018,19,-97,1
21,2018,19,-89,17
21,2018,19,-75,3
21,2018,19,-71,4
21,2018,19,-69,1
21,2018,19,-65,3
21,2018,19,83,1
21,2018,19,99,3
21,2018,19,109,5
21,2018,21,-105,9
21,2018,21,-101,1
21,2018,21,-87,4
21,2018,23,-109,1
21,2018,23,-107,2
21,2018,23,-99,1
21,2018,23,115,1
21,2018,25,-101,3
21,2018,25,-99,1
21,2018,25,-81,3
21,2018,27,-99,5
21,2018,27,-97,7
21,2018,27,-83,4
21,2018,27,-81,27
21,2018,29,-95,1
21,2018,29,-83,4
21,2018,29,-81,3
21,2018,29,-17,1
21,2018,31,-103,1
21,2018,31,-97,2
21,2018,31,-87,1
21,2018,31,-85,2
21,2018,33,-119,3
21,2018,33,-117,11
21,2018,33,-111,10
21,2018,33,-99,1
21,2018,33,-97,5
21,2018,35,-121,1
21,2018,35,-119,16
21,2018,35,-117,1
21,2018,37,-123,12
21,2018,37,-121,2
21,2018,37,-87,1
21,2018,37,-77,2
21,2018,39,-123,3
21,2018,39,-87,1
21,2018,43,-81,1
21,2018,45,-1,1
21,2018,45,7,1
28,2015,-41,175,1
28,2015,-29,27,1
28,2015,-23,27,1
28,2015,-23,29,4
28,2015,-19,33,2
28,2015,9,-83,2
28,2015,11,-85,2
28,2015,17,-93,2
28,2015,19,-103,1
28,2015,19,-99,20
28,2015,19,-71,1
28,2015,21,-105,8
28,2015,23,-107,32
28,2015,25,-107,1
28,2015,25,-81,4
28,2015,27,-99,3
28,2015,27,-81,6
28,2015,29,-95,1
28,2015,29,-83,6
28,2015,29,-81,4
28,2015,31,-97,1
28,2015,31,-95,1
28,2015,33,-119,1
28,2015,33,-117,7
28,2015,33,-111,3
28,2015,33,-97,2
28,2015,35,-119,6
28,2015,35,-93,1
28,2015,37,-123,7
28,2015,37,-121,4
28,2015,39,-123,2
28,2016,-41,147,2
28,2016,-41,175,1
28,2016,-35,173,1
28,2016,-33,149,1
28,2016,-27,31,6
28,2016,-3,37,1
28,2016,9,-79,1
28,2016,11,-85,10
28,2016,13,-85,2
28,2016,13,99,6
28,2016,17,-93,4
28,2016,17,-91,1
28,2016,19,-105,1
28,2016,19,-99,6
28,2016,19,-95,4
28,2016,19,-89,2
28,2016,21,-105,12
28,2016,21,-103,1
28,2016,21,-101,3
28,2016,21,-99,3
28,2016,23,-109,1
28,2016,23,-107,3
28,2016,23,-105,1
28,2016,23,-101,3
28,2016,23,-99,2
28,2016,23,121,2
28,2016,25,-107,1
28,2016,25,-97,2
28,2016,25,-81,1
28,2016,27,-101,1
28,2016,27,-97,7
28,2016,27,-81,7
28,2016,29,-97,1
28,2016,29,-95,2
28,2016,29,-83,2
28,2016,29,-81,4
28,2016,31,-101,1
28,2016,31,-97,9
28,2016,31,-95,1
28,2016,33,-119,1
28,2016,33,-97,35
28,2016,33,-95,2
28,2016,33,35,1
28,2016,35,-121,3
28,2016,35,-119,6
28,2016,37,-123,3
28,2016,41,-81,1
28,2017,-37,175,1
28,2017,-33,23,2
28,2017,-29,29,1
28,2017,-25,-47,1
28,2017,-19,33,1
28,2017,-13,131,1
28,2017,-9,115,1
28,2017,7,79,1
28,2017,9,-83,4
28,2017,9,-81,3
28,2017,9,-79,3
28,2017,15,-97,13
28,2017,15,-93,1
28,2017,15,101,2
28,2017,17,-93,6
28,2017,19,-105,3
28,2017,19,-101,4
28,2017,19,-99,12
28,2017,19,-97,9
28,2017,19,-75,2
28,2017,19,-69,1
28,2017,19,-67,1
28,2017,19,-65,1
28,2017,19,-63,1
28,2017,21,-105,14
28,2017,21,-103,6
28,2017,21,-101,1
28,2017,21,-99,2
28,2017,21,-87,1
28,2017,21,-77,3
28,2017,23,-111,1
28,2017,23,-109,1
28,2017,23,-107,15
28,2017,23,-99,3
28,2017,23,113,2
28,2017,23,115,1
28,2017,23,121,1
28,2017,25,-111,1
28,2017,25,-101,2
28,2017,25,-97,4
28,2017,25,-81,7
28,2017,27,-109,1
28,2017,27,-99,2
28,2017,27,-97,13
28,2017,27,-83,6
28,2017,27,-81,4
28,2017,29,-99,2
28,2017,29,-97,2
28,2017,29,-95,3
28,2017,29,-91,1
28,2017,29,-83,1
28,2017,29,-81,3
28,2017,31,-99,5
28,2017,31,-97,53
28,2017,31,-95,2
28,2017,31,-91,1
28,2017,31,79,1
28,2017,33,-119,3
28,2017,33,-117,9
28,2017,33,-115,1
28,2017,33,-111,3
28,2017,33,-99,1
28,2017,33,-97,8
28,2017,33,-95,1
28,2017,35,-119,14
28,2017,35,-93,1
28,2017,35,-85,1
28,2017,37,-123,10
28,2017,37,-121,2
28,2017,39,-123,2
28,2017,39,-121,3
28,2017,41,-123,2
28,2017,47,-111,1
28,2018,-43,173,1
28,2018,-41,175,2
28,2018,-39,145,1
28,2018,-37,145,1
28,2018,-37,147,1
28,2018,-37,149,2
28,2018,-37,175,1
28,2018,-33,23,1
28,2018,-33,25,4
28,2018,-33,27,1
28,2018,-31,31,3
28,2018,-29,33,1
28,2018,-29,153,2
28,2018,-17,-63,1
28,2018,-7,39,1
28,2018,-1,-79,3
28,2018,-1,31,1
28,2018,1,103,7
28,2018,5,-73,1
28,2018,7,-75,1
28,2018,9,-85,1
28,2018,9,-83,3
28,2018,11,-85,1
28,2018,13,-87,5
28,2018,15,-97,5
28,2018,15,-93,1
28,2018,15,-91,19
28,2018,17,-97,2
28,2018,17,-93,2
28,2018,17,-89,1
28,2018,17,-67,3
28,2018,19,-103,1
28,2018,19,-101,5
28,2018,19,-99,6
28,2018,19,-97,6
28,2018,19,-75,2
28,2018,19,-71,1
28,2018,19,-67,1
28,2018,19,99,1
28,2018,19,109,2
28,2018,21,-105,11
28,2018,21,-101,4
28,2018,21,-97,1
28,2018,21,-87,9
28,2018,23,-107,2
28,2018,23,-105,3
28,2018,23,-79,5
28,2018,23,115,1
28,2018,25,-101,3
28,2018,25,-99,1
28,2018,25,-97,2
28,2018,25,-81,5
28,2018,27,-101,1
28,2018,27,-99,1
28,2018,27,-97,6
28,2018,27,-83,1
28,2018,27,-81,34
28,2018,29,-111,1
28,2018,29,-97,1
28,2018,29,-95,1
28,2018,29,-83,5
28,2018,29,-81,12
28,2018,29,-17,1
28,2018,31,-113,2
28,2018,31,-99,1
28,2018,31,-97,7
28,2018,31,-93,1
28,2018,33,-119,12
28,2018,33,-117,9
28,2018,33,-115,1
28,2018,33,-111,5
28,2018,33,-99,1
28,2018,33,-97,2
28,2018,33,35,1
28,2018,35,-121,1
28,2018,35,-119,43
28,2018,35,-117,1
28,2018,35,-115,1
28,2018,35,-107,1
28,2018,35,-83,3
28,2018,37,-123,53
28,2018,37,-121,13
28,2018,37,-119,1
28,2018,37,-115,1
28,2018,39,-123,22
28,2018,39,-121,6
28,2018,39,-9,1
35,2015,-41,175,2
35,2015,-39,175,1
35,2015,-31,31,2
35,2015,9,-83,1
35,2015,9,-81,1
35,2015,17,-93,2
35,2015,19,-101,1
35,2015,19,-99,21
35,2015,19,-97,2
35,2015,19,-95,1
35,2015,19,-71,1
35,2015,21,-105,26
35,2015,21,-103,1
35,2015,21,-101,2
35,2015,21,-89,1
35,2015,21,-87,1
35,2015,23,-107,5
35,2015,23,115,1
35,2015,27,-81,1
35,2015,29,-95,1
35,2015,29,-83,1
35,2015,29,-81,4
35,2015,31,-111,1
35,2015,31,-107,1
35,2015,31,-97,6
35,2015,31,-95,2
35,2015,33,-119,3
35,2015,33,-117,10
35,2015,33,-111,1
35,2015,33,-97,10
35,2015,33,-95,1
35,2015,35,-119,8
35,2015,37,-123,1
35,2015,37,-121,1
35,2015,37,-119,1
35,2015,37,-115,2
35,2016,-41,173,1
35,2016,-41,175,1
35,2016,-33,23,1
35,2016,-33,149,1
35,2016,-15,13,1
35,2016,-9,115,1
35,2016,9,-83,4
35,2016,11,-85,2
35,2016,15,-97,5
35,2016,15,-93,5
35,2016,17,-93,2
35,2016,19,-105,1
35,2016,19,-101,4
35,2016,19,-99,5
35,2016,19,-97,1
35,2016,19,-95,1
35,2016,19,-93,1
35,2016,19,-87,1
35,2016,19,73,1
35,2016,19,99,1
35,2016,21,-105,31
35,2016,21,-97,1
35,2016,21,-89,7
35,2016,23,-109,2
35,2016,23,-107,19
35,2016,23,115,1
35,2016,25,-81,26
35,2016,27,-99,2
35,2016,27,-97,3
35,2016,27,-81,13
35,2016,29,-99,1
35,2016,29,-97,5
35,2016,29,-95,3
35,2016,29,-81,1
35,2016,31,-99,1
35,2016,31,-97,14
35,2016,31,-93,1
35,2016,31,-85,1
35,2016,33,-119,5
35,2016,33,-117,10
35,2016,33,-111,3
35,2016,33,-109,2
35,2016,33,-97,11
35,2016,35,-121,3
35,2016,35,-119,7
35,2016,35,-117,1
35,2016,35,-115,1
35,2016,37,-123,10
35,2016,37,-121,14
35,2016,39,-123,3
35,2016,39,-77,1
35,2016,39,-1,1
35,2017,-41,175,2
35,2017,-25,29,1
35,2017,-25,31,1
35,2017,-9,115,4
35,2017,-7,107,1
35,2017,1,103,2
35,2017,3,99,2
35,2017,9,-83,2
35,2017,9,-79,8
35,2017,13,-59,1
35,2017,15,-97,2
35,2017,17,-97,2
35,2017,17,-93,4
35,2017,17,-67,1
35,2017,19,-105,5
35,2017,19,-101,6
35,2017,19,-99,36
35,2017,19,-97,3
35,2017,19,-75,6
35,2017,19,-65,2
35,2017,21,-105,14
35,2017,21,-101,2
35,2017,21,-99,9
35,2017,21,-89,1
35,2017,21,-87,1
35,2017,21,-77,1
35,2017,21,-75,2
35,2017,23,-105,1
35,2017,23,-101,1
35,2017,23,-99,10
35,2017,25,-111,2
35,2017,25,-101,1
35,2017,25,-81,4
35,2017,27,-109,1
35,2017,27,-101,1
35,2017,27,-99,45
35,2017,27,-97,45
35,2017,27,-83,3
35,2017,27,-81,3
35,2017,29,-101,1
35,2017,29,-99,9
35,2017,29,-97,19
35,2017,29,-95,11
35,2017,29,-81,10
35,2017,31,-111,3
35,2017,31,-109,1
35,2017,31,-107,1
35,2017,31,-99,17
35,2017,31,-97,37
35,2017,31,-95,14
35,2017,31,-91,1
35,2017,31,-89,3
35,2017,31,-87,1
35,2017,31,-85,1
35,2017,31,31,1
35,2017,31,79,1
35,2017,33,-119,3
35,2017,33,-117,10
35,2017,33,-111,1
35,2017,33,-97,14
35,2017,33,-95,3
35,2017,35,-119,9
35,2017,35,-117,7
35,2017,37,-123,6
35,2017,37,-121,2
35,2017,37,-115,1
35,2017,37,-77,1
35,2017,39,-123,3
35,2017,39,-93,1
35,2017,39,-77,1
35,2017,47,-119,1
35,2017,47,11,1
35,2018,-41,175,1
35,2018,-37,145,1
35,2018,-35,23,2
35,2018,-33,23,1
35,2018,-29,31,2
35,2018,-27,153,1
35,2018,-9,13,1
35,2018,1,103,2
35,2018,9,-83,3
35,2018,9,-79,6
35,2018,11,-85,7
35,2018,11,77,1
35,2018,11,99,1
35,2018,13,-87,3
35,2018,13,-85,1
35,2018,15,-97,34
35,2018,15,-91,4
35,2018,15,-87,1
35,2018,15,-61,1
35,2018,17,-97,1
35,2018,17,-93,6
35,2018,17,73,1
35,2018,19,-103,1
35,2018,19,-101,7
35,2018,19,-99,9
35,2018,19,-97,12
35,2018,19,-95,1
35,2018,19,-93,2
35,2018,19,-71,1
35,2018,19,-69,2
35,2018,19,-67,1
35,2018,19,-65,1
35,2018,19,109,4
35,2018,21,-105,14
35,2018,21,-103,6
35,2018,21,-101,7
35,2018,21,-99,2
35,2018,21,-97,1
35,2018,21,-87,3
35,2018,23,-107,9
35,2018,23,-105,2
35,2018,23,-101,1
35,2018,25,-101,10
35,2018,25,-97,1
35,2018,25,-81,20
35,2018,25,-77,1
35,2018,25,93,1
35,2018,27,-99,6
35,2018,27,-97,5
35,2018,27,-83,3
35,2018,27,-81,14
35,2018,27,-77,3
35,2018,29,-111,3
35,2018,29,-97,1
35,2018,29,-91,1
35,2018,29,-83,10
35,2018,29,-81,10
35,2018,31,-107,3
35,2018,31,-97,8
35,2018,33,-119,14
35,2018,33,-117,9
35,2018,33,-113,2
35,2018,33,-111,5
35,2018,33,-97,5
35,2018,35,-121,1
35,2018,35,-119,26
35,2018,35,-117,6
35,2018,37,-123,71
35,2018,37,-121,66
35,2018,37,-119,1
35,2018,37,-115,2
35,2018,39,-123,30
35,2018,39,-121,7
35,2018,39,-75,1
35,2018,41,-123,1
42,2015,-43,173,1
42,2015,-41,175,1
42,2015,-39,175,1
42,2015,-35,19,1
42,2015,-33,23,1
42,2015,-31,31,1
42,2015,-23,145,1
42,2015,-13,29,1
42,2015,9,-83,1
42,2015,17,-95,2
42,2015,17,-67,1
42,2015,19,-99,6
42,2015,19,-97,1
42,2015,19,-67,2
42,2015,21,-105,6
42,2015,21,-101,1
42,2015,21,-99,2
42,2015,21,-91,5
42,2015,21,-89,6
42,2015,23,-107,13
42,2015,23,-83,3
42,2015,25,-81,8
42,2015,27,-83,1
42,2015,27,-81,1
42,2015,29,-103,1
42,2015,29,-101,2
42,2015,29,-95,2
42,2015,29,-83,1
42,2015,29,-81,2
42,2015,31,-97,3
42,2015,31,-95,1
42,2015,33,-119,9
42,2015,33,-117,10
42,2015,33,-113,1
42,2015,33,-111,1
42,2015,33,-97,10
42,2015,35,-119,6
42,2015,37,-123,12
42,2015,37,-121,5
42,2015,37,-9,1
42,2015,39,-123,3
42,2015,39,-121,2
42,2015,41,-125,2
42,2016,-43,171,1
42,2016,-41,147,1
42,2016,-39,175,1
42,2016,-39,177,1
42,2016,-21,31,1
42,2016,9,-83,2
42,2016,9,-81,1
42,2016,9,77,1
42,2016,13,77,4
42,2016,17,-95,1
42,2016,17,-93,3
42,2016,19,-101,5
42,2016,19,-99,6
42,2016,19,-97,3
42,2016,19,-95,4
42,2016,19,99,1
42,2016,21,-157,1
42,2016,21,-105,23
42,2016,21,-103,7
42,2016,21,-101,3
42,2016,21,-99,2
42,2016,21,-97,2
42,2016,21,-89,1
42,2016,21,-77,3
42,2016,23,-107,11
42,2016,23,-83,2
42,2016,23,-81,2
42,2016,25,-103,1
42,2016,25,-101,2
42,2016,25,-97,1
42,2016,25,-81,1
42,2016,27,-99,5
42,2016,27,-97,5
42,2016,27,-81,1
42,2016,29,-99,1
42,2016,29,-95,3
42,2016,29,-91,1
42,2016,29,-83,1
42,2016,31,-101,1
42,2016,31,-99,1
42,2016,31,-97,14
42,2016,31,-95,2
42,2016,31,-91,1
42,2016,33,-119,1
42,2016,33,-117,27
42,2016,33,-97,24
42,2016,33,-81,1
42,2016,33,35,1
42,2016,35,-121,3
42,2016,35,-119,8
42,2016,35,-117,4
42,2016,37,-123,12
42,2016,37,-121,27
42,2016,37,-117,2
42,2016,37,-115,1
42,2016,39,-123,11
42,2016,39,-121,2
42,2016,39,27,1
42,2016,41,-125,1
42,2016,41,3,1
42,2016,43,9,1
42,2017,-41,175,3
42,2017,-39,175,1
42,2017,-31,31,1
42,2017,-9,115,2
42,2017,1,103,1
42,2017,9,-79,6
42,2017,9,-77,2
42,2017,13,-59,2
42,2017,15,-97,3
42,2017,15,-95,4
42,2017,17,-97,3
42,2017,17,-93,6
42,2017,17,-91,1
42,2017,17,-89,2
42,2017,17,-63,2
42,2017,19,-103,1
42,2017,19,-101,4
42,2017,19,-99,21
42,2017,19,-97,6
42,2017,19,-95,1
42,2017,19,-75,4
42,2017,19,-71,2
42,2017,19,-63,3
42,2017,19,109,1
42,2017,21,-105,14
42,2017,21,-103,3
42,2017,21,-101,2
42,2017,21,-99,6
42,2017,21,-89,1
42,2017,21,-81,1
42,2017,21,-75,9
42,2017,23,-107,5
42,2017,23,-105,8
42,2017,23,-83,13
42,2017,23,-81,5
42,2017,23,87,1
42,2017,23,113,1
42,2017,23,115,3
42,2017,25,-101,2
42,2017,25,-97,1
42,2017,25,-81,55
42,2017,27,-99,24
42,2017,27,-97,19
42,2017,27,-83,6
42,2017,27,-81,6
42,2017,29,-107,1
42,2017,29,-99,3
42,2017,29,-97,20
42,2017,29,-95,3
42,2017,29,-83,1
42,2017,29,-81,3
42,2017,31,-103,1
42,2017,31,-101,1
42,2017,31,-99,10
42,2017,31,-97,87
42,2017,31,-95,21
42,2017,31,-93,1
42,2017,31,-91,1
42,2017,31,-87,1
42,2017,31,-85,1
42,2017,33,-119,4
42,2017,33,-117,13
42,2017,33,-111,5
42,2017,33,-97,29
42,2017,33,-95,1
42,2017,33,-93,1
42,2017,35,-121,1
42,2017,35,-119,15
42,2017,35,-117,4
42,2017,35,-95,2
42,2017,35,-89,2
42,2017,35,-83,1
42,2017,35,-79,1
42,2017,35,-77,1
42,2017,37,-123,24
42,2017,37,-121,7
42,2017,37,-115,1
42,2017,37,-97,1
42,2017,37,-77,1
42,2017,39,-123,18
42,2017,39,-121,1
42,2017,39,-105,2
42,2017,39,-85,1
42,2017,41,-111,1
42,2017,41,-87,1
42,2017,43,-1,1
42,2017,45,-123,1
42,2017,47,9,1
42,2018,-43,173,1
42,2018,-41,175,3
42,2018,-39,175,1
42,2018,-37,139,2
42,2018,-37,145,2
42,2018,-37,147,3
42,2018,-37,175,1
42,2018,-33,23,1
42,2018,-31,153,1
42,2018,-29,-51,1
42,2018,-29,31,1
42,2018,-29,153,1
42,2018,1,103,5
42,2018,7,-75,1
42,2018,9,-83,1
42,2018,11,-85,2
42,2018,15,-97,4
42,2018,15,-87,1
42,2018,15,77,1
42,2018,17,-97,6
42,2018,17,-93,5
42,2018,17,-89,1
42,2018,17,-63,1
42,2018,19,-105,2
42,2018,19,-103,2
42,2018,19,-101,3
42,2018,19,-99,12
42,2018,19,-97,7
42,2018,19,-89,2
42,2018,19,-65,1
42,2018,19,109,2
42,2018,21,-105,12
42,2018,21,-103,5
42,2018,21,-101,1
42,2018,21,-99,1
42,2018,21,-97,1
42,2018,21,-87,7
42,2018,23,-107,14
42,2018,23,-105,1
42,2018,23,115,2
42,2018,25,-101,9
42,2018,25,-97,1
42,2018,25,-81,9
42,2018,25,57,1
42,2018,27,-101,1
42,2018,27,-99,6
42,2018,27,-97,3
42,2018,27,-83,3
42,2018,27,-81,22
42,2018,29,-111,4
42,2018,29,-109,1
42,2018,29,-103,3
42,2018,29,-99,7
42,2018,29,-95,3
42,2018,29,-91,2
42,2018,29,-83,27
42,2018,29,-81,18
42,2018,29,-13,1
42,2018,31,-107,1
42,2018,31,-105,3
42,2018,31,-103,1
42,2018,31,-99,4
42,2018,31,-95,2
42,2018,31,-93,1
42,2018,31,-89,3
42,2018,33,-119,7
42,2018,33,-117,20
42,2018,33,-113,1
42,2018,33,-111,13
42,2018,33,-97,4
42,2018,33,-87,1
42,2018,33,-81,2
42,2018,35,-121,4
42,2018,35,-119,24
42,2018,35,-117,8
42,2018,35,-99,1
42,2018,35,-83,1
42,2018,37,-123,42
42,2018,37,-121,31
42,2018,37,-119,3
42,2018,37,-115,3
42,2018,37,-95,1
42,2018,37,-93,1
42,2018,37,-87,1
42,2018,39,-123,22
42,2018,39,-121,7
42,2018,39,-79,1
42,2018,39,-77,1
42,2018,39,-3,1
42,2018,39,25,1
42,2018,41,-123,2
42,2018,43,-81,1
42,2018,43,-73,1
42,2018,45,-73,1
49,2015,-27,23,1
49,2015,-19,147,1
49,2015,9,-83,1
49,2015,11,-85,1
49,2015,17,-93,1
49,2015,17,-89,4
49,2015,19,-105,1
49,2015,19,-103,1
49,2015,19,-99,9
49,2015,19,-97,3
49,2015,19,-71,4
49,2015,21,-105,13
49,2015,21,-99,2
49,2015,21,73,1
49,2015,23,-107,16
49,2015,25,-97,1
49,2015,25,-81,3
49,2015,27,-101,3
49,2015,27,-97,3
49,2015,29,-99,3
49,2015,29,-97,2
49,2015,29,-95,1
49,2015,29,-83,2
49,2015,31,-111,2
49,2015,31,-99,1
49,2015,31,-97,3
49,2015,31,-95,7
49,2015,33,-119,7
49,2015,33,-117,3
49,2015,33,-115,1
49,2015,33,-111,1
49,2015,33,-97,3
49,2015,35,-119,7
49,2015,37,-123,12
49,2015,37,-121,2
49,2015,37,-115,1
49,2015,37,-5,1
49,2015,39,-123,7
49,2016,-43,173,2
49,2016,-41,175,1
49,2016,-39,175,1
49,2016,-37,177,1
49,2016,-35,23,1
49,2016,-35,151,1
49,2016,-33,149,1
49,2016,7,101,1
49,2016,9,-85,2
49,2016,9,-83,6
49,2016,9,-79,2
49,2016,13,77,2
49,2016,15,-97,3
49,2016,17,-93,4
49,2016,19,-105,2
49,2016,19,-101,8
49,2016,19,-99,2
49,2016,19,-97,1
49,2016,19,-95,1
49,2016,21,-105,28
49,2016,21,-99,1
49,2016,21,-87,1
49,2016,21,-77,1
49,2016,23,-109,4
49,2016,23,-107,8
49,2016,23,-99,1
49,2016,23,-81,2
49,2016,25,-101,1
49,2016,25,-81,4
49,2016,27,-109,2
49,2016,27,-99,9
49,2016,27,-81,8
49,2016,29,-99,8
49,2016,29,-95,5
49,2016,29,-83,1
49,2016,29,-81,1
49,2016,31,-111,3
49,2016,31,-97,10
49,2016,31,-91,1
49,2016,33,-117,11
49,2016,33,-111,9
49,2016,33,-109,6
49,2016,33,-97,11
49,2016,33,-95,2
49,2016,35,-121,7
49,2016,35,-119,17
49,2016,35,-117,2
49,2016,35,-95,1
49,2016,35,-93,1
49,2016,35,-89,1
49,2016,37,-123,25
49,2016,37,-121,26
49,2016,37,-115,1
49,2016,37,-109,1
49,2016,37,-97,1
49,2016,37,-5,1
49,2016,39,-123,10
49,2016,39,13,1
49,2016,41,17,2
49,2016,41,23,1
49,2016,49,-123,1
49,2017,-41,175,1
49,2017,-39,177,1
49,2017,-33,19,2
49,2017,-33,23,1
49,2017,-33,25,1
49,2017,-31,29,1
49,2017,-31,31,1
49,2017,-27,29,1
49,2017,-9,115,1
49,2017,9,-79,2
49,2017,15,-97,5
49,2017,15,-93,2
49,2017,15,-89,5
49,2017,15,-87,2
49,2017,17,-95,1
49,2017,17,-93,21
49,2017,17,-91,2
49,2017,17,-89,9
49,2017,17,-63,3
49,2017,19,-115,1
49,2017,19,-105,1
49,2017,19,-101,1
49,2017,19,-99,28
49,2017,19,-97,4
49,2017,19,-95,1
49,2017,19,-93,2
49,2017,19,-75,1
49,2017,19,-67,1
49,2017,19,-65,2
49,2017,19,-63,3
49,2017,19,109,1
49,2017,21,-105,8
49,2017,21,-101,1
49,2017,21,-99,1
49,2017,21,-97,1
49,2017,21,-87,2
49,2017,21,-79,1
49,2017,21,-73,1
49,2017,23,-109,1
49,2017,23,-107,21
49,2017,23,-81,2
49,2017,23,-79,2
49,2017,23,115,3
49,2017,23,121,1
49,2017,25,-101,6
49,2017,25,-81,7
49,2017,27,-99,17
49,2017,27,-97,43
49,2017,27,-83,8
49,2017,27,-81,20
49,2017,29,-103,3
49,2017,29,-101,2
49,2017,29,-99,4
49,2017,29,-97,15
49,2017,29,-95,8
49,2017,29,-85,1
49,2017,29,-83,1
49,2017,29,-81,4
49,2017,29,-15,1
49,2017,31,-101,2
49,2017,31,-99,5
49,2017,31,-97,128
49,2017,31,-95,18
49,2017,31,-91,3
49,2017,31,-87,1
49,2017,31,-85,7
49,2017,31,-83,1
49,2017,33,-119,12
49,2017,33,-117,20
49,2017,33,-115,1
49,2017,33,-111,8
49,2017,33,-103,1
49,2017,33,-101,2
49,2017,33,-99,1
49,2017,33,-97,48
49,2017,33,-95,8
49,2017,33,-93,1
49,2017,33,-87,2
49,2017,33,-81,3
49,2017,35,-121,2
49,2017,35,-119,7
49,2017,35,-117,7
49,2017,35,-95,12
49,2017,35,-93,2
49,2017,35,-89,1
49,2017,35,-85,3
49,2017,35,-83,2
49,2017,35,-81,2
49,2017,35,-77,3
49,2017,37,-123,8
49,2017,37,-121,1
49,2017,37,-95,2
49,2017,37,-77,3
49,2017,37,-5,1
49,2017,39,-123,9
49,2017,39,-121,2
49,2017,39,-85,1
49,2017,39,-79,2
49,2017,39,-77,7
49,2017,39,-9,1
49,2017,41,-125,1
49,2017,41,-97,1
49,2017,41,-89,1
49,2017,41,-83,1
49,2017,41,-79,1
49,2017,41,-75,1
49,2017,41,-73,1
49,2017,43,-91,1
49,2017,43,-83,1
49,2017,43,-79,1
49,2017,43,-71,1
49,2018,-43,173,5
49,2018,-39,175,2
49,2018,-37,147,1
49,2018,-37,149,1
49,2018,-37,175,1
49,2018,-33,23,3
49,2018,-27,33,2
49,2018,-23,33,1
49,2018,-21,17,1
49,2018,-17,25,1
49,2018,-11,15,1
49,2018,-3,37,2
49,2018,1,103,1
49,2018,7,-75,2
49,2018,9,-83,4
49,2018,9,-79,2
49,2018,11,-85,1
49,2018,13,-87,4
49,2018,15,-97,7
49,2018,15,-91,25
49,2018,15,-61,2
49,2018,17,-97,2
49,2018,17,-93,12
49,2018,19,-103,3
49,2018,19,-101,2
49,2018,19,-99,10
49,2018,19,-97,9
49,2018,19,-93,1
49,2018,19,-89,7
49,2018,19,-87,1
49,2018,19,-77,4
49,2018,19,-75,2
49,2018,21,-105,22
49,2018,21,-103,1
49,2018,21,-101,4
49,2018,21,-99,3
49,2018,21,-87,10
49,2018,23,-111,1
49,2018,23,-109,3
49,2018,23,-107,3
49,2018,23,-83,1
49,2018,23,-79,1
49,2018,23,115,1
49,2018,25,-103,3
49,2018,25,-101,13
49,2018,25,-97,3
49,2018,25,-81,10
49,2018,27,-101,1
49,2018,27,-99,39
49,2018,27,-97,9
49,2018,27,-83,8
49,2018,27,-81,24
49,2018,29,-99,5
49,2018,29,-97,3
49,2018,29,-95,1
49,2018,29,-83,37
49,2018,29,-81,30
49,2018,31,-111,2
49,2018,31,-103,2
49,2018,31,-101,1
49,2018,31,-97,7
49,2018,31,-95,1
49,2018,31,-93,1
49,2018,31,-91,1
49,2018,31,-89,2
49,2018,31,-87,1
49,2018,31,-85,1
49,2018,33,-119,8
49,2018,33,-117,14
49,2018,33,-111,9
49,2018,33,-97,3
49,2018,33,-89,3
49,2018,33,-85,4
49,2018,33,-81,6
49,2018,35,-121,1
49,2018,35,-119,11
49,2018,35,-117,1
49,2018,35,-89,1
49,2018,35,-87,2
49,2018,35,-83,1
49,2018,35,-81,5
49,2018,35,-79,4
49,2018,37,-123,25
49,2018,37,-121,11
49,2018,37,-79,2
49,2018,37,-77,2
49,2018,37,-5,1
49,2018,37,13,1
49,2018,37,27,1
49,2018,39,-123,9
49,2018,39,-121,4
49,2018,39,-77,2
49,2018,39,-75,1
49,2018,39,25,1
49,2018,39,27,2
49,2018,41,-123,1
49,2018,41,-77,1
56,2015,-45,171,1
56,2015,-43,173,17
56,2015,-29,25,1
56,2015,-25,29,1
56,2015,-19,147,4
56,2015,9,-85,1
56,2015,11,-85,3
56,2015,13,75,1
56,2015,15,-97,6
56,2015,17,-97,1
56,2015,17,-89,2
56,2015,19,-105,1
56,2015,19,-101,3
56,2015,19,-99,12
56,2015,19,-97,2
56,2015,19,-95,2
56,2015,19,99,1
56,2015,21,-105,17
56,2015,23,-107,12
56,2015,25,-81,2
56,2015,29,-111,1
56,2015,29,-107,1
56,2015,29,-95,1
56,2015,31,-97,1
56,2015,31,-87,1
56,2015,33,-119,2
56,2015,33,-117,4
56,2015,35,-119,8
56,2015,37,-123,17
56,2015,37,-121,40
56,2015,37,-115,2
56,2015,37,-7,2
56,2015,39,-123,14
56,2015,39,-121,4
56,2016,-43,173,24
56,2016,-41,173,1
56,2016,-39,175,1
56,2016,-35,-59,1
56,2016,-35,23,1
56,2016,-31,31,1
56,2016,11,-85,7
56,2016,11,-83,1
56,2016,13,99,2
56,2016,17,-97,1
56,2016,17,-89,2
56,2016,19,-101,2
56,2016,19,-99,3
56,2016,19,-97,1
56,2016,19,-95,1
56,2016,21,-157,1
56,2016,21,-105,25
56,2016,21,-103,1
56,2016,21,-101,2
56,2016,21,-87,1
56,2016,21,-77,3
56,2016,23,-107,11
56,2016,23,121,1
56,2016,25,-101,5
56,2016,25,-81,6
56,2016,27,-99,3
56,2016,27,-97,2
56,2016,27,-83,3
56,2016,27,-81,2
56,2016,29,-101,1
56,2016,29,-99,1
56,2016,29,-97,10
56,2016,29,-95,2
56,2016,29,-91,1
56,2016,29,-81,2
56,2016,31,-99,1
56,2016,31,-97,36
56,2016,31,-95,3
56,2016,31,-89,1
56,2016,33,-117,40
56,2016,33,-111,4
56,2016,33,-109,6
56,2016,33,-97,40
56,2016,33,-95,2
56,2016,33,-89,1
56,2016,35,-119,14
56,2016,35,-117,5
56,2016,35,-115,1
56,2016,35,-107,1
56,2016,35,-93,1
56,2016,35,-89,1
56,2016,35,-87,1
56,2016,35,-83,1
56,2016,37,-123,40
56,2016,37,-121,28
56,2016,37,-117,2
56,2016,37,-77,1
56,2016,37,-9,1
56,2016,39,-123,5
56,2016,39,-121,4
56,2016,39,-79,1
56,2016,39,-77,2
56,2016,39,23,1
56,2016,39,27,1
56,2016,41,-123,1
56,2016,45,-123,1
56,2016,45,11,2
56,2016,47,-123,1
56,2017,-43,173,13
56,2017,-41,175,1
56,2017,-37,175,1
56,2017,-35,25,1
56,2017,-33,23,1
56,2017,-29,25,1
56,2017,-23,-47,1
56,2017,3,101,1
56,2017,9,-79,2
56,2017,11,-85,3
56,2017,13,-87,2
56,2017,15,-97,1
56,2017,15,-93,1
56,2017,17,-99,1
56,2017,17,-97,1
56,2017,17,-95,2
56,2017,17,-93,17
56,2017,19,-157,1
56,2017,19,-105,2
56,2017,19,-101,5
56,2017,19,-99,20
56,2017,19,-97,11
56,2017,19,-95,3
56,2017,19,-89,1
56,2017,19,-75,2
56,2017,19,-69,1
56,2017,19,99,2
56,2017,21,-105,26
56,2017,21,-103,9
56,2017,21,-101,1
56,2017,21,-99,14
56,2017,21,-97,3
56,2017,21,-77,4
56,2017,23,-111,2
56,2017,23,-107,6
56,2017,23,-81,5
56,2017,23,113,4
56,2017,23,115,2
56,2017,25,-103,1
56,2017,25,-101,15
56,2017,25,-97,12
56,2017,25,-81,20
56,2017,27,-111,2
56,2017,27,-99,4
56,2017,27,-97,23
56,2017,27,-83,8
56,2017,27,-81,1
56,2017,27,-77,1
56,2017,29,-111,1
56,2017,29,-107,2
56,2017,29,-103,8
56,2017,29,-101,11
56,2017,29,-99,1
56,2017,29,-97,6
56,2017,29,-95,8
56,2017,29,-91,12
56,2017,29,-83,2
56,2017,29,-81,4
56,2017,31,-107,1
56,2017,31,-99,11
56,2017,31,-97,101
56,2017,31,-95,22
56,2017,31,-91,8
56,2017,31,-89,2
56,2017,31,-87,1
56,2017,31,-85,1
56,2017,31,-81,1
56,2017,33,-119,3
56,2017,33,-117,19
56,2017,33,-115,3
56,2017,33,-111,4
56,2017,33,-101,1
56,2017,33,-97,50
56,2017,33,-95,4
56,2017,33,-93,2
56,2017,33,-89,1
56,2017,33,-87,1
56,2017,33,-83,2
56,2017,33,-81,1
56,2017,35,-119,23
56,2017,35,-117,6
56,2017,35,-115,1
56,2017,35,-95,9
56,2017,35,-91,1
56,2017,35,-83,3
56,2017,35,-81,6
56,2017,35,-77,2
56,2017,37,-123,22
56,2017,37,-121,17
56,2017,37,-77,2
56,2017,39,-123,13
56,2017,39,-121,4
56,2017,39,-77,1
56,2017,39,-9,1
56,2017,41,-75,1
56,2017,45,7,1
56,2017,45,11,1
56,2018,-43,173,17
56,2018,-41,175,3
56,2018,-39,143,1
56,2018,-39,175,2
56,2018,-39,177,1
56,2018,-37,145,1
56,2018,-37,147,1
56,2018,-33,23,2
56,2018,-33,27,1
56,2018,-31,31,1
56,2018,-31,153,1
56,2018,-27,33,2
56,2018,-25,29,1
56,2018,-23,-47,1
56,2018,-9,13,1
56,2018,-9,115,1
56,2018,-1,101,1
56,2018,1,103,3
56,2018,7,101,1
56,2018,9,-85,1
56,2018,9,-83,2
56,2018,9,-81,1
56,2018,11,-85,14
56,2018,11,-83,3
56,2018,13,-87,6
56,2018,15,-97,6
56,2018,15,-91,2
56,2018,17,-97,2
56,2018,17,-95,1
56,2018,17,-93,13
56,2018,17,-91,29
56,2018,17,-89,5
56,2018,19,-103,3
56,2018,19,-101,7
56,2018,19,-99,12
56,2018,19,-97,6
56,2018,19,-93,1
56,2018,19,-89,1
56,2018,19,-75,4
56,2018,19,-71,2
56,2018,19,73,1
56,2018,19,109,2
56,2018,21,-105,6
56,2018,21,-103,2
56,2018,21,-101,2
56,2018,21,-99,4
56,2018,21,-89,1
56,2018,21,-87,3
56,2018,21,81,2
56,2018,23,-107,8
56,2018,23,113,1
56,2018,23,115,3
56,2018,25,-113,1
56,2018,25,-101,23
56,2018,25,-97,1
56,2018,25,-81,13
56,2018,25,93,3
56,2018,27,-101,1
56,2018,27,-99,33
56,2018,27,-97,14
56,2018,27,-83,1
56,2018,27,-81,28
56,2018,29,-103,2
56,2018,29,-101,4
56,2018,29,-99,11
56,2018,29,-97,12
56,2018,29,-95,18
56,2018,29,-91,9
56,2018,29,-89,1
56,2018,29,-83,35
56,2018,29,-81,23
56,2018,31,-113,3
56,2018,31,-111,3
56,2018,31,-105,1
56,2018,31,-101,1
56,2018,31,-99,14
56,2018,31,-97,26
56,2018,31,-95,7
56,2018,31,-91,4
56,2018,31,-89,3
56,2018,31,-87,1
56,2018,31,-85,9
56,2018,31,-83,1
56,2018,31,-81,1
56,2018,33,-119,3
56,2018,33,-117,21
56,2018,33,-113,1
56,2018,33,-111,4
56,2018,33,-99,3
56,2018,33,-97,30
56,2018,33,-95,3
56,2018,33,-93,7
56,2018,33,-87,3
56,2018,33,-85,3
56,2018,33,-83,1
56,2018,33,-81,6
56,2018,33,35,1
56,2018,35,-121,1
56,2018,35,-119,14
56,2018,35,-117,2
56,2018,35,-115,1
56,2018,35,-95,1
56,2018,35,-89,2
56,2018,35,-87,3
56,2018,35,-85,1
56,2018,35,-83,1
56,2018,35,-81,4
56,2018,35,-79,2
56,2018,35,-77,1
56,2018,37,-123,11
56,2018,37,-121,8
56,2018,37,-109,1
56,2018,37,-93,2
56,2018,37,-89,4
56,2018,37,-77,1
56,2018,39,-123,16
56,2018,39,-121,2
56,2018,39,-85,1
56,2018,39,-77,3
56,2018,39,-75,1
56,2018,41,-105,3
56,2018,41,-87,1
56,2018,41,-83,1
56,2018,41,-81,1
56,2018,41,-79,1
56,2018,43,-123,1
56,2018,43,-71,1
63,2015,-45,169,1
63,2015,-43,173,33
63,2015,-39,175,1
63,2015,9,-85,2
63,2015,9,-83,2
63,2015,11,-85,1
63,2015,11,-83,1
63,2015,17,-95,3
63,2015,17,-93,6
63,2015,17,-89,6
63,2015,19,-99,3
63,2015,19,-97,3
63,2015,19,-93,3
63,2015,19,-91,1
63,2015,19,-71,1
63,2015,19,-67,2
63,2015,19,81,1
63,2015,21,-105,21
63,2015,23,-107,28
63,2015,23,115,1
63,2015,25,-81,3
63,2015,25,57,1
63,2015,27,-99,1
63,2015,27,-97,1
63,2015,27,-81,1
63,2015,29,-99,1
63,2015,29,-97,3
63,2015,29,-81,5
63,2015,31,-117,1
63,2015,31,-111,1
63,2015,31,-97,1
63,2015,33,-119,5
63,2015,33,-117,19
63,2015,33,-111,6
63,2015,33,-99,1
63,2015,33,-97,1
63,2015,33,-93,1
63,2015,35,-119,13
63,2015,35,-117,1
63,2015,37,-123,44
63,2015,37,-121,16
63,2015,37,-117,1
63,2015,39,-123,13
63,2015,39,-121,12
63,2015,41,-123,2
63,2015,41,-83,2
63,2015,41,3,1
63,2015,43,3,2
63,2016,-43,173,16
63,2016,-41,175,3
63,2016,-37,175,1
63,2016,-33,29,2
63,2016,-17,29,1
63,2016,9,-85,1
63,2016,9,-83,1
63,2016,11,-85,6
63,2016,17,-97,1
63,2016,17,-93,2
63,2016,17,-89,2
63,2016,19,-103,1
63,2016,19,-101,1
63,2016,19,-99,3
63,2016,19,-97,4
63,2016,19,-95,2
63,2016,19,99,1
63,2016,21,-105,2
63,2016,21,-103,5
63,2016,21,-101,1
63,2016,21,-99,7
63,2016,23,-107,19
63,2016,23,-101,1
63,2016,23,-75,1
63,2016,23,115,1
63,2016,23,121,1
63,2016,25,-101,6
63,2016,25,-81,2
63,2016,27,-99,6
63,2016,27,-81,3
63,2016,29,-101,3
63,2016,29,-99,1
63,2016,29,-97,2
63,2016,29,-95,3
63,2016,29,-81,1
63,2016,29,-13,1
63,2016,31,-109,1
63,2016,31,-99,18
63,2016,31,-97,20
63,2016,31,-95,6
63,2016,31,-91,1
63,2016,31,-87,2
63,2016,31,-85,1
63,2016,33,-119,4
63,2016,33,-117,13
63,2016,33,-111,8
63,2016,33,-109,1
63,2016,33,-97,38
63,2016,33,-95,4
63,2016,33,-93,4
63,2016,33,35,1
63,2016,35,-121,4
63,2016,35,-119,7
63,2016,35,-101,1
63,2016,35,-95,1
63,2016,35,-93,2
63,2016,37,-123,15
63,2016,37,-121,8
63,2016,37,-117,1
63,2016,37,-77,1
63,2016,37,-9,2
63,2016,39,-123,1
63,2016,39,-121,1
63,2016,39,-85,1
63,2016,39,-77,2
63,2016,39,-75,1
63,2016,41,-123,1
63,2016,41,-87,1
63,2016,41,-85,1
63,2016,41,-79,1
63,2016,41,-75,3
63,2016,41,23,1
63,2017,-43,173,44
63,2017,-27,27,1
63,2017,-27,29,2
63,2017,-25,29,1
63,2017,-9,115,2
63,2017,9,-83,1
63,2017,9,-79,1
63,2017,11,-85,3
63,2017,15,-97,2
63,2017,17,-95,1
63,2017,17,-93,19
63,2017,17,-89,1
63,2017,19,-157,1
63,2017,19,-155,1
63,2017,19,-101,2
63,2017,19,-99,16
63,2017,19,-97,9
63,2017,19,-95,4
63,2017,19,-89,1
63,2017,19,-75,3
63,2017,19,73,2
63,2017,19,109,1
63,2017,21,-105,21
63,2017,21,-101,3
63,2017,21,-99,1
63,2017,21,-89,3
63,2017,21,-77,5
63,2017,21,73,2
63,2017,23,-107,8
63,2017,23,-105,5
63,2017,23,-101,1
63,2017,23,-99,2
63,2017,23,-79,1
63,2017,23,73,1
63,2017,23,115,3
63,2017,25,-107,1
63,2017,25,-101,14
63,2017,25,-99,1
63,2017,25,-81,8
63,2017,27,-109,15
63,2017,27,-103,1
63,2017,27,-101,2
63,2017,27,-99,11
63,2017,27,-97,7
63,2017,27,-83,5
63,2017,27,-81,43
63,2017,29,-109,1
63,2017,29,-107,1
63,2017,29,-101,6
63,2017,29,-99,1
63,2017,29,-97,12
63,2017,29,-95,3
63,2017,29,-91,2
63,2017,29,-83,13
63,2017,29,-81,11
63,2017,31,-109,1
63,2017,31,-107,5
63,2017,31,-103,2
63,2017,31,-99,20
63,2017,31,-97,69
63,2017,31,-95,10
63,2017,31,-91,3
63,2017,31,-89,8
63,2017,31,-87,1
63,2017,31,-85,1
63,2017,31,-81,1
63,2017,33,-119,6
63,2017,33,-117,21
63,2017,33,-115,1
63,2017,33,-113,1
63,2017,33,-111,7
63,2017,33,-105,3
63,2017,33,-99,10
63,2017,33,-97,49
63,2017,33,-95,12
63,2017,33,-87,2
63,2017,33,-85,1
63,2017,33,-81,15
63,2017,35,-121,1
63,2017,35,-119,17
63,2017,35,-117,8
63,2017,35,-107,1
63,2017,35,-97,1
63,2017,35,-95,18
63,2017,35,-93,3
63,2017,35,-85,5
63,2017,35,-83,8
63,2017,35,-81,5
63,2017,35,-79,4
63,2017,37,-123,18
63,2017,37,-121,13
63,2017,37,-115,1
63,2017,37,-87,1
63,2017,37,-79,4
63,2017,37,-77,5
63,2017,37,-5,1
63,2017,39,-123,18
63,2017,39,-121,3
63,2017,39,-105,1
63,2017,39,-89,1
63,2017,39,-83,1
63,2017,39,-77,5
63,2017,41,-97,1
63,2017,41,-89,1
63,2017,41,-75,1
63,2017,41,-71,1
63,2017,43,-1,2
63,2017,45,1,2
63,2017,45,9,2
63,2017,45,11,1
63,2017,47,-71,1
63,2017,53,7,1
63,2017,53,23,1
63,2018,-45,169,1
63,2018,-45,171,1
63,2018,-43,173,13
63,2018,-39,177,2
63,2018,-37,145,2
63,2018,-33,23,2
63,2018,-31,27,1
63,2018,1,103,2
63,2018,5,-75,1
63,2018,9,-85,5
63,2018,9,-81,4
63,2018,9,-79,3
63,2018,11,-85,5
63,2018,13,-87,1
63,2018,15,-97,5
63,2018,15,-93,5
63,2018,15,-87,4
63,2018,15,-61,3
63,2018,17,-97,7
63,2018,17,-93,6
63,2018,17,-91,9
63,2018,17,-89,10
63,2018,17,-77,1
63,2018,17,-63,6
63,2018,19,-101,17
63,2018,19,-99,21
63,2018,19,-97,7
63,2018,19,-93,10
63,2018,19,-91,4
63,2018,19,-89,8
63,2018,19,-77,12
63,2018,19,-75,3
63,2018,19,99,1
63,2018,21,-157,2
63,2018,21,-105,6
63,2018,21,-103,1
63,2018,21,-101,4
63,2018,21,-99,18
63,2018,21,-97,2
63,2018,21,-89,6
63,2018,21,-87,3
63,2018,23,-111,1
63,2018,23,-109,4
63,2018,23,-107,19
63,2018,23,-101,2
63,2018,23,-99,6
63,2018,23,87,1
63,2018,23,115,7
63,2018,25,-107,1
63,2018,25,-103,2
63,2018,25,-101,12
63,2018,25,-99,1
63,2018,25,-81,9
63,2018,25,93,1
63,2018,25,121,2
63,2018,27,-99,83
63,2018,27,-97,24
63,2018,27,-83,5
63,2018,27,-81,17
63,2018,27,-15,1
63,2018,29,-107,1
63,2018,29,-101,6
63,2018,29,-99,25
63,2018,29,-97,13
63,2018,29,-95,14
63,2018,29,-91,2
63,2018,29,-83,34
63,2018,29,-81,36
63,2018,31,-111,6
63,2018,31,-103,4
63,2018,31,-101,7
63,2018,31,-99,9
63,2018,31,-97,67
63,2018,31,-95,23
63,2018,31,-93,8
63,2018,31,-91,6
63,2018,31,-89,18
63,2018,31,-85,4
63,2018,33,-119,12
63,2018,33,-117,27
63,2018,33,-111,6
63,2018,33,-107,2
63,2018,33,-103,1
63,2018,33,-101,4
63,2018,33,-99,2
63,2018,33,-97,55
63,2018,33,-95,2
63,2018,33,-93,1
63,2018,33,-91,1
63,2018,33,-87,1
63,2018,33,-85,4
63,2018,33,-81,9
63,2018,33,35,3
63,2018,35,-121,1
63,2018,35,-119,36
63,2018,35,-117,5
63,2018,35,-107,1
63,2018,35,-97,1
63,2018,35,-87,4
63,2018,35,-83,2
63,2018,35,-81,2
63,2018,35,-77,1
63,2018,37,-123,32
63,2018,37,-121,38
63,2018,37,-119,4
63,2018,37,-115,1
63,2018,37,-97,1
63,2018,37,-87,1
63,2018,37,-79,1
63,2018,39,-123,27
63,2018,39,-121,17
63,2018,39,-119,1
63,2018,39,-1,1
63,2018,41,-123,1
63,2018,41,-75,1
63,2018,43,-125,1
63,2018,43,3,2
63,2018,45,-123,1
63,2018,47,-123,1
70,2015,-19,147,3
70,2015,-7,107,1
70,2015,-5,39,2
70,2015,1,103,1
70,2015,9,-83,1
70,2015,9,-81,1
70,2015,11,-85,2
70,2015,11,77,1
70,2015,13,77,1
70,2015,15,-93,16
70,2015,15,-87,1
70,2015,17,-97,4
70,2015,17,-95,1
70,2015,17,-93,15
70,2015,19,-99,2
70,2015,19,-89,8
70,2015,19,-87,1
70,2015,19,-71,2
70,2015,21,-157,1
70,2015,21,-105,18
70,2015,21,-89,12
70,2015,23,-107,35
70,2015,23,115,1
70,2015,25,-81,1
70,2015,25,93,2
70,2015,27,-97,1
70,2015,27,-83,8
70,2015,27,-81,2
70,2015,29,-103,3
70,2015,29,-99,3
70,2015,29,-97,2
70,2015,29,-95,1
70,2015,29,-83,1
70,2015,31,-111,2
70,2015,31,-99,5
70,2015,31,-97,18
70,2015,31,-95,5
70,2015,31,-91,2
70,2015,31,-85,1
70,2015,33,-119,3
70,2015,33,-117,22
70,2015,33,-113,1
70,2015,33,-107,1
70,2015,33,-97,13
70,2015,33,-95,2
70,2015,35,-121,1
70,2015,35,-119,20
70,2015,35,-117,7
70,2015,35,-97,1
70,2015,35,-93,1
70,2015,35,-87,1
70,2015,35,-83,2
70,2015,37,-123,30
70,2015,37,-121,29
70,2015,37,-117,2
70,2015,37,-115,3
70,2015,39,-123,11
70,2015,39,-121,8
70,2015,39,-105,1
70,2015,39,-93,2
70,2015,41,-125,1
70,2015,41,-113,1
70,2015,41,-87,1
70,2015,41,-85,1
70,2015,41,-83,1
70,2015,45,-93,1
70,2015,47,-123,3
70,2016,-43,173,1
70,2016,-41,175,1
70,2016,-39,175,1
70,2016,-37,145,6
70,2016,-35,19,1
70,2016,-31,25,1
70,2016,-31,29,1
70,2016,-31,153,3
70,2016,1,103,1
70,2016,9,-83,6
70,2016,11,-83,1
70,2016,15,-97,6
70,2016,15,-93,1
70,2016,17,-95,1
70,2016,17,-93,1
70,2016,19,-105,1
70,2016,19,-101,2
70,2016,19,-99,2
70,2016,19,-89,1
70,2016,19,99,3
70,2016,21,-105,39
70,2016,21,-103,3
70,2016,21,-101,16
70,2016,21,-99,5
70,2016,21,-97,1
70,2016,21,-89,3
70,2016,23,-107,26
70,2016,23,-99,12
70,2016,23,115,1
70,2016,25,-101,7
70,2016,25,-99,2
70,2016,25,-81,17
70,2016,25,93,1
70,2016,27,-99,20
70,2016,27,-97,7
70,2016,27,-81,13
70,2016,29,-101,1
70,2016,29,-99,7
70,2016,29,-97,9
70,2016,29,-95,12
70,2016,29,-91,1
70,2016,29,-83,1
70,2016,29,-81,1
70,2016,29,-13,1
70,2016,29,77,1
70,2016,31,-111,4
70,2016,31,-99,14
70,2016,31,-97,54
70,2016,31,-95,5
70,2016,31,-89,1
70,2016,31,-87,6
70,2016,33,-117,19
70,2016,33,-111,4
70,2016,33,-99,1
70,2016,33,-97,35
70,2016,33,-87,2
70,2016,33,-83,1
70,2016,33,-17,2
70,2016,35,-121,5
70,2016,35,-119,11
70,2016,35,-117,1
70,2016,35,-109,1
70,2016,35,-107,3
70,2016,35,-101,1
70,2016,35,-99,1
70,2016,35,-97,2
70,2016,35,-95,2
70,2016,35,-93,4
70,2016,35,-87,6
70,2016,35,-83,2
70,2016,35,-81,2
70,2016,35,-79,1
70,2016,37,-123,13
70,2016,37,-121,18
70,2016,37,-117,19
70,2016,37,-91,1
70,2016,37,-85,1
70,2016,37,-83,2
70,2016,37,-77,3
70,2016,37,-5,1
70,2016,39,-123,7
70,2016,39,-121,4
70,2016,39,-77,1
70,2016,39,-75,2
70,2016,39,25,1
70,2016,39,27,1
70,2016,41,-87,1
70,2016,41,-75,1
70,2016,43,13,3
70,2016,45,-123,2
70,2017,-43,173,17
70,2017,-41,173,2
70,2017,-37,175,1
70,2017,-35,173,1
70,2017,-33,19,1
70,2017,-31,31,1
70,2017,-25,27,1
70,2017,-17,-47,1
70,2017,-9,115,1
70,2017,-1,-77,1
70,2017,9,-85,2
70,2017,9,-81,4
70,2017,9,-79,6
70,2017,11,-85,2
70,2017,15,-97,3
70,2017,15,-61,1
70,2017,17,-97,2
70,2017,17,-93,3
70,2017,17,-91,1
70,2017,17,-89,1
70,2017,19,-105,1
70,2017,19,-103,1
70,2017,19,-101,5
70,2017,19,-99,13
70,2017,19,-97,2
70,2017,19,-95,1
70,2017,19,-89,1
70,2017,19,-79,3
70,2017,19,-75,1
70,2017,19,109,1
70,2017,21,-105,15
70,2017,21,-101,1
70,2017,21,-99,4
70,2017,21,-97,3
70,2017,23,-107,11
70,2017,23,-99,11
70,2017,23,-97,1
70,2017,23,113,1
70,2017,23,115,1
70,2017,25,-109,2
70,2017,25,-101,18
70,2017,25,-97,2
70,2017,25,-81,9
70,2017,27,-109,1
70,2017,27,-101,1
70,2017,27,-99,33
70,2017,27,-97,11
70,2017,27,-83,1
70,2017,27,-81,13
70,2017,27,89,7
70,2017,29,-111,1
70,2017,29,-103,1
70,2017,29,-101,3
70,2017,29,-99,64
70,2017,29,-97,8
70,2017,29,-95,13
70,2017,29,-93,1
70,2017,29,-83,7
70,2017,29,-81,3
70,2017,31,-111,5
70,2017,31,-105,17
70,2017,31,-103,3
70,2017,31,-99,38
70,2017,31,-97,69
70,2017,31,-95,12
70,2017,31,-93,1
70,2017,31,-91,3
70,2017,31,-87,1
70,2017,31,-83,1
70,2017,33,-119,5
70,2017,33,-117,39
70,2017,33,-115,3
70,2017,33,-113,4
70,2017,33,-111,3
70,2017,33,-103,1
70,2017,33,-101,4
70,2017,33,-99,5
70,2017,33,-97,97
70,2017,33,-95,10
70,2017,33,-93,1
70,2017,33,-89,1
70,2017,33,-83,1
70,2017,33,-81,4
70,2017,35,-121,1
70,2017,35,-119,29
70,2017,35,-117,10
70,2017,35,-115,3
70,2017,35,-111,1
70,2017,35,-107,4
70,2017,35,-105,1
70,2017,35,-101,2
70,2017,35,-99,7
70,2017,35,-97,1
70,2017,35,-95,2
70,2017,35,-81,2
70,2017,35,-79,2
70,2017,37,-123,63
70,2017,37,-121,44
70,2017,37,-119,8
70,2017,37,-117,1
70,2017,37,-115,2
70,2017,37,-107,2
70,2017,37,-9,1
70,2017,39,-123,40
70,2017,39,-121,6
70,2017,39,-109,5
70,2017,39,-105,2
70,2017,39,-93,2
70,2017,39,-87,1
70,2017,39,-81,2
70,2017,39,-9,1
70,2017,39,27,1
70,2017,41,-125,1
70,2017,41,-111,2
70,2017,41,-7,1
70,2017,41,1,1
70,2017,41,13,2
70,2017,43,-121,1
70,2017,43,-113,1
70,2017,43,-3,1
70,2017,43,3,1
70,2017,45,1,2
70,2017,45,9,1
70,2017,45,11,4
70,2017,45,21,2
70,2017,47,9,1
70,2017,47,13,1
70,2017,49,7,5
70,2017,49,9,1
70,2017,53,11,1
70,2018,-43,171,3
70,2018,-39,175,1
70,2018,-39,177,1
70,2018,-37,145,1
70,2018,-37,175,1
70,2018,-35,23,2
70,2018,-33,23,1
70,2018,-23,27,1
70,2018,-19,23,1
70,2018,-15,29,1
70,2018,-9,15,1
70,2018,-1,-79,1
70,2018,1,103,4
70,2018,5,101,1
70,2018,9,-83,5
70,2018,9,-81,1
70,2018,9,-79,1
70,2018,11,-85,5
70,2018,13,-81,1
70,2018,13,77,1
70,2018,15,-97,2
70,2018,15,-93,16
70,2018,15,-91,1
70,2018,15,-61,2
70,2018,17,-97,1
70,2018,17,-95,1
70,2018,17,-93,4
70,2018,17,-89,14
70,2018,17,-63,7
70,2018,19,-103,4
70,2018,19,-101,4
70,2018,19,-99,15
70,2018,19,-97,4
70,2018,19,-95,1
70,2018,19,-93,6
70,2018,19,-77,1
70,2018,19,-69,1
70,2018,19,73,1
70,2018,19,109,1
70,2018,21,-105,6
70,2018,21,-103,2
70,2018,21,-101,23
70,2018,21,-99,2
70,2018,21,-97,3
70,2018,21,-87,12
70,2018,21,-79,1
70,2018,23,-109,3
70,2018,23,-107,8
70,2018,23,-101,2
70,2018,23,-99,11
70,2018,23,-75,1
70,2018,23,115,3
70,2018,25,-103,2
70,2018,25,-101,48
70,2018,25,-99,1
70,2018,25,-97,1
70,2018,25,-81,12
70,2018,27,-101,3
70,2018,27,-99,41
70,2018,27,-97,46
70,2018,27,-83,6
70,2018,27,-81,8
70,2018,29,-105,1
70,2018,29,-103,7
70,2018,29,-101,1
70,2018,29,-99,19
70,2018,29,-97,8
70,2018,29,-95,14
70,2018,29,-91,1
70,2018,29,-83,27
70,2018,29,-81,22
70,2018,31,-117,1
70,2018,31,-111,4
70,2018,31,-103,2
70,2018,31,-101,1
70,2018,31,-99,26
70,2018,31,-97,95
70,2018,31,-95,34
70,2018,31,-93,5
70,2018,31,-91,10
70,2018,31,-89,7
70,2018,31,-87,6
70,2018,31,-85,1
70,2018,31,-81,8
70,2018,33,-119,12
70,2018,33,-117,41
70,2018,33,-115,5
70,2018,33,-113,1
70,2018,33,-111,21
70,2018,33,-109,1
70,2018,33,-107,2
70,2018,33,-105,1
70,2018,33,-101,1
70,2018,33,-99,2
70,2018,33,-97,51
70,2018,33,-95,5
70,2018,33,-93,6
70,2018,33,-89,6
70,2018,33,-87,3
70,2018,33,-85,3
70,2018,33,-83,1
70,2018,33,-81,2
70,2018,33,35,1
70,2018,35,-121,1
70,2018,35,-119,23
70,2018,35,-117,2
70,2018,35,-107,1
70,2018,35,-101,1
70,2018,35,-95,2
70,2018,35,-91,2
70,2018,35,-87,9
70,2018,35,-85,4
70,2018,35,-83,1
70,2018,35,-81,1
70,2018,35,-75,1
70,2018,37,-123,34
70,2018,37,-121,17
70,2018,37,-119,2
70,2018,37,-95,1
70,2018,37,-93,2
70,2018,37,-89,1
70,2018,37,-85,2
70,2018,39,-123,27
70,2018,39,-121,12
70,2018,39,-119,1
70,2018,39,-105,2
70,2018,39,-95,1
70,2018,39,27,2
70,2018,41,-125,1
70,2018,41,-111,3
70,2018,41,-105,1
70,2018,41,-81,1
70,2018,41,-73,2
70,2018,41,1,1
70,2018,41,23,2
70,2018,43,-117,1
70,2018,43,-3,1
70,2018,43,3,2
70,2018,45,-121,3
70,2018,45,-117,1
70,2018,45,-91,1
70,2018,45,1,1
70,2018,45,15,1
70,2018,45,21,1
70,2018,47,-123,2
70,2018,47,5,1
70,2018,49,-123,1
70,2018,49,3,1
70,2018,49,7,1
70,2018,49,9,1
70,2018,53,11,1
77,2015,-37,175,1
77,2015,-33,23,1
77,2015,-17,31,1
77,2015,-11,41,3
77,2015,5,1,1
77,2015,9,-85,4
77,2015,9,-83,2
77,2015,11,-85,3
77,2015,15,-97,1
77,2015,17,-95,2
77,2015,17,-93,9
77,2015,19,-101,1
77,2015,19,-99,5
77,2015,19,-97,2
77,2015,21,-105,14
77,2015,21,-101,7
77,2015,21,-99,2
77,2015,23,-107,28
77,2015,23,-99,2
77,2015,23,115,3
77,2015,25,-109,1
77,2015,25,-101,8
77,2015,25,-81,1
77,2015,27,-99,2
77,2015,27,-81,1
77,2015,29,-103,1
77,2015,29,-99,5
77,2015,29,-97,1
77,2015,29,-83,2
77,2015,29,-81,4
77,2015,31,-111,1
77,2015,31,-107,1
77,2015,31,-99,1
77,2015,31,-97,22
77,2015,31,-95,5
77,2015,31,-93,1
77,2015,31,-91,2
77,2015,31,-81,2
77,2015,33,-119,1
77,2015,33,-117,11
77,2015,33,-115,2
77,2015,33,-111,7
77,2015,33,-97,8
77,2015,33,-93,4
77,2015,35,-119,30
77,2015,35,-117,6
77,2015,35,-111,1
77,2015,35,-93,1
77,2015,35,-87,4
77,2015,35,-81,1
77,2015,37,-123,93
77,2015,37,-121,58
77,2015,37,-117,5
77,2015,37,-115,2
77,2015,37,-113,2
77,2015,37,-77,1
77,2015,39,-123,13
77,2015,39,-121,7
77,2015,39,-105,1
77,2015,39,-77,1
77,2015,41,-123,1
77,2015,41,-111,1
77,2015,41,-87,1
77,2015,43,-87,1
77,2015,47,-121,1
77,2015,51,13,1
77,2016,-45,171,1
77,2016,-43,173,3
77,2016,-33,-71,1
77,2016,-33,153,1
77,2016,-31,153,2
77,2016,-9,115,1
77,2016,9,-83,2
77,2016,9,-81,5
77,2016,9,-79,1
77,2016,15,-97,8
77,2016,15,-95,12
77,2016,15,-93,1
77,2016,15,-61,1
77,2016,17,-91,1
77,2016,17,-89,1
77,2016,17,121,1
77,2016,19,-101,5
77,2016,19,-99,2
77,2016,19,-97,2
77,2016,19,-67,1
77,2016,21,-105,21
77,2016,21,-101,1
77,2016,21,-99,2
77,2016,21,-97,1
77,2016,21,-87,2
77,2016,21,87,1
77,2016,23,-107,10
77,2016,23,-99,1
77,2016,25,-101,3
77,2016,25,-99,1
77,2016,25,-81,8
77,2016,27,-109,1
77,2016,27,-99,8
77,2016,27,-97,18
77,2016,27,-81,10
77,2016,29,-99,4
77,2016,29,-97,23
77,2016,29,-95,6
77,2016,29,-91,1
77,2016,29,-83,1
77,2016,31,-111,9
77,2016,31,-103,1
77,2016,31,-99,12
77,2016,31,-97,30
77,2016,31,-95,9
77,2016,31,-91,5
77,2016,31,-85,3
77,2016,31,-83,1
77,2016,33,-119,8
77,2016,33,-117,60
77,2016,33,-115,1
77,2016,33,-113,1
77,2016,33,-111,15
77,2016,33,-99,3
77,2016,33,-97,28
77,2016,33,-95,1
77,2016,33,-93,3
77,2016,33,-87,1
77,2016,33,-83,1
77,2016,33,-81,2
77,2016,35,-121,2
77,2016,35,-119,16
77,2016,35,-117,1
77,2016,35,-115,4
77,2016,35,-107,2
77,2016,35,-101,3
77,2016,35,-97,1
77,2016,35,-93,1
77,2016,35,-91,1
77,2016,35,-83,2
77,2016,35,-81,1
77,2016,35,-79,4
77,2016,35,-77,2
77,2016,37,-123,25
77,2016,37,-121,27
77,2016,37,-119,1
77,2016,37,-117,3
77,2016,37,-89,2
77,2016,37,-79,1
77,2016,37,-77,5
77,2016,39,-123,24
77,2016,39,-121,9
77,2016,39,-93,1
77,2016,39,-85,2
77,2016,39,-83,1
77,2016,39,-77,1
77,2016,39,-9,1
77,2016,39,25,2
77,2016,39,27,1
77,2016,41,-123,1
77,2016,41,-85,1
77,2016,41,-81,1
77,2016,41,-75,4
77,2016,41,-9,2
77,2016,41,17,1
77,2016,43,-79,1
77,2016,43,3,1
77,2016,43,11,4
77,2016,43,27,1
77,2016,45,-123,1
77,2016,45,21,1
77,2016,47,-123,3
77,2016,51,-115,1
77,2017,-37,177,1
77,2017,-31,25,1
77,2017,-29,33,1
77,2017,-27,23,1
77,2017,-25,-57,2
77,2017,-21,17,1
77,2017,-9,115,1
77,2017,-7,107,1
77,2017,-1,-91,1
77,2017,5,-75,1
77,2017,9,-85,2
77,2017,9,-81,1
77,2017,9,-79,2
77,2017,11,-85,1
77,2017,13,75,1
77,2017,15,-97,2
77,2017,17,-97,1
77,2017,17,-95,1
77,2017,17,-93,8
77,2017,17,-91,2
77,2017,17,-89,4
77,2017,17,-67,1
77,2017,19,-101,13
77,2017,19,-99,24
77,2017,19,-97,4
77,2017,19,-95,1
77,2017,19,-75,2
77,2017,19,-67,1
77,2017,21,-105,13
77,2017,21,-103,3
77,2017,21,-101,8
77,2017,21,-99,6
77,2017,21,-97,1
77,2017,23,-107,20
77,2017,23,-105,1
77,2017,23,-99,1
77,2017,23,115,1
77,2017,23,121,1
77,2017,25,-109,1
77,2017,25,-101,7
77,2017,25,-99,3
77,2017,25,-81,3
77,2017,25,93,2
77,2017,25,121,1
77,2017,27,-99,2
77,2017,27,-97,13
77,2017,27,-83,2
77,2017,27,-81,7
77,2017,27,85,1
77,2017,29,-113,1
77,2017,29,-101,10
77,2017,29,-99,16
77,2017,29,-97,3
77,2017,29,-95,8
77,2017,29,-91,3
77,2017,29,-83,13
77,2017,29,-81,9
77,2017,31,-115,1
77,2017,31,-111,6
77,2017,31,-109,4
77,2017,31,-107,1
77,2017,31,-105,4
77,2017,31,-103,3
77,2017,31,-101,3
77,2017,31,-99,40
77,2017,31,-97,100
77,2017,31,-95,24
77,2017,31,-93,1
77,2017,31,-91,2
77,2017,31,-87,1
77,2017,31,-81,2
77,2017,33,-119,13
77,2017,33,-117,74
77,2017,33,-115,3
77,2017,33,-111,11
77,2017,33,-107,1
77,2017,33,-101,12
77,2017,33,-99,8
77,2017,33,-97,154
77,2017,33,-95,8
77,2017,33,-93,3
77,2017,33,-87,2
77,2017,33,-81,3
77,2017,33,35,1
77,2017,35,-121,3
77,2017,35,-119,55
77,2017,35,-117,6
77,2017,35,-115,5
77,2017,35,-111,1
77,2017,35,-107,6
77,2017,35,-101,3
77,2017,35,-99,1
77,2017,35,-97,4
77,2017,35,-95,8
77,2017,35,-93,3
77,2017,35,-89,3
77,2017,35,-87,5
77,2017,35,-85,4
77,2017,35,-83,4
77,2017,35,-81,10
77,2017,37,-123,42
77,2017,37,-121,29
77,2017,37,-119,1
77,2017,37,-117,6
77,2017,37,-113,4
77,2017,37,-97,1
77,2017,37,-95,2
77,2017,37,-89,1
77,2017,37,-87,3
77,2017,37,-79,5
77,2017,37,-77,11
77,2017,39,-123,20
77,2017,39,-121,11
77,2017,39,-109,2
77,2017,39,-107,1
77,2017,39,-91,1
77,2017,39,-85,2
77,2017,39,-79,1
77,2017,39,-77,1
77,2017,39,-75,1
77,2017,39,27,1
77,2017,41,-105,1
77,2017,41,-95,1
77,2017,41,-89,2
77,2017,41,-87,2
77,2017,41,-75,1
77,2017,41,3,1
77,2017,43,-83,1
77,2017,43,-79,1
77,2017,43,-71,2
77,2017,43,-3,3
77,2017,43,3,2
77,2017,43,27,1
77,2017,45,-125,1
77,2017,45,-113,2
77,2017,45,-93,1
77,2017,45,3,1
77,2017,45,7,1
77,2017,45,9,1
77,2017,45,11,1
77,2017,45,13,1
77,2017,45,21,6
77,2017,47,7,2
77,2018,-43,173,1
77,2018,-41,171,1
77,2018,-41,175,1
77,2018,-33,-71,1
77,2018,-33,23,1
77,2018,-29,33,2
77,2018,-25,31,1
77,2018,-23,15,1
77,2018,-21,25,1
77,2018,-13,-71,1
77,2018,-9,115,2
77,2018,1,103,6
77,2018,3,101,1
77,2018,5,-75,2
77,2018,9,-83,5
77,2018,9,-79,2
77,2018,11,-85,1
77,2018,15,-97,3
77,2018,15,-91,2
77,2018,15,-89,1
77,2018,15,-61,4
77,2018,17,-97,1
77,2018,17,-93,9
77,2018,17,-91,2
77,2018,17,-89,11
77,2018,17,-67,1
77,2018,19,-105,2
77,2018,19,-103,4
77,2018,19,-101,2
77,2018,19,-99,12
77,2018,19,-97,5
77,2018,19,-93,18
77,2018,19,-77,2
77,2018,19,-75,3
77,2018,19,-71,1
77,2018,19,-69,3
77,2018,19,99,3
77,2018,19,109,1
77,2018,21,-105,4
77,2018,21,-103,3
77,2018,21,-101,4
77,2018,21,-99,3
77,2018,21,-97,1
77,2018,21,-89,1
77,2018,21,-87,1
77,2018,21,101,3
77,2018,21,105,1
77,2018,23,-109,7
77,2018,23,-107,6
77,2018,23,-99,1
77,2018,23,115,9
77,2018,25,-107,1
77,2018,25,-101,28
77,2018,25,-99,2
77,2018,25,-97,9
77,2018,25,-81,7
77,2018,27,-99,62
77,2018,27,-97,60
77,2018,27,-83,11
77,2018,27,-81,17
77,2018,27,85,1
77,2018,29,-101,1
77,2018,29,-99,39
77,2018,29,-97,17
77,2018,29,-95,34
77,2018,29,-89,1
77,2018,29,-85,3
77,2018,29,-83,15
77,2018,29,-81,17
77,2018,29,113,1
77,2018,31,-111,8
77,2018,31,-109,1
77,2018,31,-107,2
77,2018,31,-103,3
77,2018,31,-101,2
77,2018,31,-99,48
77,2018,31,-97,144
77,2018,31,-95,28
77,2018,31,-93,9
77,2018,31,-91,14
77,2018,31,-89,20
77,2018,31,-87,1
77,2018,31,-85,5
77,2018,31,-83,1
77,2018,31,-81,2
77,2018,33,-119,10
77,2018,33,-117,34
77,2018,33,-115,4
77,2018,33,-113,1
77,2018,33,-111,8
77,2018,33,-107,1
77,2018,33,-99,11
77,2018,33,-97,98
77,2018,33,-95,6
77,2018,33,-93,9
77,2018,33,-87,8
77,2018,33,-85,11
77,2018,33,-83,4
77,2018,33,-81,7
77,2018,33,-79,2
77,2018,35,-121,1
77,2018,35,-119,35
77,2018,35,-117,9
77,2018,35,-111,2
77,2018,35,-107,2
77,2018,35,-99,9
77,2018,35,-97,3
77,2018,35,-95,8
77,2018,35,-93,1
77,2018,35,-87,6
77,2018,35,-85,2
77,2018,35,-83,2
77,2018,35,-81,3
77,2018,37,-123,32
77,2018,37,-121,26
77,2018,37,-119,7
77,2018,37,-99,2
77,2018,37,-97,1
77,2018,37,-95,2
77,2018,37,-93,2
77,2018,37,-89,1
77,2018,37,-79,1
77,2018,37,-77,1
77,2018,37,-5,1
77,2018,39,-123,23
77,2018,39,-121,28
77,2018,39,-105,2
77,2018,39,-85,2
77,2018,39,-83,1
77,2018,39,-79,1
77,2018,39,-77,5
77,2018,39,23,1
77,2018,39,27,2
77,2018,41,-125,2
77,2018,41,-105,1
77,2018,41,-91,1
77,2018,41,-89,2
77,2018,41,-87,1
77,2018,41,-81,2
77,2018,41,19,1
77,2018,43,11,1
77,2018,45,-121,3
77,2018,45,-75,1
77,2018,45,-73,1
77,2018,45,1,1
77,2018,45,9,1
77,2018,49,-123,1
77,2018,49,-117,1
77,2018,51,5,1
84,2015,-33,23,2
84,2015,-29,33,1
84,2015,-25,-57,7
84,2015,11,-85,1
84,2015,15,-97,6
84,2015,15,-89,1
84,2015,15,-87,1
84,2015,17,-97,5
84,2015,17,-95,7
84,2015,17,-93,3
84,2015,17,-87,1
84,2015,19,-105,4
84,2015,19,-103,3
84,2015,19,-99,2
84,2015,19,-97,2
84,2015,19,-77,1
84,2015,19,-71,2
84,2015,21,-105,10
84,2015,21,-101,1
84,2015,21,-99,1
84,2015,23,-107,7
84,2015,23,-97,1
84,2015,23,-83,4
84,2015,23,-81,2
84,2015,25,-101,6
84,2015,25,-97,3
84,2015,25,-81,21
84,2015,27,-115,1
84,2015,27,-99,1
84,2015,27,-97,2
84,2015,27,-83,2
84,2015,27,-81,7
84,2015,27,-15,1
84,2015,29,-99,5
84,2015,29,-97,5
84,2015,29,-95,7
84,2015,29,-83,8
84,2015,29,-81,1
84,2015,31,-111,1
84,2015,31,-103,1
84,2015,31,-99,10
84,2015,31,-97,24
84,2015,31,-95,25
84,2015,31,-91,3
84,2015,31,-85,1
84,2015,33,-119,6
84,2015,33,-117,15
84,2015,33,-115,2
84,2015,33,-111,3
84,2015,33,-97,31
84,2015,33,-95,4
84,2015,35,-121,1
84,2015,35,-119,33
84,2015,35,-117,8
84,2015,35,-115,19
84,2015,35,-95,2
84,2015,35,-93,3
84,2015,35,-87,4
84,2015,35,-85,2
84,2015,35,-83,2
84,2015,35,-81,1
84,2015,37,-123,68
84,2015,37,-121,43
84,2015,39,-123,15
84,2015,39,-121,7
84,2015,39,-9,1
84,2015,41,-123,5
84,2015,41,-107,1
84,2015,41,-87,2
84,2015,41,-75,1
84,2015,41,23,1
84,2015,43,3,1
84,2015,45,-93,1
84,2015,45,-91,1
84,2015,47,-117,2
84,2015,49,-121,1
84,2016,-43,147,1
84,2016,-43,173,2
84,2016,-41,173,1
84,2016,-33,23,1
84,2016,-31,-65,1
84,2016,-31,31,2
84,2016,-31,153,2
84,2016,5,101,1
84,2016,9,-83,8
84,2016,11,-85,2
84,2016,13,-85,2
84,2016,15,-97,19
84,2016,15,-93,2
84,2016,17,-95,8
84,2016,17,-93,4
84,2016,19,-101,1
84,2016,19,-99,4
84,2016,19,-95,3
84,2016,19,-89,1
84,2016,19,-87,1
84,2016,19,-77,1
84,2016,21,-105,15
84,2016,21,-103,1
84,2016,21,-101,4
84,2016,21,-99,15
84,2016,23,-109,1
84,2016,23,-107,17
84,2016,23,-103,4
84,2016,23,-99,1
84,2016,23,115,1
84,2016,23,121,1
84,2016,25,-103,1
84,2016,25,-101,1
84,2016,25,-81,14
84,2016,27,-99,1
84,2016,27,-83,4
84,2016,27,-81,5
84,2016,29,-101,1
84,2016,29,-99,15
84,2016,29,-97,7
84,2016,29,-95,1
84,2016,29,-93,3
84,2016,29,-85,1
84,2016,29,-83,2
84,2016,29,-81,1
84,2016,31,-99,7
84,2016,31,-97,47
84,2016,31,-95,1
84,2016,31,-93,1
84,2016,31,-85,1
84,2016,31,-83,1
84,2016,33,-119,2
84,2016,33,-117,54
84,2016,33,-115,9
84,2016,33,-111,2
84,2016,33,-99,3
84,2016,33,-97,27
84,2016,33,-95,8
84,2016,33,-93,3
84,2016,33,-87,4
84,2016,33,-81,2
84,2016,35,-119,24
84,2016,35,-117,15
84,2016,35,-115,2
84,2016,35,-107,1
84,2016,35,-93,3
84,2016,35,-91,6
84,2016,35,-89,3
84,2016,35,-87,7
84,2016,35,-85,2
84,2016,35,-83,4
84,2016,35,-81,1
84,2016,35,-79,2
84,2016,35,-77,8
84,2016,37,-123,39
84,2016,37,-121,67
84,2016,37,-117,2
84,2016,37,-115,1
84,2016,37,-97,3
84,2016,37,-89,5
84,2016,37,-81,2
84,2016,37,-79,6
84,2016,37,-77,10
84,2016,37,-5,2
84,2016,39,-123,30
84,2016,39,-121,3
84,2016,39,-109,1
84,2016,39,-85,5
84,2016,39,-81,1
84,2016,39,-77,8
84,2016,39,-75,1
84,2016,39,-9,2
84,2016,39,27,2
84,2016,41,-125,2
84,2016,41,-103,1
84,2016,41,-89,1
84,2016,41,-87,3
84,2016,41,-85,3
84,2016,41,-83,4
84,2016,41,-81,3
84,2016,41,-79,3
84,2016,41,-75,1
84,2016,41,-9,1
84,2016,41,1,1
84,2016,41,13,1
84,2016,41,17,3
84,2016,43,-83,1
84,2016,43,-79,1
84,2016,43,-73,1
84,2016,43,-71,1
84,2016,43,27,1
84,2016,45,-123,1
84,2016,45,-93,1
84,2016,45,-75,1
84,2016,45,-73,1
84,2016,45,1,2
84,2016,45,9,1
84,2016,45,11,3
84,2016,47,-123,2
84,2016,49,-123,1
84,2016,51,-115,1
84,2016,53,-127,1
84,2017,-45,169,1
84,2017,-35,-59,1
84,2017,-31,31,1
84,2017,-25,-57,4
84,2017,-25,-55,3
84,2017,-1,-91,1
84,2017,1,103,1
84,2017,9,-85,4
84,2017,9,-83,5
84,2017,9,-77,2
84,2017,13,75,2
84,2017,13,101,1
84,2017,15,-97,6
84,2017,15,-95,2
84,2017,17,-93,1
84,2017,17,-89,4
84,2017,19,-99,18
84,2017,19,-97,14
84,2017,19,-95,2
84,2017,19,-71,7
84,2017,19,-69,1
84,2017,19,-65,1
84,2017,21,-105,2
84,2017,21,-103,4
84,2017,21,-101,2
84,2017,21,-99,6
84,2017,21,-97,7
84,2017,21,-87,1
84,2017,23,-107,35
84,2017,23,-101,1
84,2017,23,-99,5
84,2017,23,-81,1
84,2017,23,115,2
84,2017,25,-109,3
84,2017,25,-107,4
84,2017,25,-101,35
84,2017,25,-81,7
84,2017,25,93,1
84,2017,27,-109,1
84,2017,27,-101,2
84,2017,27,-99,18
84,2017,27,-97,17
84,2017,27,-83,5
84,2017,27,-81,3
84,2017,29,-111,1
84,2017,29,-103,5
84,2017,29,-101,7
84,2017,29,-99,15
84,2017,29,-97,5
84,2017,29,-95,8
84,2017,29,-83,6
84,2017,29,-81,7
84,2017,29,-17,1
84,2017,29,83,2
84,2017,31,-117,2
84,2017,31,-115,2
84,2017,31,-111,6
84,2017,31,-103,1
84,2017,31,-101,1
84,2017,31,-99,17
84,2017,31,-97,246
84,2017,31,-95,22
84,2017,31,-93,3
84,2017,31,-91,2
84,2017,31,-87,2
84,2017,31,-85,2
84,2017,31,-83,1
84,2017,31,-81,1
84,2017,31,79,1
84,2017,33,-119,10
84,2017,33,-117,42
84,2017,33,-115,7
84,2017,33,-113,7
84,2017,33,-111,9
84,2017,33,-101,8
84,2017,33,-99,11
84,2017,33,-97,228
84,2017,33,-95,14
84,2017,33,-93,16
84,2017,33,-89,1
84,2017,33,-87,4
84,2017,33,-83,3
84,2017,33,-81,10
84,2017,33,-79,2
84,2017,35,-121,2
84,2017,35,-119,47
84,2017,35,-117,6
84,2017,35,-115,5
84,2017,35,-113,1
84,2017,35,-101,2
84,2017,35,-99,5
84,2017,35,-97,2
84,2017,35,-95,19
84,2017,35,-93,5
84,2017,35,-89,8
84,2017,35,-87,9
84,2017,35,-85,3
84,2017,35,-83,3
84,2017,35,-81,6
84,2017,35,-79,13
84,2017,35,-77,8
84,2017,37,-123,85
84,2017,37,-121,36
84,2017,37,-119,2
84,2017,37,-117,4
84,2017,37,-115,1
84,2017,37,-101,1
84,2017,37,-97,1
84,2017,37,-95,5
84,2017,37,-85,1
84,2017,37,-83,1
84,2017,37,-79,2
84,2017,37,-77,11
84,2017,37,-5,1
84,2017,39,-123,38
84,2017,39,-121,28
84,2017,39,-99,2
84,2017,39,-87,1
84,2017,39,-85,1
84,2017,39,-83,1
84,2017,39,-81,1
84,2017,39,-79,4
84,2017,39,-77,10
84,2017,39,-75,1
84,2017,39,-9,3
84,2017,39,1,1
84,2017,39,27,1
84,2017,41,-125,2
84,2017,41,-87,2
84,2017,41,-83,3
84,2017,41,-81,2
84,2017,41,-75,2
84,2017,41,-73,1
84,2017,41,-7,2
84,2017,41,15,1
84,2017,41,19,1
84,2017,41,117,1
84,2017,43,-89,1
84,2017,43,-79,1
84,2017,43,-3,3
84,2017,43,11,2
84,2017,43,13,2
84,2017,45,-123,1
84,2017,45,-93,1
84,2017,45,7,3
84,2017,45,9,3
84,2017,45,11,1
84,2017,45,15,1
84,2017,45,21,4
84,2017,49,-97,1
84,2017,49,3,5
84,2017,49,5,1
84,2017,49,9,4
84,2017,49,11,1
84,2017,49,17,1
84,2017,51,-1,4
84,2017,51,5,2
84,2017,51,7,1
84,2017,51,13,2
84,2017,53,11,1
84,2017,55,-127,1
84,2018,-45,171,4
84,2018,-43,171,1
84,2018,-43,173,7
84,2018,-39,175,1
84,2018,-33,-71,1
84,2018,-33,23,1
84,2018,-9,17,1
84,2018,-1,-91,1
84,2018,-1,-79,1
84,2018,1,103,8
84,2018,9,-83,1
84,2018,9,-81,1
84,2018,9,-79,5
84,2018,11,-85,1
84,2018,13,-87,1
84,2018,13,-61,1
84,2018,15,-97,3
84,2018,15,-91,2
84,2018,15,-87,3
84,2018,15,-61,2
84,2018,17,-97,3
84,2018,17,-93,1
84,2018,17,-89,1
84,2018,19,-105,2
84,2018,19,-101,3
84,2018,19,-99,17
84,2018,19,-97,16
84,2018,19,-95,3
84,2018,19,-77,1
84,2018,19,-75,4
84,2018,19,-71,2
84,2018,19,73,1
84,2018,19,99,2
84,2018,21,-105,4
84,2018,21,-103,6
84,2018,21,-101,11
84,2018,21,-99,11
84,2018,21,-97,2
84,2018,21,-91,1
84,2018,21,-87,4
84,2018,23,-107,6
84,2018,23,-103,1
84,2018,23,-101,3
84,2018,23,-99,4
84,2018,23,-79,3
84,2018,23,-75,1
84,2018,23,115,5
84,2018,25,-109,2
84,2018,25,-107,1
84,2018,25,-103,1
84,2018,25,-101,22
84,2018,25,-99,8
84,2018,25,-81,11
84,2018,27,-101,2
84,2018,27,-99,61
84,2018,27,-97,34
84,2018,27,-83,6
84,2018,27,-81,1
84,2018,27,93,3
84,2018,29,-103,4
84,2018,29,-99,48
84,2018,29,-97,14
84,2018,29,-95,24
84,2018,29,-91,2
84,2018,29,-85,1
84,2018,29,-83,11
84,2018,29,-81,16
84,2018,29,-17,1
84,2018,29,77,1
84,2018,29,113,1
84,2018,31,-117,1
84,2018,31,-111,7
84,2018,31,-107,1
84,2018,31,-105,12
84,2018,31,-103,9
84,2018,31,-101,1
84,2018,31,-99,26
84,2018,31,-97,119
84,2018,31,-95,44
84,2018,31,-93,9
84,2018,31,-91,10
84,2018,31,-89,20
84,2018,31,-85,3
84,2018,31,-83,3
84,2018,31,-81,4
84,2018,31,-9,1
84,2018,31,-7,1
84,2018,33,-119,16
84,2018,33,-117,52
84,2018,33,-111,12
84,2018,33,-109,1
84,2018,33,-107,3
84,2018,33,-99,21
84,2018,33,-97,196
84,2018,33,-95,13
84,2018,33,-93,11
84,2018,33,-89,1
84,2018,33,-87,5
84,2018,33,-85,3
84,2018,33,-81,6
84,2018,33,77,1
84,2018,35,-121,1
84,2018,35,-119,68
84,2018,35,-117,9
84,2018,35,-111,2
84,2018,35,-97,1
84,2018,35,-95,6
84,2018,35,-93,12
84,2018,35,-91,2
84,2018,35,-89,1
84,2018,35,-87,14
84,2018,35,-85,4
84,2018,35,-83,7
84,2018,35,-81,5
84,2018,35,-79,5
84,2018,35,-77,8
84,2018,35,-75,2
84,2018,35,135,2
84,2018,37,-123,85
84,2018,37,-121,95
84,2018,37,-119,10
84,2018,37,-117,1
84,2018,37,-115,1
84,2018,37,-99,1
84,2018,37,-97,1
84,2018,37,-93,2
84,2018,37,-87,3
84,2018,37,-83,1
84,2018,37,-81,1
84,2018,37,-77,5
84,2018,37,-5,1
84,2018,39,-123,78
84,2018,39,-121,41
84,2018,39,-119,2
84,2018,39,-111,1
84,2018,39,-79,2
84,2018,39,-77,5
84,2018,39,-75,4
84,2018,39,-9,1
84,2018,39,27,2
84,2018,41,-125,3
84,2018,41,-123,10
84,2018,41,-113,1
84,2018,41,-81,1
84,2018,41,-75,5
84,2018,41,-73,1
84,2018,41,-3,4
84,2018,41,3,3
84,2018,41,13,2
84,2018,41,23,5
84,2018,41,45,2
84,2018,43,-123,2
84,2018,43,-121,1
84,2018,43,-113,1
84,2018,43,-79,1
84,2018,43,11,1
84,2018,43,27,2
84,2018,45,-123,4
84,2018,45,-121,9
84,2018,45,-117,1
84,2018,45,-79,1
84,2018,45,-77,1
84,2018,45,-75,1
84,2018,45,9,3
84,2018,47,-119,2
84,2018,47,-117,1
84,2018,49,-123,2
84,2018,49,-119,2
84,2018,49,9,1
84,2018,55,9,1
91,2015,-41,175,1
91,2015,-37,177,2
91,2015,-33,23,1
91,2015,-25,17,1
91,2015,1,103,1
91,2015,9,-81,2
91,2015,11,-85,1
91,2015,11,77,1
91,2015,15,-97,7
91,2015,15,-89,5
91,2015,15,-87,1
91,2015,17,-99,1
91,2015,17,-97,9
91,2015,17,-95,15
91,2015,17,-91,1
91,2015,19,-105,2
91,2015,19,-103,4
91,2015,19,-99,6
91,2015,19,-77,2
91,2015,19,-71,1
91,2015,21,-105,11
91,2015,21,-101,3
91,2015,21,-99,2
91,2015,21,-81,1
91,2015,21,-77,3
91,2015,23,-107,7
91,2015,23,-105,1
91,2015,23,-79,1
91,2015,23,89,2
91,2015,25,-101,8
91,2015,25,-99,13
91,2015,25,-97,1
91,2015,25,-81,8
91,2015,27,-105,2
91,2015,27,-99,4
91,2015,27,-97,1
91,2015,27,-83,3
91,2015,27,-81,10
91,2015,27,85,1
91,2015,29,-99,2
91,2015,29,-95,3
91,2015,29,-83,1
91,2015,29,-81,1
91,2015,31,-117,1
91,2015,31,-111,9
91,2015,31,-99,1
91,2015,31,-97,7
91,2015,31,-95,9
91,2015,31,-93,23
91,2015,31,-87,1
91,2015,31,-85,2
91,2015,33,-119,4
91,2015,33,-117,30
91,2015,33,-111,1
91,2015,33,-109,1
91,2015,33,-99,1
91,2015,33,-97,36
91,2015,33,-95,11
91,2015,33,-93,6
91,2015,33,-85,1
91,2015,35,-121,2
91,2015,35,-119,39
91,2015,35,-117,7
91,2015,35,-111,1
91,2015,35,-95,1
91,2015,35,-93,5
91,2015,35,-87,3
91,2015,35,-83,1
91,2015,37,-123,52
91,2015,37,-121,16
91,2015,37,-119,2
91,2015,37,-117,1
91,2015,37,-115,6
91,2015,37,-87,2
91,2015,37,-79,2
91,2015,37,-77,2
91,2015,37,-75,2
91,2015,37,13,1
91,2015,39,-123,30
91,2015,39,-121,10
91,2015,39,-95,2
91,2015,39,-85,1
91,2015,39,-79,2
91,2015,39,-77,4
91,2015,41,-123,1
91,2015,41,-97,1
91,2015,41,-89,2
91,2015,41,-85,2
91,2015,41,-83,1
91,2015,41,-81,3
91,2015,41,-79,1
91,2015,41,-75,5
91,2015,41,-73,1
91,2015,43,-89,1
91,2015,43,-87,2
91,2015,43,11,1
91,2015,45,-77,1
91,2015,45,-75,1
91,2015,47,-123,1
91,2015,49,17,1
91,2015,53,-7,1
91,2015,61,-151,1
91,2016,-43,173,1
91,2016,-37,-65,2
91,2016,-35,-59,1
91,2016,-25,31,1
91,2016,-23,19,1
91,2016,-17,31,1
91,2016,-7,39,1
91,2016,9,-83,1
91,2016,15,-97,1
91,2016,15,-93,3
91,2016,17,-93,2
91,2016,17,-87,1
91,2016,17,-67,3
91,2016,19,-103,1
91,2016,19,-99,6
91,2016,19,-95,1
91,2016,19,-71,1
91,2016,19,-67,11
91,2016,21,-105,14
91,2016,21,-101,3
91,2016,21,-99,4
91,2016,21,-87,3
91,2016,23,-107,19
91,2016,23,-103,1
91,2016,23,-99,1
91,2016,25,-101,4
91,2016,25,-99,1
91,2016,25,-81,12
91,2016,25,57,1
91,2016,27,-99,6
91,2016,27,-97,2
91,2016,27,-81,5
91,2016,27,-15,1
91,2016,29,-99,9
91,2016,29,-97,23
91,2016,29,-95,6
91,2016,29,-93,1
91,2016,29,-83,3
91,2016,29,-81,2
91,2016,31,-117,1
91,2016,31,-115,1
91,2016,31,-101,1
91,2016,31,-99,11
91,2016,31,-97,38
91,2016,31,-95,3
91,2016,31,-93,5
91,2016,31,-91,2
91,2016,31,-85,1
91,2016,31,-83,1
91,2016,31,47,1
91,2016,31,75,1
91,2016,33,-119,6
91,2016,33,-117,32
91,2016,33,-113,1
91,2016,33,-111,3
91,2016,33,-103,2
91,2016,33,-101,1
91,2016,33,-99,8
91,2016,33,-97,53
91,2016,33,-95,7
91,2016,33,-87,2
91,2016,33,-81,3
91,2016,33,35,1
91,2016,35,-121,9
91,2016,35,-119,36
91,2016,35,-117,6
91,2016,35,-115,1
91,2016,35,-113,1
91,2016,35,-101,3
91,2016,35,-97,14
91,2016,35,-95,3
91,2016,35,-93,1
91,2016,35,-91,1
91,2016,35,-89,4
91,2016,35,-87,1
91,2016,35,-83,3
91,2016,35,-81,3
91,2016,35,-79,5
91,2016,35,-77,2
91,2016,37,-123,39
91,2016,37,-121,60
91,2016,37,-119,1
91,2016,37,-117,2
91,2016,37,-115,2
91,2016,37,-97,13
91,2016,37,-95,8
91,2016,37,-89,1
91,2016,37,-87,4
91,2016,37,-85,1
91,2016,37,-83,1
91,2016,37,-81,2
91,2016,37,-79,2
91,2016,37,-77,13
91,2016,39,-123,19
91,2016,39,-121,3
91,2016,39,-119,2
91,2016,39,-105,2
91,2016,39,-97,1
91,2016,39,-85,4
91,2016,39,-83,4
91,2016,39,-77,10
91,2016,39,27,1
91,2016,39,45,1
91,2016,41,-111,1
91,2016,41,-87,2
91,2016,41,-75,1
91,2016,41,-7,1
91,2016,41,1,1
91,2016,41,21,1
91,2016,41,23,1
91,2016,43,-89,4
91,2016,43,-71,1
91,2016,43,-1,1
91,2016,43,7,2
91,2016,43,11,3
91,2016,43,27,1
91,2016,45,-123,2
91,2016,45,-121,1
91,2016,45,1,1
91,2016,45,7,3
91,2016,45,9,1
91,2016,47,-125,1
91,2016,47,-123,3
91,2016,47,-115,4
91,2016,47,13,1
91,2016,49,-125,1
91,2016,49,-117,1
91,2016,49,-95,1
91,2016,49,9,2
91,2016,51,7,1
91,2016,51,9,1
91,2016,53,-113,1
91,2016,53,-89,1
91,2017,-43,173,1
91,2017,-41,175,1
91,2017,-39,143,1
91,2017,-27,29,1
91,2017,-5,-81,1
91,2017,-1,-81,4
91,2017,1,103,2
91,2017,5,-75,2
91,2017,9,-85,1
91,2017,9,-83,5
91,2017,9,-79,1
91,2017,13,-69,2
91,2017,15,-97,29
91,2017,15,-95,1
91,2017,17,-97,2
91,2017,17,-93,1
91,2017,17,-91,1
91,2017,19,-99,6
91,2017,19,-97,9
91,2017,19,-95,1
91,2017,19,-65,2
91,2017,21,-157,1
91,2017,21,-105,9
91,2017,21,-103,12
91,2017,21,-101,3
91,2017,21,-99,7
91,2017,21,-89,1
91,2017,21,-87,1
91,2017,23,-107,26
91,2017,23,-99,2
91,2017,23,-97,4
91,2017,23,-83,2
91,2017,23,-81,1
91,2017,23,113,1
91,2017,23,115,2
91,2017,25,-109,6
91,2017,25,-107,3
91,2017,25,-101,24
91,2017,25,-99,1
91,2017,25,-97,2
91,2017,25,-81,12
91,2017,25,121,1
91,2017,27,-101,1
91,2017,27,-99,17
91,2017,27,-97,50
91,2017,27,-81,14
91,2017,29,-115,5
91,2017,29,-103,4
91,2017,29,-101,8
91,2017,29,-99,52
91,2017,29,-97,34
91,2017,29,-95,26
91,2017,29,-93,8
91,2017,29,-91,2
91,2017,29,-89,1
91,2017,29,-83,27
91,2017,29,-81,6
91,2017,31,-115,1
91,2017,31,-111,14
91,2017,31,-105,1
91,2017,31,-101,5
91,2017,31,-99,20
91,2017,31,-97,223
91,2017,31,-95,14
91,2017,31,-93,6
91,2017,31,-91,4
91,2017,31,-85,5
91,2017,31,79,1
91,2017,33,-119,7
91,2017,33,-117,77
91,2017,33,-115,1
91,2017,33,-111,8
91,2017,33,-107,2
91,2017,33,-101,8
91,2017,33,-99,5
91,2017,33,-97,310
91,2017,33,-95,8
91,2017,33,-93,5
91,2017,33,-89,5
91,2017,33,-87,6
91,2017,33,-85,3
91,2017,33,-81,13
91,2017,33,-79,2
91,2017,35,-121,2
91,2017,35,-119,73
91,2017,35,-117,15
91,2017,35,-115,5
91,2017,35,-113,1
91,2017,35,-111,1
91,2017,35,-99,5
91,2017,35,-97,30
91,2017,35,-95,12
91,2017,35,-93,16
91,2017,35,-91,1
91,2017,35,-89,2
91,2017,35,-87,3
91,2017,35,-85,11
91,2017,35,-83,4
91,2017,35,-81,11
91,2017,35,-79,20
91,2017,35,-77,10
91,2017,37,-123,67
91,2017,37,-121,64
91,2017,37,-119,1
91,2017,37,-115,4
91,2017,37,-113,2
91,2017,37,-101,1
91,2017,37,-97,2
91,2017,37,-95,33
91,2017,37,-89,13
91,2017,37,-87,4
91,2017,37,-83,6
91,2017,37,-81,1
91,2017,37,-79,5
91,2017,37,-77,11
91,2017,37,-5,5
91,2017,39,-123,32
91,2017,39,-121,16
91,2017,39,-111,1
91,2017,39,-109,5
91,2017,39,-93,5
91,2017,39,-91,1
91,2017,39,-85,11
91,2017,39,-81,2
91,2017,39,-79,4
91,2017,39,-77,17
91,2017,39,-75,1
91,2017,41,-125,2
91,2017,41,-123,1
91,2017,41,-121,2
91,2017,41,-113,1
91,2017,41,-105,3
91,2017,41,-89,9
91,2017,41,-87,3
91,2017,41,-85,2
91,2017,41,-83,1
91,2017,41,-81,2
91,2017,41,-77,1
91,2017,41,-75,7
91,2017,41,-3,3
91,2017,41,19,1
91,2017,41,23,2
91,2017,43,-97,1
91,2017,43,-89,1
91,2017,43,-83,2
91,2017,43,-81,1
91,2017,43,-79,2
91,2017,43,-77,1
91,2017,43,-73,3
91,2017,43,-5,1
91,2017,43,1,1
91,2017,43,7,1
91,2017,43,11,2
91,2017,43,13,1
91,2017,43,27,1
91,2017,45,-119,1
91,2017,45,-93,4
91,2017,45,-79,2
91,2017,45,7,2
91,2017,45,9,1
91,2017,45,11,7
91,2017,45,21,1
91,2017,47,-123,2
91,2017,47,-93,1
91,2017,47,-91,1
91,2017,47,7,2
91,2017,49,-97,1
91,2017,49,1,2
91,2017,49,3,4
91,2017,49,9,9
91,2017,49,15,1
91,2017,49,19,1
91,2017,51,-97,1
91,2017,51,-93,1
91,2017,51,-1,3
91,2017,51,5,5
91,2017,51,11,1
91,2017,51,13,1
91,2017,53,-3,1
91,2017,53,5,1
91,2018,-45,169,1
91,2018,-43,171,2
91,2018,-43,173,1
91,2018,-39,175,1
91,2018,-37,175,1
91,2018,-33,149,1
91,2018,-29,31,5
91,2018,-29,33,3
91,2018,-27,33,2
91,2018,-15,29,18
91,2018,-7,107,1
91,2018,1,103,6
91,2018,9,-85,1
91,2018,9,-83,7
91,2018,9,-81,2
91,2018,9,-79,2
91,2018,15,-97,10
91,2018,15,-89,2
91,2018,15,-61,3
91,2018,17,-97,2
91,2018,17,-93,1
91,2018,17,-89,1
91,2018,19,-103,2
91,2018,19,-101,1
91,2018,19,-99,13
91,2018,19,-97,5
91,2018,19,-95,2
91,2018,19,-89,1
91,2018,19,-75,3
91,2018,19,-67,1
91,2018,19,-65,3
91,2018,21,-105,10
91,2018,21,-103,6
91,2018,21,-101,16
91,2018,21,-99,1
91,2018,21,-97,4
91,2018,21,-91,1
91,2018,21,-89,1
91,2018,21,-87,6
91,2018,23,-107,3
91,2018,23,-99,5
91,2018,23,113,4
91,2018,23,115,6
91,2018,25,-101,23
91,2018,25,-99,1
91,2018,25,-81,12
91,2018,25,121,1
91,2018,27,-99,19
91,2018,27,-97,23
91,2018,27,-83,9
91,2018,27,-81,8
91,2018,27,-19,1
91,2018,27,93,2
91,2018,27,95,2
91,2018,29,-111,3
91,2018,29,-103,1
91,2018,29,-101,242
91,2018,29,-99,46
91,2018,29,-97,11
91,2018,29,-95,28
91,2018,29,-93,1
91,2018,29,-85,1
91,2018,29,-83,39
91,2018,29,-81,34
91,2018,31,-117,1
91,2018,31,-113,1
91,2018,31,-111,12
91,2018,31,-107,4
91,2018,31,-105,1
91,2018,31,-103,4
91,2018,31,-101,18
91,2018,31,-99,25
91,2018,31,-97,131
91,2018,31,-95,34
91,2018,31,-93,5
91,2018,31,-91,11
91,2018,31,-89,11
91,2018,31,-87,1
91,2018,31,-85,8
91,2018,31,-83,1
91,2018,31,-81,2
91,2018,31,79,1
91,2018,31,121,1
91,2018,33,-119,7
91,2018,33,-117,67
91,2018,33,-113,3
91,2018,33,-111,20
91,2018,33,-107,1
91,2018,33,-101,5
91,2018,33,-99,15
91,2018,33,-97,112
91,2018,33,-95,8
91,2018,33,-93,5
91,2018,33,-89,1
91,2018,33,-87,10
91,2018,33,-85,3
91,2018,33,-83,7
91,2018,33,-81,3
91,2018,33,-79,1
91,2018,33,35,2
91,2018,35,-121,5
91,2018,35,-119,52
91,2018,35,-117,24
91,2018,35,-115,5
91,2018,35,-113,2
91,2018,35,-111,1
91,2018,35,-107,7
91,2018,35,-99,1
91,2018,35,-97,6
91,2018,35,-95,4
91,2018,35,-93,1
91,2018,35,-91,1
91,2018,35,-87,6
91,2018,35,-85,7
91,2018,35,-83,9
91,2018,35,-81,6
91,2018,35,-79,11
91,2018,35,-77,5
91,2018,37,-123,110
91,2018,37,-121,70
91,2018,37,-119,14
91,2018,37,-115,1
91,2018,37,-95,3
91,2018,37,-93,1
91,2018,37,-87,1
91,2018,37,-79,2
91,2018,37,-77,4
91,2018,37,-75,9
91,2018,39,-123,40
91,2018,39,-121,51
91,2018,39,-119,1
91,2018,39,-109,1
91,2018,39,-105,1
91,2018,39,-79,1
91,2018,39,-77,3
91,2018,39,-75,4
91,2018,39,-9,1
91,2018,39,3,1
91,2018,39,21,2
91,2018,39,23,2
91,2018,41,-125,2
91,2018,41,-123,4
91,2018,41,-121,1
91,2018,41,-111,8
91,2018,41,-81,1
91,2018,41,-79,1
91,2018,41,-73,2
91,2018,41,3,2
91,2018,41,13,1
91,2018,41,19,1
91,2018,43,-117,1
91,2018,43,-89,1
91,2018,43,-71,1
91,2018,43,1,3
91,2018,43,9,1
91,2018,43,27,1
91,2018,45,-123,1
91,2018,45,-121,1
91,2018,45,7,1
91,2018,45,9,1
91,2018,45,11,3
91,2018,45,13,1
91,2018,45,19,1
91,2018,47,-123,2
91,2018,47,-95,1
91,2018,47,-1,1
91,2018,47,7,1
91,2018,47,9,3
91,2018,47,13,1
91,2018,47,31,2
91,2018,49,3,2
91,2018,49,7,1
91,2018,49,9,4
91,2018,49,19,1
91,2018,51,-1,1
91,2018,51,3,1
91,2018,51,5,4
91,2018,53,1,1
91,2018,53,7,1
91,2018,55,9,1
91,2018,55,25,2
91,2018,55,31,1
91,2018,61,31,1
98,2015,1,103,2
98,2015,9,-85,2
98,2015,9,-83,2
98,2015,15,-97,9
98,2015,17,-97,1
98,2015,17,-95,1
98,2015,17,-93,6
98,2015,17,-91,2
98,2015,19,-99,13
98,2015,19,-97,2
98,2015,19,-71,1
98,2015,21,-157,1
98,2015,21,-105,27
98,2015,21,-103,1
98,2015,21,-101,2
98,2015,21,-89,1
98,2015,21,-87,1
98,2015,23,-107,12
98,2015,23,-105,7
98,2015,23,-99,1
98,2015,23,-81,1
98,2015,23,115,2
98,2015,25,-109,1
98,2015,25,-101,14
98,2015,27,-99,8
98,2015,27,-97,3
98,2015,27,-83,3
98,2015,27,-81,23
98,2015,29,-103,1
98,2015,29,-101,9
98,2015,29,-99,1
98,2015,29,-97,8
98,2015,29,-95,7
98,2015,29,-93,1
98,2015,29,-83,1
98,2015,29,83,1
98,2015,31,-111,9
98,2015,31,-107,2
98,2015,31,-101,13
98,2015,31,-99,8
98,2015,31,-97,20
98,2015,31,-95,6
98,2015,31,-91,2
98,2015,31,-89,1
98,2015,31,-87,4
98,2015,33,-119,12
98,2015,33,-117,35
98,2015,33,-113,2
98,2015,33,-111,6
98,2015,33,-101,9
98,2015,33,-97,50
98,2015,33,-95,2
98,2015,33,-93,8
98,2015,33,-81,1
98,2015,35,-121,9
98,2015,35,-119,27
98,2015,35,-117,8
98,2015,35,-113,2
98,2015,35,-93,3
98,2015,35,-85,1
98,2015,35,-83,5
98,2015,35,-81,13
98,2015,35,-79,2
98,2015,37,-123,108
98,2015,37,-121,49
98,2015,37,-119,8
98,2015,37,-115,12
98,2015,37,-83,1
98,2015,37,-79,2
98,2015,37,-77,3
98,2015,37,15,3
98,2015,37,23,1
98,2015,37,37,1
98,2015,39,-123,41
98,2015,39,-121,19
98,2015,39,-111,2
98,2015,39,-105,1
98,2015,39,-95,2
98,2015,39,-85,7
98,2015,39,-83,9
98,2015,39,-77,4
98,2015,39,-75,1
98,2015,41,-123,17
98,2015,41,-89,4
98,2015,41,-87,3
98,2015,41,-81,4
98,2015,43,-87,1
98,2015,43,-85,2
98,2015,43,-81,3
98,2015,43,-79,2
98,2015,43,-77,1
98,2015,43,-73,3
98,2015,43,-71,1
98,2015,45,-93,3
98,2015,45,-77,2
98,2015,45,-75,1
98,2015,45,-73,3
98,2015,45,-69,1
98,2015,45,9,1
98,2015,49,-81,1
98,2015,49,1,1
98,2015,51,1,1
98,2015,51,7,4
98,2015,55,13,1
98,2016,-39,175,1
98,2016,-31,29,1
98,2016,1,103,4
98,2016,11,-85,1
98,2016,13,75,1
98,2016,13,99,10
98,2016,15,-97,17
98,2016,15,-87,1
98,2016,17,-97,1
98,2016,17,-93,1
98,2016,19,-101,1
98,2016,19,-99,7
98,2016,19,-97,1
98,2016,19,-89,7
98,2016,19,-69,1
98,2016,19,-67,1
98,2016,21,-105,34
98,2016,21,-103,2
98,2016,21,-99,9
98,2016,21,-87,1
98,2016,21,73,1
98,2016,23,-107,16
98,2016,23,-101,1
98,2016,23,-99,4
98,2016,25,-101,4
98,2016,25,-83,1
98,2016,25,-81,1
98,2016,25,93,2
98,2016,27,-109,1
98,2016,27,-99,8
98,2016,27,-83,1
98,2016,27,-81,2
98,2016,29,-99,29
98,2016,29,-97,6
98,2016,29,-93,1
98,2016,29,-83,6
98,2016,29,-81,3
98,2016,31,-111,5
98,2016,31,-107,5
98,2016,31,-101,1
98,2016,31,-99,1
98,2016,31,-97,31
98,2016,31,-95,2
98,2016,31,-93,1
98,2016,31,-91,5
98,2016,31,-83,1
98,2016,31,75,1
98,2016,33,-119,9
98,2016,33,-117,21
98,2016,33,-115,1
98,2016,33,-113,1
98,2016,33,-111,7
98,2016,33,-101,3
98,2016,33,-97,107
98,2016,33,-95,9
98,2016,33,-93,1
98,2016,33,-89,1
98,2016,33,-79,1
98,2016,33,75,3
98,2016,35,-121,2
98,2016,35,-119,32
98,2016,35,-117,8
98,2016,35,-115,8
98,2016,35,-107,2
98,2016,35,-97,2
98,2016,35,-95,2
98,2016,35,-93,1
98,2016,35,-91,8
98,2016,35,-89,15
98,2016,35,-87,1
98,2016,35,-83,4
98,2016,35,127,1
98,2016,37,-123,24
98,2016,37,-121,19
98,2016,37,-119,1
98,2016,37,-99,1
98,2016,37,-97,15
98,2016,37,-95,19
98,2016,37,-89,5
98,2016,37,-81,1
98,2016,37,-79,1
98,2016,37,-77,6
98,2016,39,-123,15
98,2016,39,-121,2
98,2016,39,-109,6
98,2016,39,-93,3
98,2016,39,-91,1
98,2016,39,-85,1
98,2016,39,-81,1
98,2016,39,-79,1
98,2016,39,-77,10
98,2016,41,-125,2
98,2016,41,-105,1
98,2016,41,-89,2
98,2016,41,-87,1
98,2016,41,-83,1
98,2016,41,-75,3
98,2016,41,-9,1
98,2016,41,1,3
98,2016,41,23,1
98,2016,43,-93,1
98,2016,43,-83,1
98,2016,43,-79,1
98,2016,43,-73,1
98,2016,43,-71,3
98,2016,43,3,2
98,2016,43,7,5
98,2016,43,13,1
98,2016,43,23,1
98,2016,45,-123,1
98,2016,45,-77,1
98,2016,45,-73,1
98,2016,45,9,1
98,2016,45,11,5
98,2016,47,-123,1
98,2016,47,-117,1
98,2016,47,-115,1
98,2016,47,-113,5
98,2016,49,-123,4
98,2016,51,5,1
98,2016,51,7,1
98,2016,55,13,1
98,2017,-47,167,1
98,2017,-43,173,2
98,2017,-41,175,2
98,2017,-33,23,1
98,2017,-33,151,1
98,2017,-31,31,1
98,2017,-29,31,1
98,2017,-25,29,2
98,2017,-21,23,1
98,2017,-3,-39,1
98,2017,1,103,4
98,2017,9,-85,5
98,2017,9,-83,8
98,2017,9,-79,1
98,2017,11,-85,4
98,2017,15,-97,12
98,2017,15,-93,1
98,2017,15,-91,2
98,2017,17,-93,3
98,2017,17,-91,1
98,2017,19,-155,1
98,2017,19,-105,2
98,2017,19,-101,1
98,2017,19,-99,37
98,2017,19,-97,7
98,2017,19,-95,9
98,2017,19,-93,1
98,2017,19,-67,2
98,2017,21,-105,16
98,2017,21,-103,2
98,2017,21,-101,9
98,2017,21,-99,7
98,2017,21,-97,2
98,2017,21,-87,1
98,2017,23,-107,19
98,2017,23,-101,1
98,2017,23,-99,2
98,2017,23,-97,6
98,2017,23,115,2
98,2017,25,-109,5
98,2017,25,-101,43
98,2017,25,-99,2
98,2017,25,-81,24
98,2017,25,93,1
98,2017,27,-101,2
98,2017,27,-99,12
98,2017,27,-97,13
98,2017,27,-83,3
98,2017,27,-81,13
98,2017,27,89,7
98,2017,29,-111,2
98,2017,29,-103,2
98,2017,29,-101,11
98,2017,29,-99,24
98,2017,29,-97,25
98,2017,29,-95,55
98,2017,29,-93,3
98,2017,29,-89,1
98,2017,29,-83,14
98,2017,29,-81,6
98,2017,31,-109,4
98,2017,31,-105,2
98,2017,31,-101,2
98,2017,31,-99,28
98,2017,31,-97,222
98,2017,31,-95,36
98,2017,31,-93,5
98,2017,31,-91,11
98,2017,31,-89,3
98,2017,31,-85,4
98,2017,31,-83,1
98,2017,31,-81,1
98,2017,33,-119,19
98,2017,33,-117,83
98,2017,33,-115,3
98,2017,33,-113,2
98,2017,33,-111,59
98,2017,33,-109,2
98,2017,33,-103,1
98,2017,33,-101,3
98,2017,33,-99,8
98,2017,33,-97,372
98,2017,33,-95,14
98,2017,33,-93,2
98,2017,33,-87,4
98,2017,33,-85,3
98,2017,33,-83,1
98,2017,33,-81,5
98,2017,33,-79,1
98,2017,35,-121,2
98,2017,35,-119,106
98,2017,35,-117,31
98,2017,35,-115,4
98,2017,35,-107,1
98,2017,35,-99,2
98,2017,35,-97,11
98,2017,35,-95,89
98,2017,35,-93,4
98,2017,35,-89,4
98,2017,35,-87,2
98,2017,35,-85,6
98,2017,35,-83,21
98,2017,35,-81,10
98,2017,35,-79,20
98,2017,35,-77,8
98,2017,35,25,1
98,2017,37,-123,116
98,2017,37,-121,47
98,2017,37,-119,8
98,2017,37,-117,1
98,2017,37,-115,3
98,2017,37,-105,3
98,2017,37,-97,12
98,2017,37,-95,32
98,2017,37,-93,1
98,2017,37,-91,8
98,2017,37,-89,5
98,2017,37,-83,3
98,2017,37,-81,1
98,2017,37,-79,8
98,2017,37,-77,21
98,2017,37,-75,3
98,2017,37,-7,1
98,2017,37,-3,1
98,2017,39,-123,62
98,2017,39,-121,15
98,2017,39,-109,6
98,2017,39,-105,1
98,2017,39,-93,8
98,2017,39,-91,1
98,2017,39,-89,2
98,2017,39,-85,12
98,2017,39,-83,6
98,2017,39,-81,3
98,2017,39,-79,6
98,2017,39,-77,56
98,2017,39,-75,2
98,2017,41,-113,1
98,2017,41,-111,1
98,2017,41,-105,8
98,2017,41,-95,1
98,2017,41,-91,3
98,2017,41,-89,10
98,2017,41,-87,12
98,2017,41,-83,17
98,2017,41,-81,11
98,2017,41,-75,7
98,2017,41,-73,3
98,2017,41,-71,1
98,2017,41,-5,1
98,2017,41,3,3
98,2017,43,-113,1
98,2017,43,-93,3
98,2017,43,-89,4
98,2017,43,-87,1
98,2017,43,-85,2
98,2017,43,-83,2
98,2017,43,-81,17
98,2017,43,-79,31
98,2017,43,-77,3
98,2017,43,-73,6
98,2017,43,-71,13
98,2017,43,-7,4
98,2017,43,-3,7
98,2017,43,3,1
98,2017,43,11,1
98,2017,43,13,1
98,2017,43,23,1
98,2017,43,27,1
98,2017,45,-93,5
98,2017,45,-79,8
98,2017,45,-77,5
98,2017,45,-75,9
98,2017,45,-73,9
98,2017,45,-69,5
98,2017,45,-65,1
98,2017,45,5,3
98,2017,45,7,7
98,2017,45,9,4
98,2017,45,11,3
98,2017,47,-123,1
98,2017,47,-85,2
98,2017,47,7,1
98,2017,47,9,1
98,2017,49,-123,2
98,2017,49,-97,8
98,2017,49,-89,1
98,2017,49,1,2
98,2017,49,3,1
98,2017,49,7,1
98,2017,49,9,15
98,2017,51,-1,6
98,2017,51,5,2
98,2017,51,7,2
98,2017,51,13,1
98,2017,51,15,1
98,2017,53,11,1
98,2017,55,-131,1
98,2018,-43,173,1
98,2018,-39,177,1
98,2018,-37,147,1
98,2018,-37,177,1
98,2018,-33,21,1
98,2018,-31,31,1
98,2018,-29,29,1
98,2018,-27,153,1
98,2018,-23,-47,1
98,2018,-21,23,1
98,2018,-3,37,1
98,2018,1,103,5
98,2018,5,-75,1
98,2018,9,-85,1
98,2018,9,-83,4
98,2018,9,-79,2
98,2018,11,-85,6
98,2018,13,-87,2
98,2018,15,-97,5
98,2018,15,-89,2
98,2018,15,-87,12
98,2018,15,-61,2
98,2018,17,-97,2
98,2018,17,-95,1
98,2018,17,-93,8
98,2018,19,-105,2
98,2018,19,-103,1
98,2018,19,-101,6
98,2018,19,-99,23
98,2018,19,-97,5
98,2018,19,-75,3
98,2018,19,-71,2
98,2018,19,-65,1
98,2018,21,-157,1
98,2018,21,-105,3
98,2018,21,-103,1
98,2018,21,-101,2
98,2018,21,-99,5
98,2018,21,-97,1
98,2018,21,-87,1
98,2018,21,107,1
98,2018,23,-107,1
98,2018,23,-99,1
98,2018,23,113,1
98,2018,23,115,5
98,2018,25,-107,1
98,2018,25,-101,27
98,2018,25,-97,4
98,2018,25,-81,20
98,2018,25,91,1
98,2018,27,-101,1
98,2018,27,-99,110
98,2018,27,-97,54
98,2018,27,-83,14
98,2018,27,-81,9
98,2018,29,-111,2
98,2018,29,-103,4
98,2018,29,-101,53
98,2018,29,-99,79
98,2018,29,-97,24
98,2018,29,-95,25
98,2018,29,-83,17
98,2018,29,-81,18
98,2018,31,-111,10
98,2018,31,-109,1
98,2018,31,-107,6
98,2018,31,-105,4
98,2018,31,-103,3
98,2018,31,-101,27
98,2018,31,-99,59
98,2018,31,-97,163
98,2018,31,-95,23
98,2018,31,-93,7
98,2018,31,-91,6
98,2018,31,-89,12
98,2018,31,-87,1
98,2018,31,-85,1
98,2018,31,-83,1
98,2018,31,-81,5
98,2018,33,-119,16
98,2018,33,-117,84
98,2018,33,-113,1
98,2018,33,-111,17
98,2018,33,-107,2
98,2018,33,-103,1
98,2018,33,-101,6
98,2018,33,-99,11
98,2018,33,-97,146
98,2018,33,-95,3
98,2018,33,-93,1
98,2018,33,-89,6
98,2018,33,-87,5
98,2018,33,-85,10
98,2018,33,-83,3
98,2018,33,-81,11
98,2018,33,-79,2
98,2018,35,-121,3
98,2018,35,-119,104
98,2018,35,-117,24
98,2018,35,-113,1
98,2018,35,-107,3
98,2018,35,-97,7
98,2018,35,-95,8
98,2018,35,-93,20
98,2018,35,-91,2
98,2018,35,-87,18
98,2018,35,-85,13
98,2018,35,-83,13
98,2018,35,-81,10
98,2018,35,-79,11
98,2018,35,-77,6
98,2018,35,129,1
98,2018,35,135,1
98,2018,37,-123,143
98,2018,37,-121,119
98,2018,37,-119,14
98,2018,37,-115,2
98,2018,37,-111,1
98,2018,37,-99,2
98,2018,37,-97,6
98,2018,37,-95,16
98,2018,37,-93,2
98,2018,37,-91,1
98,2018,37,-89,1
98,2018,37,-87,3
98,2018,37,-85,8
98,2018,37,-83,3
98,2018,37,-79,4
98,2018,37,-77,3
98,2018,37,-75,3
98,2018,37,27,1
98,2018,37,35,1
98,2018,39,-123,39
98,2018,39,-121,41
98,2018,39,-119,3
98,2018,39,-105,1
98,2018,39,-93,3
98,2018,39,-85,5
98,2018,39,-83,5
98,2018,39,-81,1
98,2018,39,-79,4
98,2018,39,-77,17
98,2018,39,-75,2
98,2018,39,19,1
98,2018,41,-125,3
98,2018,41,-123,5
98,2018,41,-115,1
98,2018,41,-111,1
98,2018,41,-105,1
98,2018,41,-89,1
98,2018,41,-87,2
98,2018,41,-81,7
98,2018,41,-79,2
98,2018,41,-77,2
98,2018,41,-73,4
98,2018,41,-71,3
98,2018,41,-3,1
98,2018,43,-117,2
98,2018,43,-89,2
98,2018,43,-81,2
98,2018,43,-75,1
98,2018,43,-73,1
98,2018,43,-71,2
98,2018,43,-65,1
98,2018,43,3,1
98,2018,45,-121,5
98,2018,45,-117,1
98,2018,45,-75,1
98,2018,45,-1,1
98,2018,45,1,2
98,2018,45,5,1
98,2018,45,9,5
98,2018,45,11,4
98,2018,47,-123,1
98,2018,47,-121,3
98,2018,47,1,2
98,2018,47,3,1
98,2018,47,7,1
98,2018,47,9,2
98,2018,47,11,2
98,2018,47,31,2
98,2018,49,-125,1
98,2018,49,-123,1
98,2018,49,3,1
98,2018,49,7,2
98,2018,49,9,6
98,2018,49,11,1
98,2018,49,17,1
98,2018,51,-1,3
98,2018,51,5,8
98,2018,51,9,1
98,2018,51,11,1
98,2018,51,13,1
98,2018,53,-87,1
98,2018,55,9,1
98,2018,55,39,1
98,2018,57,13,1
105,2015,-35,23,1
105,2015,-29,27,1
105,2015,-25,29,1
105,2015,-15,-57,1
105,2015,-7,113,1
105,2015,9,99,1
105,2015,17,-99,1
105,2015,17,-97,1
105,2015,17,-93,4
105,2015,17,-89,1
105,2015,19,-99,8
105,2015,19,-97,4
105,2015,19,-95,1
105,2015,19,-89,34
105,2015,21,-105,8
105,2015,21,-103,1
105,2015,21,-99,1
105,2015,23,-109,1
105,2015,23,-107,22
105,2015,23,115,1
105,2015,25,-109,1
105,2015,25,-101,8
105,2015,25,-99,2
105,2015,25,-81,8
105,2015,27,-101,5
105,2015,27,-99,1
105,2015,27,-83,2
105,2015,27,-81,6
105,2015,29,-111,1
105,2015,29,-101,2
105,2015,29,-99,7
105,2015,29,-97,2
105,2015,29,-95,11
105,2015,29,-83,9
105,2015,29,-81,11
105,2015,29,-11,1
105,2015,31,-111,21
105,2015,31,-105,3
105,2015,31,-103,13
105,2015,31,-99,19
105,2015,31,-97,37
105,2015,31,-95,8
105,2015,31,-91,1
105,2015,31,-89,1
105,2015,31,-87,3
105,2015,31,-85,4
105,2015,33,-119,1
105,2015,33,-117,13
105,2015,33,-111,6
105,2015,33,-107,1
105,2015,33,-97,66
105,2015,33,-95,4
105,2015,33,-93,1
105,2015,33,-81,1
105,2015,33,-79,6
105,2015,35,-119,38
105,2015,35,-117,6
105,2015,35,-115,5
105,2015,35,-109,2
105,2015,35,-101,5
105,2015,35,-99,2
105,2015,35,-97,2
105,2015,35,-95,5
105,2015,35,-93,10
105,2015,35,-89,1
105,2015,35,-87,3
105,2015,35,-83,4
105,2015,35,-81,2
105,2015,35,-75,1
105,2015,37,-123,53
105,2015,37,-121,60
105,2015,37,-119,1
105,2015,37,-115,12
105,2015,37,-111,1
105,2015,37,-87,1
105,2015,37,-83,1
105,2015,37,-81,2
105,2015,37,-79,2
105,2015,37,-77,4
105,2015,37,-7,1
105,2015,37,37,1
105,2015,37,139,1
105,2015,39,-123,20
105,2015,39,-121,10
105,2015,39,-105,1
105,2015,39,-97,2
105,2015,39,-95,5
105,2015,39,-85,1
105,2015,39,-83,1
105,2015,39,-79,10
105,2015,39,-77,8
105,2015,39,-75,3
105,2015,41,-121,3
105,2015,41,-101,1
105,2015,41,-91,1
105,2015,41,-89,2
105,2015,41,-85,1
105,2015,41,-83,2
105,2015,41,-81,2
105,2015,41,-75,7
105,2015,41,-73,2
105,2015,41,-71,1
105,2015,41,1,1
105,2015,41,23,1
105,2015,43,-123,1
105,2015,43,-121,1
105,2015,43,-111,2
105,2015,43,-87,1
105,2015,43,-85,2
105,2015,43,-81,3
105,2015,43,-73,10
105,2015,43,-71,4
105,2015,43,3,1
105,2015,45,-123,1
105,2015,45,-77,5
105,2015,45,-73,2
105,2015,47,-117,1
105,2015,49,-123,2
105,2015,49,9,1
105,2015,51,7,4
105,2015,51,11,2
105,2015,51,13,1
105,2015,53,-1,1
105,2016,-37,175,1
105,2016,-33,23,1
105,2016,-31,31,1
105,2016,-31,153,1
105,2016,-29,29,1
105,2016,-25,29,1
105,2016,-13,29,1
105,2016,1,103,3
105,2016,5,-1,1
105,2016,9,-85,1
105,2016,9,-83,1
105,2016,9,-79,1
105,2016,9,-77,1
105,2016,13,-87,1
105,2016,15,-97,41
105,2016,15,-93,2
105,2016,15,-87,1
105,2016,17,-93,2
105,2016,17,-91,1
105,2016,19,-101,2
105,2016,19,-99,11
105,2016,19,-97,3
105,2016,19,-95,3
105,2016,19,-93,1
105,2016,19,-67,13
105,2016,21,-105,13
105,2016,21,-103,3
105,2016,21,-99,11
105,2016,21,-97,2
105,2016,21,-79,2
105,2016,23,-109,1
105,2016,23,-107,5
105,2016,23,-81,7
105,2016,25,-101,13
105,2016,25,-81,6
105,2016,25,121,1
105,2016,27,-109,2
105,2016,27,-99,6
105,2016,27,-81,4
105,2016,29,-111,1
105,2016,29,-99,10
105,2016,29,-97,5
105,2016,29,-95,5
105,2016,29,-83,3
105,2016,31,-109,1
105,2016,31,-101,1
105,2016,31,-99,5
105,2016,31,-97,54
105,2016,31,-95,6
105,2016,31,-91,1
105,2016,31,-83,4
105,2016,33,-119,44
105,2016,33,-117,51
105,2016,33,-115,1
105,2016,33,-111,11
105,2016,33,-97,95
105,2016,33,-95,5
105,2016,33,-93,1
105,2016,33,-87,3
105,2016,33,-83,1
105,2016,33,-81,6
105,2016,33,75,1
105,2016,35,-121,5
105,2016,35,-119,169
105,2016,35,-117,11
105,2016,35,-113,2
105,2016,35,-111,1
105,2016,35,-97,1
105,2016,35,-95,1
105,2016,35,-89,3
105,2016,35,-87,9
105,2016,35,-85,1
105,2016,35,-83,3
105,2016,35,-81,3
105,2016,35,-79,8
105,2016,35,-77,1
105,2016,35,25,1
105,2016,37,-123,166
105,2016,37,-121,45
105,2016,37,-119,3
105,2016,37,-117,1
105,2016,37,-115,1
105,2016,37,-99,3
105,2016,37,-97,20
105,2016,37,-95,4
105,2016,37,-89,12
105,2016,37,-83,2
105,2016,37,-81,1
105,2016,37,-79,4
105,2016,37,-77,14
105,2016,39,-123,29
105,2016,39,-121,2
105,2016,39,-119,2
105,2016,39,-109,5
105,2016,39,-91,5
105,2016,39,-87,2
105,2016,39,-85,4
105,2016,39,-83,4
105,2016,39,-81,2
105,2016,39,-79,17
105,2016,39,-77,26
105,2016,39,-75,9
105,2016,41,-123,3
105,2016,41,-93,3
105,2016,41,-91,2
105,2016,41,-89,3
105,2016,41,-87,3
105,2016,41,-83,7
105,2016,41,-81,10
105,2016,41,-79,3
105,2016,41,-75,7
105,2016,41,1,9
105,2016,41,17,1
105,2016,41,21,1
105,2016,41,45,1
105,2016,43,-121,1
105,2016,43,-91,2
105,2016,43,-89,2
105,2016,43,-87,1
105,2016,43,-85,1
105,2016,43,-83,1
105,2016,43,-81,3
105,2016,43,-79,6
105,2016,43,-75,1
105,2016,43,-73,7
105,2016,43,-71,10
105,2016,43,3,1
105,2016,45,-123,3
105,2016,45,-117,1
105,2016,45,-93,3
105,2016,45,-77,6
105,2016,45,-75,13
105,2016,45,-73,8
105,2016,45,9,2
105,2016,45,11,1
105,2016,47,-125,1
105,2016,47,-123,4
105,2016,47,-117,1
105,2016,47,-113,4
105,2016,47,-79,1
105,2016,49,-123,2
105,2016,49,-117,3
105,2016,49,3,2
105,2016,49,9,2
105,2016,49,23,1
105,2016,51,-115,1
105,2016,51,-105,1
105,2016,51,-1,1
105,2016,53,-7,1
105,2016,57,-119,1
105,2017,-43,171,1
105,2017,-43,173,1
105,2017,-37,175,3
105,2017,-33,151,1
105,2017,-31,31,2
105,2017,-25,27,4
105,2017,-25,29,3
105,2017,-7,107,3
105,2017,-5,105,1
105,2017,1,103,2
105,2017,5,-75,2
105,2017,13,101,1
105,2017,15,-97,14
105,2017,15,-93,2
105,2017,15,109,2
105,2017,17,-97,3
105,2017,17,-91,8
105,2017,19,-101,2
105,2017,19,-99,20
105,2017,19,-97,6
105,2017,19,-95,1
105,2017,19,-87,1
105,2017,21,-105,6
105,2017,21,-103,4
105,2017,21,-101,3
105,2017,21,-99,13
105,2017,21,-97,1
105,2017,21,-89,1
105,2017,23,-109,1
105,2017,23,-107,30
105,2017,23,115,3
105,2017,25,-101,19
105,2017,25,-97,3
105,2017,25,-81,55
105,2017,27,-99,1
105,2017,27,-97,18
105,2017,27,-83,1
105,2017,27,-81,2
105,2017,29,-103,4
105,2017,29,-101,17
105,2017,29,-99,27
105,2017,29,-97,53
105,2017,29,-95,139
105,2017,29,-83,2
105,2017,29,-81,9
105,2017,31,-111,1
105,2017,31,-105,1
105,2017,31,-101,5
105,2017,31,-99,46
105,2017,31,-97,414
105,2017,31,-95,49
105,2017,31,-93,1
105,2017,31,-91,9
105,2017,31,-89,7
105,2017,31,-85,2
105,2017,31,-81,1
105,2017,33,-119,35
105,2017,33,-117,50
105,2017,33,-115,2
105,2017,33,-113,1
105,2017,33,-111,11
105,2017,33,-109,1
105,2017,33,-107,2
105,2017,33,-105,1
105,2017,33,-101,5
105,2017,33,-99,10
105,2017,33,-97,797
105,2017,33,-95,9
105,2017,33,-87,9
105,2017,33,-85,2
105,2017,33,-83,3
105,2017,33,-81,2
105,2017,33,35,3
105,2017,35,-121,1
105,2017,35,-119,241
105,2017,35,-117,26
105,2017,35,-115,6
105,2017,35,-113,6
105,2017,35,-109,1
105,2017,35,-101,2
105,2017,35,-97,17
105,2017,35,-95,21
105,2017,35,-93,8
105,2017,35,-89,7
105,2017,35,-87,1
105,2017,35,-85,7
105,2017,35,-83,8
105,2017,35,-81,8
105,2017,35,-79,83
105,2017,35,-77,2
105,2017,35,-75,3
105,2017,35,137,2
105,2017,37,-123,168
105,2017,37,-121,74
105,2017,37,-119,1
105,2017,37,-115,2
105,2017,37,-109,3
105,2017,37,-99,5
105,2017,37,-97,5
105,2017,37,-95,24
105,2017,37,-93,1
105,2017,37,-91,1
105,2017,37,-89,2
105,2017,37,-87,9
105,2017,37,-85,1
105,2017,37,-83,6
105,2017,37,-81,2
105,2017,37,-79,7
105,2017,37,-77,21
105,2017,37,-75,1
105,2017,37,-9,1
105,2017,37,-1,1
105,2017,37,15,1
105,2017,37,29,1
105,2017,37,127,1
105,2017,39,-123,88
105,2017,39,-121,17
105,2017,39,-119,3
105,2017,39,-109,8
105,2017,39,-105,8
105,2017,39,-95,2
105,2017,39,-93,7
105,2017,39,-91,2
105,2017,39,-89,2
105,2017,39,-87,3
105,2017,39,-85,7
105,2017,39,-83,14
105,2017,39,-79,7
105,2017,39,-77,96
105,2017,39,-75,2
105,2017,39,27,1
105,2017,41,-125,1
105,2017,41,-113,2
105,2017,41,-111,13
105,2017,41,-105,7
105,2017,41,-97,2
105,2017,41,-95,1
105,2017,41,-91,1
105,2017,41,-89,9
105,2017,41,-87,36
105,2017,41,-85,2
105,2017,41,-83,9
105,2017,41,-81,5
105,2017,41,-79,3
105,2017,41,-77,1
105,2017,41,-75,4
105,2017,41,-73,10
105,2017,41,-71,2
105,2017,41,-69,1
105,2017,41,-5,1
105,2017,41,3,1
105,2017,41,13,1
105,2017,41,23,2
105,2017,43,-93,4
105,2017,43,-91,2
105,2017,43,-89,9
105,2017,43,-87,6
105,2017,43,-85,2
105,2017,43,-83,8
105,2017,43,-81,10
105,2017,43,-79,17
105,2017,43,-77,8
105,2017,43,-73,3
105,2017,43,-71,17
105,2017,43,-9,1
105,2017,43,3,3
105,2017,43,13,1
105,2017,45,-123,2
105,2017,45,-93,24
105,2017,45,-79,6
105,2017,45,-77,5
105,2017,45,-75,1
105,2017,45,-73,3
105,2017,45,7,1
105,2017,45,9,4
105,2017,45,11,5
105,2017,45,13,1
105,2017,47,-123,3
105,2017,47,-3,1
105,2017,47,-1,1
105,2017,47,9,2
105,2017,47,31,1
105,2017,49,-97,4
105,2017,49,1,3
105,2017,49,3,2
105,2017,49,9,6
105,2017,51,-115,1
105,2017,51,-97,2
105,2017,51,-1,3
105,2017,53,-3,1
105,2017,53,-1,2
105,2017,53,11,2
105,2017,59,-135,1
105,2018,-45,169,1
105,2018,-45,171,1
105,2018,-39,175,1
105,2018,-37,175,1
105,2018,-31,153,1
105,2018,-29,33,1
105,2018,-27,153,1
105,2018,-23,-47,1
105,2018,-23,31,1
105,2018,-19,23,1
105,2018,-19,25,1
105,2018,-17,25,1
105,2018,-17,31,1
105,2018,-13,-69,1
105,2018,-7,-35,1
105,2018,-3,35,1
105,2018,1,103,3
105,2018,3,101,1
105,2018,9,-79,2
105,2018,11,-85,5
105,2018,11,-83,1
105,2018,11,77,3
105,2018,11,93,1
105,2018,13,77,2
105,2018,15,-97,3
105,2018,15,-87,1
105,2018,15,-61,1
105,2018,17,-97,15
105,2018,17,-95,1
105,2018,17,-93,1
105,2018,17,-63,5
105,2018,19,-103,2
105,2018,19,-101,3
105,2018,19,-99,12
105,2018,19,-97,5
105,2018,19,-75,1
105,2018,21,-105,11
105,2018,21,-103,1
105,2018,21,-101,1
105,2018,21,-99,8
105,2018,21,-97,1
105,2018,21,-85,1
105,2018,23,-99,2
105,2018,23,113,4
105,2018,23,115,17
105,2018,25,-109,1
105,2018,25,-103,2
105,2018,25,-101,22
105,2018,25,-97,14
105,2018,25,-81,13
105,2018,27,-109,21
105,2018,27,-101,1
105,2018,27,-99,46
105,2018,27,-97,39
105,2018,27,-83,16
105,2018,27,-81,18
105,2018,27,89,1
105,2018,29,-111,2
105,2018,29,-101,1
105,2018,29,-99,55
105,2018,29,-97,24
105,2018,29,-95,25
105,2018,29,-93,1
105,2018,29,-83,41
105,2018,29,-81,20
105,2018,29,-15,1
105,2018,29,113,1
105,2018,31,-111,5
105,2018,31,-109,1
105,2018,31,-107,4
105,2018,31,-103,2
105,2018,31,-101,2
105,2018,31,-99,71
105,2018,31,-97,137
105,2018,31,-95,36
105,2018,31,-93,3
105,2018,31,-91,16
105,2018,31,-89,7
105,2018,31,-87,4
105,2018,31,-85,2
105,2018,31,-81,7
105,2018,33,-119,21
105,2018,33,-117,56
105,2018,33,-115,1
105,2018,33,-113,1
105,2018,33,-111,22
105,2018,33,-107,1
105,2018,33,-101,3
105,2018,33,-99,8
105,2018,33,-97,183
105,2018,33,-95,4
105,2018,33,-93,3
105,2018,33,-91,2
105,2018,33,-87,2
105,2018,33,-85,10
105,2018,33,-81,12
105,2018,33,-79,2
105,2018,33,35,2
105,2018,35,-121,5
105,2018,35,-119,63
105,2018,35,-117,13
105,2018,35,-111,2
105,2018,35,-107,2
105,2018,35,-99,2
105,2018,35,-97,9
105,2018,35,-95,21
105,2018,35,-93,10
105,2018,35,-91,14
105,2018,35,-89,8
105,2018,35,-87,11
105,2018,35,-85,15
105,2018,35,-83,12
105,2018,35,-81,10
105,2018,35,-79,23
105,2018,35,-77,1
105,2018,35,139,2
105,2018,37,-123,92
105,2018,37,-121,88
105,2018,37,-119,4
105,2018,37,-117,1
105,2018,37,-115,2
105,2018,37,-113,3
105,2018,37,-111,1
105,2018,37,-107,2
105,2018,37,-105,1
105,2018,37,-99,4
105,2018,37,-97,4
105,2018,37,-95,8
105,2018,37,-93,4
105,2018,37,-91,1
105,2018,37,-89,3
105,2018,37,-87,4
105,2018,37,-85,2
105,2018,37,-81,3
105,2018,37,-79,4
105,2018,37,-77,7
105,2018,37,-75,11
105,2018,37,-5,1
105,2018,37,127,1
105,2018,39,-123,66
105,2018,39,-121,27
105,2018,39,-105,1
105,2018,39,-99,1
105,2018,39,-93,2
105,2018,39,-91,1
105,2018,39,-89,1
105,2018,39,-85,3
105,2018,39,-83,6
105,2018,39,-79,5
105,2018,39,-77,35
105,2018,39,-75,4
105,2018,39,21,3
105,2018,41,-125,5
105,2018,41,-123,2
105,2018,41,-113,1
105,2018,41,-111,5
105,2018,41,-105,2
105,2018,41,-89,1
105,2018,41,-87,1
105,2018,41,-83,3
105,2018,41,-79,4
105,2018,41,-77,1
105,2018,41,-75,2
105,2018,41,-73,1
105,2018,41,-71,1
105,2018,41,-9,1
105,2018,41,-3,1
105,2018,41,1,1
105,2018,41,45,2
105,2018,43,-119,1
105,2018,43,-115,1
105,2018,43,-113,2
105,2018,43,-91,1
105,2018,43,-85,1
105,2018,43,-83,1
105,2018,43,-81,4
105,2018,43,-79,6
105,2018,43,-77,4
105,2018,43,-71,2
105,2018,43,3,5
105,2018,43,5,2
105,2018,43,9,3
105,2018,43,11,1
105,2018,43,27,1
105,2018,45,-123,7
105,2018,45,-121,8
105,2018,45,-93,2
105,2018,45,-79,1
105,2018,45,-77,15
105,2018,45,-75,2
105,2018,45,-73,2
105,2018,45,3,1
105,2018,45,7,2
105,2018,45,9,4
105,2018,45,11,8
105,2018,47,-123,1
105,2018,47,-121,3
105,2018,47,-117,2
105,2018,47,-97,1
105,2018,47,-81,1
105,2018,47,3,2
105,2018,47,7,2
105,2018,47,11,1
105,2018,47,23,1
105,2018,47,31,4
105,2018,49,-123,1
105,2018,49,-121,1
105,2018,49,-117,1
105,2018,49,-113,2
105,2018,49,-97,2
105,2018,49,1,2
105,2018,49,3,3
105,2018,49,9,4
105,2018,49,11,2
105,2018,49,15,1
105,2018,49,17,1
105,2018,51,-115,1
105,2018,51,-97,1
105,2018,51,-3,7
105,2018,51,-1,2
105,2018,51,5,9
105,2018,51,9,2
105,2018,51,11,2
105,2018,51,13,2
105,2018,53,-113,1
105,2018,53,-3,1
105,2018,53,13,1
105,2018,53,15,1
105,2018,55,9,2
105,2018,55,25,1
105,2018,61,-115,1
105,2018,61,5,1
112,2015,-33,23,3
112,2015,-33,25,1
112,2015,-21,57,2
112,2015,7,81,1
112,2015,11,-85,1
112,2015,17,-97,3
112,2015,17,-95,20
112,2015,17,-93,8
112,2015,17,-91,1
112,2015,19,-103,3
112,2015,19,-99,2
112,2015,19,-97,8
112,2015,19,-95,1
112,2015,21,-105,12
112,2015,21,-103,2
112,2015,21,-101,2
112,2015,21,-99,2
112,2015,21,-97,1
112,2015,21,-87,2
112,2015,23,-107,24
112,2015,23,-101,1
112,2015,23,-99,1
112,2015,25,-111,1
112,2015,25,-107,2
112,2015,25,-101,14
112,2015,25,-99,1
112,2015,25,-81,1
112,2015,27,-103,1
112,2015,27,-101,2
112,2015,27,-97,2
112,2015,29,-103,1
112,2015,29,-101,1
112,2015,29,-99,11
112,2015,29,-97,6
112,2015,29,-95,8
112,2015,29,-83,5
112,2015,29,-81,4
112,2015,29,-11,1
112,2015,31,-111,13
112,2015,31,-107,1
112,2015,31,-103,1
112,2015,31,-99,35
112,2015,31,-97,90
112,2015,31,-95,9
112,2015,31,-89,1
112,2015,31,-87,1
112,2015,31,-85,2
112,2015,33,-119,2
112,2015,33,-117,8
112,2015,33,-113,1
112,2015,33,-111,5
112,2015,33,-99,1
112,2015,33,-97,50
112,2015,33,-95,9
112,2015,33,-93,3
112,2015,35,-119,12
112,2015,35,-117,1
112,2015,35,-115,2
112,2015,35,-109,1
112,2015,35,-93,6
112,2015,35,-91,7
112,2015,35,-89,1
112,2015,35,-87,20
112,2015,35,-83,5
112,2015,35,-81,3
112,2015,35,1,1
112,2015,37,-123,57
112,2015,37,-121,38
112,2015,37,-115,5
112,2015,37,-79,2
112,2015,37,-77,2
112,2015,39,-123,36
112,2015,39,-121,9
112,2015,39,-119,1
112,2015,39,-105,4
112,2015,39,-95,1
112,2015,39,-91,3
112,2015,39,-85,3
112,2015,39,-83,1
112,2015,39,-81,1
112,2015,39,-77,12
112,2015,39,-75,2
112,2015,41,-103,1
112,2015,41,-87,2
112,2015,41,-85,1
112,2015,41,-83,4
112,2015,41,-81,1
112,2015,41,-79,2
112,2015,41,-75,3
112,2015,41,-73,1
112,2015,41,-7,2
112,2015,41,1,1
112,2015,41,21,1
112,2015,43,-85,2
112,2015,43,-79,1
112,2015,43,-77,1
112,2015,43,-73,1
112,2015,43,-71,2
112,2015,43,11,2
112,2015,45,-91,1
112,2015,45,-77,2
112,2015,45,-73,1
112,2015,45,11,1
112,2015,45,19,1
112,2015,49,-125,1
112,2015,49,1,2
112,2015,51,-115,1
112,2015,51,5,1
112,2015,51,7,10
112,2015,53,-3,1
112,2015,53,7,4
112,2016,-33,23,1
112,2016,-31,31,2
112,2016,-29,33,2
112,2016,-27,33,1
112,2016,3,29,1
112,2016,3,101,2
112,2016,5,-1,1
112,2016,9,-79,1
112,2016,11,-85,2
112,2016,15,-97,16
112,2016,17,-95,1
112,2016,17,-93,4
112,2016,17,-67,2
112,2016,19,-155,1
112,2016,19,-105,2
112,2016,19,-103,1
112,2016,19,-101,1
112,2016,19,-99,3
112,2016,19,-97,1
112,2016,19,-95,1
112,2016,19,-67,1
112,2016,21,-107,5
112,2016,21,-105,8
112,2016,21,-103,1
112,2016,21,-99,4
112,2016,21,-97,1
112,2016,21,-89,1
112,2016,23,-107,8
112,2016,23,-99,2
112,2016,25,-101,22
112,2016,25,-99,1
112,2016,25,-97,1
112,2016,25,-81,10
112,2016,27,-103,3
112,2016,27,-101,2
112,2016,27,-99,14
112,2016,27,-97,2
112,2016,27,-83,1
112,2016,27,-81,8
112,2016,29,-111,1
112,2016,29,-105,1
112,2016,29,-103,2
112,2016,29,-99,12
112,2016,29,-97,18
112,2016,29,-95,7
112,2016,29,-83,8
112,2016,29,-81,11
112,2016,31,-99,12
112,2016,31,-97,48
112,2016,31,-95,8
112,2016,31,-91,2
112,2016,31,-89,1
112,2016,31,-83,1
112,2016,31,-81,3
112,2016,33,-119,15
112,2016,33,-117,47
112,2016,33,-113,1
112,2016,33,-111,4
112,2016,33,-107,2
112,2016,33,-99,3
112,2016,33,-97,134
112,2016,33,-95,5
112,2016,33,-93,1
112,2016,33,-87,6
112,2016,33,-83,1
112,2016,33,-81,1
112,2016,33,35,1
112,2016,35,-121,7
112,2016,35,-119,60
112,2016,35,-117,3
112,2016,35,-101,2
112,2016,35,-99,9
112,2016,35,-97,4
112,2016,35,-95,5
112,2016,35,-93,3
112,2016,35,-89,1
112,2016,35,-87,7
112,2016,35,-85,1
112,2016,35,-83,3
112,2016,35,-81,2
112,2016,35,-79,6
112,2016,37,-123,46
112,2016,37,-121,65
112,2016,37,-119,3
112,2016,37,-115,3
112,2016,37,-97,8
112,2016,37,-95,5
112,2016,37,-93,4
112,2016,37,-91,3
112,2016,37,-85,2
112,2016,37,-79,2
112,2016,37,-77,21
112,2016,37,-75,3
112,2016,37,-5,1
112,2016,37,-3,1
112,2016,37,13,1
112,2016,37,127,1
112,2016,39,-123,28
112,2016,39,-121,11
112,2016,39,-105,1
112,2016,39,-97,2
112,2016,39,-93,3
112,2016,39,-85,6
112,2016,39,-83,5
112,2016,39,-81,1
112,2016,39,-79,5
112,2016,39,-77,31
112,2016,39,-75,3
112,2016,39,-9,4
112,2016,39,17,1
112,2016,39,45,1
112,2016,41,-123,2
112,2016,41,-111,2
112,2016,41,-103,1
112,2016,41,-97,2
112,2016,41,-95,2
112,2016,41,-89,1
112,2016,41,-87,4
112,2016,41,-85,1
112,2016,41,-83,2
112,2016,41,-81,10
112,2016,41,-79,2
112,2016,41,-77,2
112,2016,41,-75,9
112,2016,41,-73,2
112,2016,41,-71,1
112,2016,41,45,1
112,2016,43,-87,2
112,2016,43,-83,2
112,2016,43,-81,4
112,2016,43,-79,4
112,2016,43,-77,1
112,2016,43,-73,8
112,2016,43,-71,5
112,2016,43,3,1
112,2016,45,-123,1
112,2016,45,-121,1
112,2016,45,-93,1
112,2016,45,-77,1
112,2016,45,-75,4
112,2016,45,-73,7
112,2016,45,-71,1
112,2016,45,9,1
112,2016,47,-123,4
112,2016,47,27,1
112,2016,49,-123,1
112,2016,49,-117,2
112,2016,49,1,1
112,2016,51,7,4
112,2016,51,13,2
112,2016,53,-105,1
112,2016,53,5,2
112,2016,59,11,1
112,2017,-45,171,1
112,2017,-43,173,6
112,2017,-33,25,1
112,2017,-33,151,1
112,2017,-29,31,1
112,2017,-25,27,1
112,2017,-19,17,1
112,2017,-7,107,1
112,2017,1,103,10
112,2017,9,-83,7
112,2017,11,-85,1
112,2017,13,-87,1
112,2017,13,-85,15
112,2017,15,-97,5
112,2017,15,-93,9
112,2017,17,-93,3
112,2017,19,-105,2
112,2017,19,-103,2
112,2017,19,-101,2
112,2017,19,-99,26
112,2017,19,-97,9
112,2017,19,-95,2
112,2017,19,-69,1
112,2017,21,-105,4
112,2017,21,-103,2
112,2017,21,-101,1
112,2017,21,-99,12
112,2017,21,-97,1
112,2017,21,-89,1
112,2017,21,-87,5
112,2017,23,-107,29
112,2017,23,-101,2
112,2017,23,-99,1
112,2017,23,115,2
112,2017,25,-109,1
112,2017,25,-101,69
112,2017,25,-99,1
112,2017,25,-81,24
112,2017,27,-101,1
112,2017,27,-97,61
112,2017,27,-83,4
112,2017,27,-81,5
112,2017,29,-101,19
112,2017,29,-99,44
112,2017,29,-97,18
112,2017,29,-95,33
112,2017,29,-91,2
112,2017,29,-83,10
112,2017,29,-81,13
112,2017,31,-111,3
112,2017,31,-109,5
112,2017,31,-107,6
112,2017,31,-103,2
112,2017,31,-99,23
112,2017,31,-97,104
112,2017,31,-95,13
112,2017,31,-91,7
112,2017,31,-89,10
112,2017,31,-87,3
112,2017,31,-85,1
112,2017,33,-119,9
112,2017,33,-117,63
112,2017,33,-115,1
112,2017,33,-113,1
112,2017,33,-111,45
112,2017,33,-101,12
112,2017,33,-99,12
112,2017,33,-97,186
112,2017,33,-95,33
112,2017,33,-93,1
112,2017,33,-87,20
112,2017,33,-85,10
112,2017,33,-81,3
112,2017,33,35,2
112,2017,35,-119,71
112,2017,35,-117,31
112,2017,35,-115,7
112,2017,35,-101,9
112,2017,35,-99,21
112,2017,35,-97,14
112,2017,35,-95,17
112,2017,35,-93,3
112,2017,35,-89,2
112,2017,35,-87,29
112,2017,35,-85,5
112,2017,35,-83,13
112,2017,35,-81,3
112,2017,35,-79,12
112,2017,35,33,2
112,2017,37,-123,49
112,2017,37,-121,67
112,2017,37,-119,3
112,2017,37,-117,1
112,2017,37,-115,7
112,2017,37,-97,2
112,2017,37,-95,10
112,2017,37,-93,1
112,2017,37,-89,1
112,2017,37,-87,4
112,2017,37,-81,2
112,2017,37,-79,7
112,2017,37,-77,5
112,2017,37,-75,2
112,2017,37,-9,1
112,2017,39,-123,70
112,2017,39,-121,13
112,2017,39,-109,5
112,2017,39,-105,3
112,2017,39,-95,4
112,2017,39,-93,9
112,2017,39,-91,4
112,2017,39,-89,1
112,2017,39,-85,7
112,2017,39,-83,13
112,2017,39,-79,2
112,2017,39,-77,35
112,2017,39,-75,4
112,2017,39,-9,1
112,2017,39,-1,1
112,2017,39,25,1
112,2017,39,27,1
112,2017,41,-123,1
112,2017,41,-97,2
112,2017,41,-91,3
112,2017,41,-89,3
112,2017,41,-87,12
112,2017,41,-83,3
112,2017,41,-81,7
112,2017,41,-79,1
112,2017,41,-75,15
112,2017,41,-73,3
112,2017,41,-71,4
112,2017,41,-69,3
112,2017,41,-1,2
112,2017,41,13,1
112,2017,41,15,1
112,2017,41,19,2
112,2017,41,21,1
112,2017,43,-89,4
112,2017,43,-87,6
112,2017,43,-85,1
112,2017,43,-81,18
112,2017,43,-79,16
112,2017,43,-77,2
112,2017,43,-73,12
112,2017,43,-71,19
112,2017,43,-3,2
112,2017,43,3,3
112,2017,43,9,2
112,2017,45,-93,10
112,2017,45,-85,2
112,2017,45,-79,3
112,2017,45,-77,6
112,2017,45,-75,6
112,2017,45,-73,14
112,2017,45,-65,2
112,2017,45,1,1
112,2017,47,-121,2
112,2017,47,-117,1
112,2017,47,-85,1
112,2017,47,7,1
112,2017,47,31,1
112,2017,49,-123,2
112,2017,49,3,2
112,2017,49,7,1
112,2017,49,9,1
112,2017,51,-1,3
112,2017,51,5,2
112,2017,51,7,1
112,2017,51,13,1
112,2017,53,-3,1
112,2017,53,-1,2
112,2017,53,1,1
112,2017,59,-135,1
112,2017,61,-149,1
112,2017,65,-149,1
112,2017,65,-147,1
112,2018,-43,173,3
112,2018,-39,175,1
112,2018,-33,-61,1
112,2018,-33,19,1
112,2018,-33,23,1
112,2018,-33,151,1
112,2018,-29,31,1
112,2018,-27,153,1
112,2018,-25,27,1
112,2018,-23,-47,2
112,2018,-23,31,2
112,2018,-19,23,1
112,2018,-19,25,6
112,2018,-19,33,1
112,2018,-17,35,4
112,2018,-7,107,1
112,2018,-3,37,1
112,2018,1,103,5
112,2018,3,101,7
112,2018,5,-75,4
112,2018,5,117,1
112,2018,9,-85,1
112,2018,9,-79,2
112,2018,9,-77,3
112,2018,11,-85,4
112,2018,13,-61,1
112,2018,15,-97,5
112,2018,15,-87,1
112,2018,17,-95,4
112,2018,17,-93,10
112,2018,17,-89,1
112,2018,17,-63,2
112,2018,19,-105,1
112,2018,19,-103,1
112,2018,19,-101,1
112,2018,19,-99,20
112,2018,19,-97,5
112,2018,19,-95,1
112,2018,19,-93,1
112,2018,19,-75,1
112,2018,19,-67,3
112,2018,19,-65,1
112,2018,19,73,1
112,2018,21,-105,2
112,2018,21,-103,3
112,2018,21,-101,5
112,2018,21,-99,1
112,2018,21,-97,3
112,2018,23,-107,3
112,2018,23,-99,1
112,2018,23,73,2
112,2018,23,113,17
112,2018,23,115,85
112,2018,25,-101,128
112,2018,25,-97,3
112,2018,25,-81,28
112,2018,27,-109,6
112,2018,27,-101,2
112,2018,27,-99,110
112,2018,27,-97,89
112,2018,27,-83,6
112,2018,27,-81,13
112,2018,27,83,1
112,2018,27,97,3
112,2018,29,-103,5
112,2018,29,-101,6
112,2018,29,-99,111
112,2018,29,-97,41
112,2018,29,-95,177
112,2018,29,-93,2
112,2018,29,-83,19
112,2018,29,-81,42
112,2018,31,-111,9
112,2018,31,-109,1
112,2018,31,-107,2
112,2018,31,-103,1
112,2018,31,-101,1
112,2018,31,-99,108
112,2018,31,-97,376
112,2018,31,-95,34
112,2018,31,-93,4
112,2018,31,-91,2
112,2018,31,-89,3
112,2018,31,-87,2
112,2018,31,-85,5
112,2018,31,-83,1
112,2018,31,-81,1
112,2018,31,79,1
112,2018,33,-119,43
112,2018,33,-117,245
112,2018,33,-113,2
112,2018,33,-111,17
112,2018,33,-109,1
112,2018,33,-101,9
112,2018,33,-99,8
112,2018,33,-97,385
112,2018,33,-95,8
112,2018,33,-93,4
112,2018,33,-89,2
112,2018,33,-87,5
112,2018,33,-85,10
112,2018,33,-83,1
112,2018,33,-81,11
112,2018,33,-79,1
112,2018,35,-121,6
112,2018,35,-119,128
112,2018,35,-117,17
112,2018,35,-113,3
112,2018,35,-111,1
112,2018,35,-107,3
112,2018,35,-105,1
112,2018,35,-103,1
112,2018,35,-101,3
112,2018,35,-99,1
112,2018,35,-97,18
112,2018,35,-95,39
112,2018,35,-93,3
112,2018,35,-89,2
112,2018,35,-87,1
112,2018,35,-85,10
112,2018,35,-83,13
112,2018,35,-81,16
112,2018,35,-79,42
112,2018,35,-77,2
112,2018,35,-75,1
112,2018,35,33,1
112,2018,35,137,1
112,2018,37,-123,256
112,2018,37,-121,85
112,2018,37,-119,13
112,2018,37,-115,5
112,2018,37,-113,3
112,2018,37,-107,1
112,2018,37,-99,4
112,2018,37,-97,11
112,2018,37,-95,12
112,2018,37,-93,4
112,2018,37,-91,2
112,2018,37,-89,2
112,2018,37,-87,7
112,2018,37,-83,6
112,2018,37,-81,3
112,2018,37,-79,5
112,2018,37,-77,11
112,2018,37,-75,1
112,2018,39,-123,69
112,2018,39,-121,28
112,2018,39,-119,3
112,2018,39,-115,1
112,2018,39,-105,29
112,2018,39,-97,1
112,2018,39,-93,7
112,2018,39,-91,12
112,2018,39,-87,2
112,2018,39,-85,9
112,2018,39,-83,9
112,2018,39,-81,4
112,2018,39,-79,10
112,2018,39,-77,56
112,2018,39,-75,8
112,2018,39,23,2
112,2018,39,25,3
112,2018,39,27,1
112,2018,41,-125,4
112,2018,41,-123,5
112,2018,41,-113,11
112,2018,41,-111,24
112,2018,41,-105,20
112,2018,41,-97,1
112,2018,41,-91,2
112,2018,41,-89,2
112,2018,41,-87,11
112,2018,41,-85,1
112,2018,41,-83,6
112,2018,41,-81,9
112,2018,41,-79,8
112,2018,41,-77,3
112,2018,41,-75,13
112,2018,41,-73,17
112,2018,41,-71,1
112,2018,41,-3,2
112,2018,41,3,4
112,2018,41,13,1
112,2018,41,15,1
112,2018,41,19,1
112,2018,41,23,1
112,2018,43,-123,8
112,2018,43,-119,1
112,2018,43,-113,2
112,2018,43,-109,1
112,2018,43,-97,1
112,2018,43,-95,1
112,2018,43,-91,1
112,2018,43,-89,3
112,2018,43,-87,1
112,2018,43,-83,2
112,2018,43,-81,15
112,2018,43,-79,15
112,2018,43,-77,4
112,2018,43,-73,9
112,2018,43,-71,37
112,2018,43,-3,2
112,2018,43,-1,1
112,2018,43,5,1
112,2018,43,7,1
112,2018,43,9,1
112,2018,43,11,4
112,2018,43,27,1
112,2018,45,-123,7
112,2018,45,-121,10
112,2018,45,-117,2
112,2018,45,-95,1
112,2018,45,-93,21
112,2018,45,-79,7
112,2018,45,-77,13
112,2018,45,-75,14
112,2018,45,-73,4
112,2018,45,-69,2
112,2018,45,-65,1
112,2018,45,-63,1
112,2018,45,3,3
112,2018,45,7,1
112,2018,45,9,13
112,2018,45,11,10
112,2018,45,13,4
112,2018,47,-123,9
112,2018,47,-121,2
112,2018,47,-117,1
112,2018,47,-113,2
112,2018,47,-111,1
112,2018,47,-91,2
112,2018,47,-3,2
112,2018,47,1,1
112,2018,47,7,3
112,2018,47,9,2
112,2018,47,11,3
112,2018,47,31,1
112,2018,49,-123,8
112,2018,49,-117,2
112,2018,49,-97,2
112,2018,49,-93,1
112,2018,49,1,1
112,2018,49,3,1
112,2018,49,9,3
112,2018,49,11,1
112,2018,49,15,1
112,2018,49,17,1
112,2018,51,-115,3
112,2018,51,-105,2
112,2018,51,-3,3
112,2018,51,-1,5
112,2018,51,1,1
112,2018,51,3,2
112,2018,51,5,3
112,2018,51,9,1
112,2018,51,13,3
112,2018,51,15,2
112,2018,53,-113,2
112,2018,53,-107,1
112,2018,53,-3,2
112,2018,53,-1,1
112,2018,53,9,1
112,2018,53,13,2
112,2018,55,25,1
119,2015,-43,173,1
119,2015,-33,23,1
119,2015,-29,27,1
119,2015,17,-97,3
119,2015,17,-95,2
119,2015,17,-91,1
119,2015,19,-103,4
119,2015,19,-101,1
119,2015,19,-99,24
119,2015,19,-97,9
119,2015,21,-105,8
119,2015,21,-103,3
119,2015,21,-101,4
119,2015,21,-99,3
119,2015,21,-97,3
119,2015,21,-89,1
119,2015,23,-109,3
119,2015,23,-107,8
119,2015,25,-111,1
119,2015,25,-101,9
119,2015,27,-101,1
119,2015,27,-99,4
119,2015,27,-97,3
119,2015,27,-83,3
119,2015,27,-81,1
119,2015,29,-111,2
119,2015,29,-105,3
119,2015,29,-103,182
119,2015,29,-101,10
119,2015,29,-99,22
119,2015,29,-97,4
119,2015,29,-95,9
119,2015,29,-83,3
119,2015,29,-81,3
119,2015,31,-111,4
119,2015,31,-103,10
119,2015,31,-101,2
119,2015,31,-99,10
119,2015,31,-97,48
119,2015,31,-95,7
119,2015,31,-93,3
119,2015,31,-91,1
119,2015,31,-89,2
119,2015,31,-87,1
119,2015,31,-85,1
119,2015,31,-81,1
119,2015,33,-119,1
119,2015,33,-117,5
119,2015,33,-103,1
119,2015,33,-97,47
119,2015,33,-95,9
119,2015,33,-93,2
119,2015,33,-87,1
119,2015,35,-119,19
119,2015,35,-117,2
119,2015,35,-115,3
119,2015,35,-113,4
119,2015,35,-107,1
119,2015,35,-97,3
119,2015,35,-95,1
119,2015,35,-93,6
119,2015,35,-89,1
119,2015,35,-87,8
119,2015,35,-83,1
119,2015,37,-123,60
119,2015,37,-121,26
119,2015,37,-119,4
119,2015,37,-115,11
119,2015,37,-111,1
119,2015,37,-91,1
119,2015,37,-77,1
119,2015,37,-9,1
119,2015,37,-7,1
119,2015,39,-123,41
119,2015,39,-121,18
119,2015,39,-105,1
119,2015,39,-103,2
119,2015,39,-93,2
119,2015,39,-91,1
119,2015,39,-85,1
119,2015,39,-83,2
119,2015,39,-77,12
119,2015,41,-123,1
119,2015,41,-111,2
119,2015,41,-83,1
119,2015,41,-81,3
119,2015,41,-79,1
119,2015,41,-77,4
119,2015,41,-75,1
119,2015,41,-7,1
119,2015,41,1,3
119,2015,43,-99,1
119,2015,43,-93,1
119,2015,43,-89,1
119,2015,43,-81,2
119,2015,43,-79,4
119,2015,43,-77,1
119,2015,43,-73,6
119,2015,43,-71,2
119,2015,43,11,1
119,2015,43,13,2
119,2015,45,-123,8
119,2015,45,-117,1
119,2015,45,-93,2
119,2015,45,-91,4
119,2015,45,-77,8
119,2015,45,-75,2
119,2015,49,-125,1
119,2015,49,-123,3
119,2015,49,-93,1
119,2015,51,3,1
119,2015,51,5,1
119,2015,51,7,1
119,2015,51,13,1
119,2015,53,-3,1
119,2015,53,9,1
119,2015,55,23,1
119,2016,-33,19,1
119,2016,-25,29,2
119,2016,-19,33,1
119,2016,1,103,2
119,2016,9,-83,2
119,2016,17,-99,1
119,2016,17,-97,1
119,2016,17,-95,4
119,2016,17,-93,3
119,2016,17,-91,3
119,2016,19,-101,1
119,2016,19,-99,11
119,2016,19,-97,2
119,2016,19,-95,1
119,2016,21,-107,7
119,2016,21,-105,19
119,2016,21,-103,2
119,2016,21,-101,1
119,2016,21,-99,4
119,2016,23,-107,13
119,2016,23,-99,1
119,2016,23,115,1
119,2016,25,-103,1
119,2016,25,-101,24
119,2016,25,-81,8
119,2016,25,125,1
119,2016,27,-99,7
119,2016,27,-97,4
119,2016,27,-83,1
119,2016,27,-81,5
119,2016,29,-101,2
119,2016,29,-99,5
119,2016,29,-97,28
119,2016,29,-95,8
119,2016,29,-93,1
119,2016,29,-85,1
119,2016,29,-83,3
119,2016,29,-81,4
119,2016,29,-17,1
119,2016,31,-111,2
119,2016,31,-99,13
119,2016,31,-97,46
119,2016,31,-95,7
119,2016,31,-93,1
119,2016,31,-91,1
119,2016,31,-87,3
119,2016,31,-83,2
119,2016,31,79,5
119,2016,33,-119,1
119,2016,33,-117,38
119,2016,33,-115,2
119,2016,33,-111,3
119,2016,33,-103,3
119,2016,33,-101,1
119,2016,33,-99,5
119,2016,33,-97,122
119,2016,33,-95,14
119,2016,33,-93,1
119,2016,33,-87,1
119,2016,33,-81,1
119,2016,35,-121,5
119,2016,35,-119,51
119,2016,35,-117,4
119,2016,35,-115,4
119,2016,35,-101,1
119,2016,35,-99,5
119,2016,35,-97,4
119,2016,35,-95,1
119,2016,35,-89,3
119,2016,35,-87,16
119,2016,35,-85,3
119,2016,35,-83,3
119,2016,35,-81,15
119,2016,35,73,1
119,2016,37,-123,97
119,2016,37,-121,41
119,2016,37,-119,2
119,2016,37,-99,1
119,2016,37,-97,17
119,2016,37,-95,5
119,2016,37,-93,1
119,2016,37,-89,4
119,2016,37,-85,1
119,2016,37,-83,3
119,2016,37,-81,1
119,2016,39,-123,58
119,2016,39,-121,16
119,2016,39,-109,10
119,2016,39,-105,1
119,2016,39,-103,1
119,2016,39,-93,1
119,2016,39,-91,3
119,2016,39,-85,4
119,2016,39,-81,3
119,2016,39,-79,1
119,2016,39,-77,9
119,2016,39,-75,1
119,2016,39,-9,3
119,2016,39,-5,3
119,2016,39,27,2
119,2016,41,-123,7
119,2016,41,-87,6
119,2016,41,-83,4
119,2016,41,-81,5
119,2016,41,-79,7
119,2016,41,-75,2
119,2016,41,17,2
119,2016,41,21,1
119,2016,41,43,1
119,2016,43,-119,3
119,2016,43,-87,1
119,2016,43,-83,1
119,2016,43,-79,3
119,2016,43,-73,10
119,2016,43,-71,2
119,2016,43,-5,1
119,2016,43,7,1
119,2016,43,9,1
119,2016,45,-123,4
119,2016,45,-121,1
119,2016,45,-93,1
119,2016,45,-77,4
119,2016,45,-75,3
119,2016,45,-73,6
119,2016,45,-71,1
119,2016,47,-123,6
119,2016,47,-121,2
119,2016,47,-117,3
119,2016,47,-91,2
119,2016,47,-85,3
119,2016,47,-65,2
119,2016,47,11,1
119,2016,49,-123,4
119,2016,49,1,1
119,2016,49,3,2
119,2016,51,-3,1
119,2016,51,5,1
119,2016,51,13,3
119,2016,53,-107,1
119,2016,55,9,1
119,2017,-35,-59,1
119,2017,-33,19,2
119,2017,-29,31,1
119,2017,-27,153,1
119,2017,-25,31,2
119,2017,-25,35,2
119,2017,-21,29,1
119,2017,1,103,10
119,2017,7,-75,1
119,2017,9,-83,1
119,2017,13,-89,1
119,2017,13,-85,7
119,2017,13,77,1
119,2017,13,101,1
119,2017,15,-97,3
119,2017,15,-93,1
119,2017,17,-99,1
119,2017,17,-97,4
119,2017,17,-95,1
119,2017,17,-91,1
119,2017,19,-105,1
119,2017,19,-103,1
119,2017,19,-101,4
119,2017,19,-99,12
119,2017,19,-97,7
119,2017,19,109,1
119,2017,21,-105,5
119,2017,21,-103,5
119,2017,21,-101,4
119,2017,21,-99,12
119,2017,21,-87,6
119,2017,21,73,1
119,2017,23,-107,8
119,2017,23,-99,2
119,2017,23,-97,1
119,2017,23,115,1
119,2017,25,-111,1
119,2017,25,-103,1
119,2017,25,-101,22
119,2017,25,-99,2
119,2017,25,-81,8
119,2017,27,-99,11
119,2017,27,-97,32
119,2017,27,-83,1
119,2017,27,-81,7
119,2017,29,-111,2
119,2017,29,-103,2
119,2017,29,-101,6
119,2017,29,-99,12
119,2017,29,-97,9
119,2017,29,-95,25
119,2017,29,-93,6
119,2017,29,-83,30
119,2017,29,-81,8
119,2017,31,-111,35
119,2017,31,-109,1
119,2017,31,-107,4
119,2017,31,-105,1
119,2017,31,-103,2
119,2017,31,-101,1
119,2017,31,-99,27
119,2017,31,-97,72
119,2017,31,-95,14
119,2017,31,-91,3
119,2017,31,-87,5
119,2017,31,-85,2
119,2017,31,-83,6
119,2017,31,-81,1
119,2017,31,35,1
119,2017,31,77,1
119,2017,33,-119,10
119,2017,33,-117,78
119,2017,33,-115,1
119,2017,33,-111,36
119,2017,33,-107,1
119,2017,33,-101,5
119,2017,33,-99,7
119,2017,33,-97,149
119,2017,33,-95,1
119,2017,33,-87,5
119,2017,33,-85,4
119,2017,33,-83,9
119,2017,33,-81,5
119,2017,35,-121,7
119,2017,35,-119,75
119,2017,35,-117,52
119,2017,35,-115,4
119,2017,35,-113,4
119,2017,35,-111,5
119,2017,35,-107,3
119,2017,35,-101,1
119,2017,35,-99,1
119,2017,35,-97,10
119,2017,35,-95,55
119,2017,35,-93,1
119,2017,35,-91,1
119,2017,35,-89,1
119,2017,35,-87,9
119,2017,35,-85,8
119,2017,35,-83,15
119,2017,35,-81,4
119,2017,35,-79,22
119,2017,35,-77,2
119,2017,35,15,1
119,2017,37,-123,117
119,2017,37,-121,42
119,2017,37,-119,4
119,2017,37,-117,2
119,2017,37,-115,12
119,2017,37,-113,3
119,2017,37,-109,3
119,2017,37,-97,1
119,2017,37,-93,1
119,2017,37,-89,3
119,2017,37,-85,3
119,2017,37,-79,9
119,2017,37,-77,32
119,2017,37,-75,2
119,2017,37,15,2
119,2017,37,127,2
119,2017,39,-123,45
119,2017,39,-121,20
119,2017,39,-119,1
119,2017,39,-109,1
119,2017,39,-93,2
119,2017,39,-91,1
119,2017,39,-85,3
119,2017,39,-83,3
119,2017,39,-81,3
119,2017,39,-79,12
119,2017,39,-77,50
119,2017,39,-75,20
119,2017,39,-9,3
119,2017,39,3,1
119,2017,41,-125,1
119,2017,41,-123,1
119,2017,41,-111,2
119,2017,41,-107,1
119,2017,41,-93,1
119,2017,41,-91,1
119,2017,41,-87,2
119,2017,41,-85,2
119,2017,41,-83,5
119,2017,41,-81,17
119,2017,41,-79,5
119,2017,41,-77,5
119,2017,41,-75,16
119,2017,41,-73,10
119,2017,41,-71,5
119,2017,41,17,12
119,2017,41,21,3
119,2017,41,23,1
119,2017,43,-123,1
119,2017,43,-93,1
119,2017,43,-89,1
119,2017,43,-83,1
119,2017,43,-81,3
119,2017,43,-79,2
119,2017,43,-77,2
119,2017,43,-73,7
119,2017,43,-71,5
119,2017,43,3,3
119,2017,43,7,1
119,2017,43,9,1
119,2017,43,11,1
119,2017,43,17,2
119,2017,45,-123,2
119,2017,45,-121,2
119,2017,45,-111,2
119,2017,45,-95,1
119,2017,45,-93,6
119,2017,45,-81,1
119,2017,45,-79,4
119,2017,45,-77,4
119,2017,45,-75,10
119,2017,45,-73,2
119,2017,45,-69,3
119,2017,45,-63,1
119,2017,45,11,1
119,2017,47,-123,1
119,2017,47,-121,1
119,2017,47,-111,1
119,2017,47,-95,1
119,2017,47,-85,4
119,2017,47,-65,1
119,2017,47,-1,2
119,2017,47,11,2
119,2017,49,-123,2
119,2017,49,-99,1
119,2017,49,-95,1
119,2017,49,3,2
119,2017,49,7,1
119,2017,49,9,5
119,2017,51,-115,1
119,2017,51,-105,1
119,2017,51,-97,1
119,2017,51,-85,1
119,2017,51,-1,2
119,2017,51,1,1
119,2017,51,3,1
119,2017,51,5,2
119,2017,51,7,1
119,2017,51,13,3
119,2017,53,-1,1
119,2017,55,-5,1
119,2017,55,-3,1
119,2017,55,-1,1
119,2017,55,9,1
119,2017,55,13,1
119,2017,55,37,1
119,2017,57,-135,1
119,2017,61,-149,1
119,2017,61,-135,1
119,2017,61,11,1
119,2017,61,27,1
119,2017,65,-147,1
119,2017,65,-145,1
119,2018,-37,147,1
119,2018,-35,21,1
119,2018,-35,23,1
119,2018,-35,151,1
119,2018,-33,23,2
119,2018,-33,27,2
119,2018,-33,151,1
119,2018,-31,-71,1
119,2018,-31,31,1
119,2018,-29,31,3
119,2018,-27,29,1
119,2018,-27,153,2
119,2018,-25,-49,1
119,2018,-23,15,3
119,2018,-23,17,3
119,2018,-9,-75,1
119,2018,1,103,13
119,2018,3,101,7
119,2018,5,-75,4
119,2018,9,-81,3
119,2018,9,-79,1
119,2018,11,77,1
119,2018,13,-87,1
119,2018,13,-61,2
119,2018,13,101,1
119,2018,15,-97,6
119,2018,15,-95,1
119,2018,15,-93,1
119,2018,15,-89,1
119,2018,15,-87,1
119,2018,17,-95,1
119,2018,17,-93,8
119,2018,17,-63,2
119,2018,19,-105,3
119,2018,19,-103,2
119,2018,19,-101,2
119,2018,19,-99,21
119,2018,19,-97,17
119,2018,19,-89,1
119,2018,19,73,1
119,2018,19,103,1
119,2018,19,109,1
119,2018,21,-157,3
119,2018,21,-103,3
119,2018,21,-101,2
119,2018,21,-99,3
119,2018,21,-97,3
119,2018,21,-87,1
119,2018,21,73,1
119,2018,23,-107,2
119,2018,23,-97,1
119,2018,23,113,8
119,2018,23,115,63
119,2018,25,-107,2
119,2018,25,-103,1
119,2018,25,-101,124
119,2018,25,-97,5
119,2018,25,-81,34
119,2018,25,121,9
119,2018,27,-109,1
119,2018,27,-101,1
119,2018,27,-99,87
119,2018,27,-97,48
119,2018,27,-83,7
119,2018,27,-81,20
119,2018,27,83,1
119,2018,27,97,11
119,2018,29,-105,2
119,2018,29,-103,8
119,2018,29,-101,5
119,2018,29,-99,90
119,2018,29,-97,48
119,2018,29,-95,89
119,2018,29,-93,4
119,2018,29,-83,53
119,2018,29,-81,63
119,2018,29,113,2
119,2018,31,-111,11
119,2018,31,-107,2
119,2018,31,-103,6
119,2018,31,-101,3
119,2018,31,-99,75
119,2018,31,-97,281
119,2018,31,-95,44
119,2018,31,-93,8
119,2018,31,-91,5
119,2018,31,-89,5
119,2018,31,-87,6
119,2018,31,-85,3
119,2018,31,-83,1
119,2018,31,-81,5
119,2018,33,-119,20
119,2018,33,-117,156
119,2018,33,-111,8
119,2018,33,-107,3
119,2018,33,-101,3
119,2018,33,-99,11
119,2018,33,-97,385
119,2018,33,-95,3
119,2018,33,-93,5
119,2018,33,-87,5
119,2018,33,-85,9
119,2018,33,-83,1
119,2018,33,-81,9
119,2018,33,35,3
119,2018,35,-121,6
119,2018,35,-119,86
119,2018,35,-117,7
119,2018,35,-115,1
119,2018,35,-111,1
119,2018,35,-107,29
119,2018,35,-103,1
119,2018,35,-99,1
119,2018,35,-97,9
119,2018,35,-95,16
119,2018,35,-93,5
119,2018,35,-91,1
119,2018,35,-89,1
119,2018,35,-87,13
119,2018,35,-85,9
119,2018,35,-83,9
119,2018,35,-81,17
119,2018,35,-79,35
119,2018,35,-77,9
119,2018,35,25,2
119,2018,35,139,1
119,2018,37,-123,150
119,2018,37,-121,103
119,2018,37,-119,2
119,2018,37,-115,2
119,2018,37,-111,1
119,2018,37,-107,1
119,2018,37,-103,3
119,2018,37,-99,2
119,2018,37,-97,2
119,2018,37,-95,3
119,2018,37,-93,4
119,2018,37,-85,3
119,2018,37,-83,2
119,2018,37,-81,4
119,2018,37,-79,11
119,2018,37,-77,32
119,2018,37,-75,2
119,2018,37,-7,1
119,2018,37,-5,2
119,2018,37,127,1
119,2018,39,-123,108
119,2018,39,-121,26
119,2018,39,-119,3
119,2018,39,-111,1
119,2018,39,-109,1
119,2018,39,-105,11
119,2018,39,-97,1
119,2018,39,-95,4
119,2018,39,-93,7
119,2018,39,-91,10
119,2018,39,-87,2
119,2018,39,-85,2
119,2018,39,-83,4
119,2018,39,-81,2
119,2018,39,-79,20
119,2018,39,-77,60
119,2018,39,-75,6
119,2018,39,-1,2
119,2018,39,3,1
119,2018,41,-125,4
119,2018,41,-123,4
119,2018,41,-113,1
119,2018,41,-111,22
119,2018,41,-105,13
119,2018,41,-95,1
119,2018,41,-89,1
119,2018,41,-87,6
119,2018,41,-83,23
119,2018,41,-81,12
119,2018,41,-79,2
119,2018,41,-77,1
119,2018,41,-75,13
119,2018,41,-73,18
119,2018,41,-71,4
119,2018,41,-3,1
119,2018,41,-1,1
119,2018,41,17,2
119,2018,41,19,2
119,2018,41,23,2
119,2018,43,-123,2
119,2018,43,-121,5
119,2018,43,-119,11
119,2018,43,-93,6
119,2018,43,-89,2
119,2018,43,-87,2
119,2018,43,-85,3
119,2018,43,-83,1
119,2018,43,-81,19
119,2018,43,-79,33
119,2018,43,-77,3
119,2018,43,-73,13
119,2018,43,-71,14
119,2018,43,3,1
119,2018,43,7,1
119,2018,45,-123,5
119,2018,45,-121,3
119,2018,45,-117,1
119,2018,45,-111,1
119,2018,45,-109,1
119,2018,45,-95,2
119,2018,45,-93,21
119,2018,45,-81,1
119,2018,45,-79,9
119,2018,45,-77,20
119,2018,45,-75,8
119,2018,45,-73,9
119,2018,45,-65,1
119,2018,45,-63,1
119,2018,45,-1,1
119,2018,45,3,1
119,2018,45,5,1
119,2018,45,9,7
119,2018,45,11,6
119,2018,47,-123,4
119,2018,47,-121,9
119,2018,47,-117,2
119,2018,47,-101,1
119,2018,47,-91,1
119,2018,47,-85,1
119,2018,47,-71,1
119,2018,47,-67,1
119,2018,47,1,3
119,2018,47,7,1
119,2018,47,11,2
119,2018,49,-125,1
119,2018,49,-123,6
119,2018,49,-121,1
119,2018,49,-119,1
119,2018,49,-117,4
119,2018,49,-113,4
119,2018,49,-111,1
119,2018,49,-103,1
119,2018,49,-97,7
119,2018,49,-3,1
119,2018,49,1,2
119,2018,49,3,3
119,2018,49,7,5
119,2018,49,9,11
119,2018,49,15,1
119,2018,49,17,1
119,2018,49,19,2
119,2018,51,-125,1
119,2018,51,-97,2
119,2018,51,-5,3
119,2018,51,-3,14
119,2018,51,-1,5
119,2018,51,1,1
119,2018,51,3,1
119,2018,51,5,8
119,2018,51,9,1
119,2018,51,13,1
119,2018,51,15,1
119,2018,53,-113,1
119,2018,53,-3,5
119,2018,53,-1,2
119,2018,53,7,1
119,2018,53,11,1
119,2018,55,-9,1
119,2018,55,-3,3
119,2018,55,9,1
119,2018,55,13,1
119,2018,55,23,1
119,2018,55,25,1
119,2018,55,37,2
119,2018,57,33,1
119,2018,57,61,1
119,2018,61,25,1
126,2015,-35,23,2
126,2015,-29,33,2
126,2015,-17,31,1
126,2015,9,-85,3
126,2015,11,-87,1
126,2015,15,-97,1
126,2015,15,75,1
126,2015,17,-97,3
126,2015,17,-95,2
126,2015,17,75,1
126,2015,19,-99,12
126,2015,19,-97,2
126,2015,19,-95,1
126,2015,21,-105,5
126,2015,21,-103,2
126,2015,21,-101,1
126,2015,21,-99,2
126,2015,21,-89,2
126,2015,23,-107,5
126,2015,25,-101,17
126,2015,25,-99,9
126,2015,25,-81,6
126,2015,27,-101,1
126,2015,27,-99,1
126,2015,27,-81,4
126,2015,29,-103,2
126,2015,29,-101,3
126,2015,29,-99,2
126,2015,29,-97,13
126,2015,29,-95,3
126,2015,29,-83,2
126,2015,29,-81,3
126,2015,31,-101,1
126,2015,31,-99,13
126,2015,31,-97,81
126,2015,31,-95,1
126,2015,31,-89,1
126,2015,31,-85,9
126,2015,33,-119,1
126,2015,33,-117,9
126,2015,33,-113,1
126,2015,33,-111,1
126,2015,33,-107,1
126,2015,33,-103,2
126,2015,33,-99,2
126,2015,33,-97,39
126,2015,33,-95,3
126,2015,33,-93,2
126,2015,33,-81,1
126,2015,35,-119,17
126,2015,35,-117,9
126,2015,35,-115,1
126,2015,35,-113,1
126,2015,35,-97,1
126,2015,35,-93,5
126,2015,35,-89,1
126,2015,35,-87,15
126,2015,35,-85,2
126,2015,35,-83,2
126,2015,35,-81,5
126,2015,37,-123,58
126,2015,37,-121,43
126,2015,37,-115,1
126,2015,37,-97,3
126,2015,37,-81,2
126,2015,37,-79,2
126,2015,37,-75,1
126,2015,37,-7,1
126,2015,39,-123,41
126,2015,39,-121,13
126,2015,39,-91,1
126,2015,39,-89,1
126,2015,39,-85,3
126,2015,39,-83,10
126,2015,39,-79,4
126,2015,39,-77,9
126,2015,39,-75,3
126,2015,41,-97,1
126,2015,41,-93,1
126,2015,41,-89,3
126,2015,41,-87,1
126,2015,41,-83,5
126,2015,41,-81,5
126,2015,41,-79,8
126,2015,41,-77,6
126,2015,41,-75,5
126,2015,41,-73,3
126,2015,41,-71,3
126,2015,41,-9,1
126,2015,41,-7,1
126,2015,41,-1,1
126,2015,43,-123,1
126,2015,43,-85,1
126,2015,43,-79,3
126,2015,43,-73,8
126,2015,43,-71,2
126,2015,43,-3,2
126,2015,43,1,5
126,2015,43,3,1
126,2015,45,-123,1
126,2015,45,-93,3
126,2015,45,-91,1
126,2015,45,-79,1
126,2015,45,-77,1
126,2015,45,-75,1
126,2015,45,-73,8
126,2015,45,-67,1
126,2015,47,-117,6
126,2015,47,-85,1
126,2015,51,-125,1
126,2015,51,7,9
126,2015,53,-3,1
126,2015,53,5,2
126,2015,61,-149,1
126,2016,-35,19,1
126,2016,-33,23,1
126,2016,-29,31,5
126,2016,1,103,1
126,2016,15,-97,2
126,2016,17,-97,3
126,2016,17,-95,1
126,2016,17,-93,1
126,2016,19,-105,2
126,2016,19,-103,2
126,2016,19,-99,5
126,2016,19,-97,10
126,2016,19,-81,1
126,2016,19,-67,1
126,2016,21,-105,32
126,2016,21,-103,16
126,2016,21,-101,1
126,2016,21,-99,2
126,2016,21,-91,1
126,2016,21,-89,1
126,2016,21,-87,1
126,2016,23,-107,15
126,2016,23,-99,3
126,2016,23,121,1
126,2016,25,-109,3
126,2016,25,-101,11
126,2016,25,-99,1
126,2016,25,-81,6
126,2016,27,-99,45
126,2016,27,-97,1
126,2016,27,-81,11
126,2016,29,-101,1
126,2016,29,-99,3
126,2016,29,-97,1
126,2016,29,-95,3
126,2016,29,-93,1
126,2016,29,-91,1
126,2016,29,-83,4
126,2016,29,-81,2
126,2016,31,-113,4
126,2016,31,-111,45
126,2016,31,-109,1
126,2016,31,-101,1
126,2016,31,-99,7
126,2016,31,-97,42
126,2016,31,-95,6
126,2016,31,-93,1
126,2016,31,-91,2
126,2016,31,-87,4
126,2016,31,-85,1
126,2016,33,-119,3
126,2016,33,-117,13
126,2016,33,-113,1
126,2016,33,-111,2
126,2016,33,-101,2
126,2016,33,-99,5
126,2016,33,-97,62
126,2016,33,-95,3
126,2016,33,-93,1
126,2016,33,-87,3
126,2016,35,-121,1
126,2016,35,-119,24
126,2016,35,-117,13
126,2016,35,-101,1
126,2016,35,-99,2
126,2016,35,-97,2
126,2016,35,-89,2
126,2016,35,-87,13
126,2016,35,-85,9
126,2016,35,-83,9
126,2016,35,-81,9
126,2016,35,-79,7
126,2016,35,-77,1
126,2016,37,-123,33
126,2016,37,-121,48
126,2016,37,-119,1
126,2016,37,-117,1
126,2016,37,-115,1
126,2016,37,-105,1
126,2016,37,-103,1
126,2016,37,-97,5
126,2016,37,-95,2
126,2016,37,-89,1
126,2016,37,-81,1
126,2016,37,-79,1
126,2016,37,-77,5
126,2016,39,-123,25
126,2016,39,-121,15
126,2016,39,-109,8
126,2016,39,-103,1
126,2016,39,-93,5
126,2016,39,-91,4
126,2016,39,-87,1
126,2016,39,-85,1
126,2016,39,-83,2
126,2016,39,-79,13
126,2016,39,-77,11
126,2016,39,-75,1
126,2016,41,-125,3
126,2016,41,-123,5
126,2016,41,-89,5
126,2016,41,-87,5
126,2016,41,-83,15
126,2016,41,-81,5
126,2016,41,-79,3
126,2016,41,-75,4
126,2016,41,-73,1
126,2016,41,17,2
126,2016,41,23,2
126,2016,43,-123,3
126,2016,43,-121,4
126,2016,43,-89,7
126,2016,43,-87,2
126,2016,43,-83,2
126,2016,43,-79,6
126,2016,43,-77,3
126,2016,43,-73,10
126,2016,43,3,1
126,2016,43,9,2
126,2016,45,-123,16
126,2016,45,-117,1
126,2016,45,-85,1
126,2016,45,-77,4
126,2016,45,-75,10
126,2016,45,-73,8
126,2016,45,-69,1
126,2016,45,-67,1
126,2016,45,7,1
126,2016,45,13,1
126,2016,47,-125,1
126,2016,47,-123,8
126,2016,47,-121,2
126,2016,47,-115,1
126,2016,47,-91,1
126,2016,47,-85,1
126,2016,47,-65,1
126,2016,47,7,3
126,2016,47,9,2
126,2016,49,-123,4
126,2016,49,-119,1
126,2016,49,-117,1
126,2016,49,3,1
126,2016,49,7,2
126,2016,49,9,3
126,2016,51,-93,3
126,2016,51,-3,1
126,2016,51,7,6
126,2016,51,13,1
126,2016,53,11,2
126,2016,55,9,1
126,2016,61,-149,1
126,2017,-33,25,4
126,2017,-31,31,2
126,2017,-17,31,1
126,2017,-7,107,2
126,2017,1,103,8
126,2017,9,-79,1
126,2017,9,-75,2
126,2017,11,-85,1
126,2017,13,-89,1
126,2017,13,-85,14
126,2017,15,-97,10
126,2017,15,-93,3
126,2017,17,-97,1
126,2017,17,-93,2
126,2017,17,-91,10
126,2017,19,-103,1
126,2017,19,-101,3
126,2017,19,-99,24
126,2017,19,-97,1
126,2017,19,-95,3
126,2017,21,-105,14
126,2017,21,-101,1
126,2017,21,-99,7
126,2017,21,-89,3
126,2017,21,-87,3
126,2017,23,-107,17
126,2017,23,-97,2
126,2017,23,113,1
126,2017,23,115,4
126,2017,25,-101,8
126,2017,25,-99,3
126,2017,25,-97,1
126,2017,25,-81,3
126,2017,25,55,1
126,2017,27,-99,16
126,2017,27,-97,9
126,2017,27,-83,2
126,2017,27,-81,12
126,2017,29,-111,1
126,2017,29,-103,1
126,2017,29,-101,12
126,2017,29,-99,7
126,2017,29,-97,25
126,2017,29,-95,24
126,2017,29,-93,2
126,2017,29,-83,15
126,2017,29,-81,9
126,2017,31,-111,18
126,2017,31,-109,16
126,2017,31,-105,6
126,2017,31,-103,7
126,2017,31,-99,2
126,2017,31,-97,110
126,2017,31,-95,8
126,2017,31,-93,2
126,2017,31,-91,3
126,2017,31,-87,3
126,2017,31,-85,2
126,2017,31,-83,10
126,2017,31,-81,3
126,2017,33,-119,8
126,2017,33,-117,46
126,2017,33,-115,1
126,2017,33,-113,6
126,2017,33,-111,20
126,2017,33,-109,5
126,2017,33,-107,1
126,2017,33,-101,1
126,2017,33,-97,94
126,2017,33,-95,20
126,2017,33,-91,1
126,2017,33,-87,8
126,2017,33,-85,12
126,2017,33,-83,4
126,2017,33,-81,2
126,2017,33,35,3
126,2017,35,-119,32
126,2017,35,-117,24
126,2017,35,-115,1
126,2017,35,-113,1
126,2017,35,-107,4
126,2017,35,-101,1
126,2017,35,-99,9
126,2017,35,-97,11
126,2017,35,-95,28
126,2017,35,-93,2
126,2017,35,-89,2
126,2017,35,-87,22
126,2017,35,-85,11
126,2017,35,-83,10
126,2017,35,-81,9
126,2017,35,-79,14
126,2017,35,-77,3
126,2017,35,15,1
126,2017,35,25,2
126,2017,37,-123,111
126,2017,37,-121,47
126,2017,37,-119,3
126,2017,37,-115,4
126,2017,37,-111,1
126,2017,37,-95,9
126,2017,37,-93,5
126,2017,37,-91,2
126,2017,37,-89,1
126,2017,37,-87,4
126,2017,37,-85,1
126,2017,37,-83,2
126,2017,37,-79,11
126,2017,37,-77,10
126,2017,37,-9,1
126,2017,37,-5,1
126,2017,39,-123,73
126,2017,39,-121,18
126,2017,39,-111,1
126,2017,39,-105,3
126,2017,39,-97,2
126,2017,39,-93,4
126,2017,39,-91,5
126,2017,39,-89,2
126,2017,39,-85,4
126,2017,39,-83,7
126,2017,39,-81,3
126,2017,39,-79,1
126,2017,39,-77,22
126,2017,39,-75,2
126,2017,39,-9,6
126,2017,39,27,1
126,2017,41,-125,1
126,2017,41,-123,4
126,2017,41,-113,3
126,2017,41,-111,6
126,2017,41,-105,1
126,2017,41,-89,4
126,2017,41,-87,6
126,2017,41,-83,4
126,2017,41,-81,11
126,2017,41,-79,7
126,2017,41,-77,4
126,2017,41,-75,18
126,2017,41,-73,6
126,2017,41,-71,5
126,2017,41,-7,1
126,2017,41,1,2
126,2017,41,3,1
126,2017,41,117,1
126,2017,43,-123,9
126,2017,43,-117,1
126,2017,43,-113,1
126,2017,43,-93,1
126,2017,43,-91,2
126,2017,43,-89,9
126,2017,43,-87,2
126,2017,43,-85,3
126,2017,43,-83,4
126,2017,43,-81,7
126,2017,43,-79,7
126,2017,43,-73,12
126,2017,43,-71,1
126,2017,43,-9,1
126,2017,43,-3,4
126,2017,43,3,4
126,2017,43,5,1
126,2017,43,7,1
126,2017,45,-123,7
126,2017,45,-121,1
126,2017,45,-117,1
126,2017,45,-111,2
126,2017,45,-93,9
126,2017,45,-85,1
126,2017,45,-79,3
126,2017,45,-77,5
126,2017,45,-75,4
126,2017,45,-73,5
126,2017,45,-65,2
126,2017,45,1,1
126,2017,45,7,1
126,2017,47,-123,7
126,2017,47,-95,1
126,2017,47,-91,1
126,2017,47,-85,1
126,2017,47,11,1
126,2017,49,-123,1
126,2017,49,-117,1
126,2017,49,3,1
126,2017,49,9,3
126,2017,51,-9,2
126,2017,51,-5,1
126,2017,51,-1,4
126,2017,51,5,1
126,2017,51,7,3
126,2017,51,11,1
126,2017,51,13,1
126,2017,53,9,1
126,2017,57,-135,2
126,2017,57,-3,1
126,2017,57,35,1
126,2017,61,-149,2
126,2018,-35,23,1
126,2018,-33,23,1
126,2018,-33,27,1
126,2018,-31,31,1
126,2018,-31,153,1
126,2018,-27,33,4
126,2018,-25,-49,4
126,2018,-23,-47,1
126,2018,-23,17,1
126,2018,-19,33,1
126,2018,-15,-47,2
126,2018,-15,29,4
126,2018,1,103,13
126,2018,3,101,2
126,2018,5,117,1
126,2018,9,-85,3
126,2018,9,-83,3
126,2018,9,-81,1
126,2018,9,-79,2
126,2018,11,-85,1
126,2018,11,-61,1
126,2018,11,77,1
126,2018,13,121,1
126,2018,15,-97,3
126,2018,15,-87,1
126,2018,17,-99,2
126,2018,17,-97,2
126,2018,17,-93,3
126,2018,17,-89,4
126,2018,17,103,1
126,2018,19,-103,3
126,2018,19,-99,17
126,2018,19,-97,24
126,2018,19,-95,3
126,2018,19,-75,2
126,2018,19,-71,2
126,2018,21,-157,2
126,2018,21,-105,1
126,2018,21,-103,7
126,2018,21,-101,3
126,2018,21,-99,4
126,2018,21,-97,1
126,2018,21,-91,1
126,2018,21,-89,1
126,2018,21,-87,1
126,2018,23,-109,1
126,2018,23,-107,10
126,2018,23,113,2
126,2018,23,115,6
126,2018,23,121,1
126,2018,25,-103,2
126,2018,25,-101,58
126,2018,25,-99,2
126,2018,25,-97,11
126,2018,25,-81,12
126,2018,27,-103,1
126,2018,27,-99,38
126,2018,27,-97,37
126,2018,27,-83,15
126,2018,27,-81,18
126,2018,29,-111,3
126,2018,29,-103,15
126,2018,29,-101,4
126,2018,29,-99,62
126,2018,29,-97,23
126,2018,29,-95,29
126,2018,29,-83,31
126,2018,29,-81,66
126,2018,29,113,2
126,2018,31,-111,19
126,2018,31,-109,1
126,2018,31,-103,9
126,2018,31,-99,14
126,2018,31,-97,113
126,2018,31,-95,20
126,2018,31,-93,6
126,2018,31,-91,5
126,2018,31,-89,11
126,2018,31,-87,1
126,2018,31,-85,5
126,2018,31,-83,7
126,2018,31,-81,1
126,2018,33,-119,7
126,2018,33,-117,57
126,2018,33,-115,1
126,2018,33,-113,3
126,2018,33,-111,7
126,2018,33,-107,3
126,2018,33,-101,12
126,2018,33,-99,26
126,2018,33,-97,115
126,2018,33,-95,7
126,2018,33,-93,1
126,2018,33,-89,1
126,2018,33,-87,1
126,2018,33,-85,2
126,2018,33,-83,1
126,2018,33,-81,6
126,2018,35,-121,3
126,2018,35,-119,74
126,2018,35,-117,10
126,2018,35,-115,2
126,2018,35,-113,1
126,2018,35,-107,4
126,2018,35,-105,3
126,2018,35,-99,1
126,2018,35,-97,1
126,2018,35,-95,22
126,2018,35,-93,6
126,2018,35,-91,3
126,2018,35,-89,7
126,2018,35,-87,7
126,2018,35,-85,11
126,2018,35,-83,9
126,2018,35,-81,10
126,2018,35,-79,29
126,2018,35,-77,1
126,2018,35,137,1
126,2018,37,-123,141
126,2018,37,-121,142
126,2018,37,-119,8
126,2018,37,-115,1
126,2018,37,-105,1
126,2018,37,-103,2
126,2018,37,-99,1
126,2018,37,-97,2
126,2018,37,-95,4
126,2018,37,-93,4
126,2018,37,-91,2
126,2018,37,-89,4
126,2018,37,-87,3
126,2018,37,-85,2
126,2018,37,-83,4
126,2018,37,-81,2
126,2018,37,-79,23
126,2018,37,-77,8
126,2018,37,-75,8
126,2018,37,15,1
126,2018,37,127,1
126,2018,39,-123,60
126,2018,39,-121,57
126,2018,39,-105,4
126,2018,39,-103,1
126,2018,39,-97,1
126,2018,39,-95,26
126,2018,39,-93,5
126,2018,39,-91,6
126,2018,39,-87,6
126,2018,39,-85,16
126,2018,39,-83,10
126,2018,39,-81,2
126,2018,39,-79,13
126,2018,39,-77,42
126,2018,39,-75,18
126,2018,39,-9,1
126,2018,39,-7,1
126,2018,41,-125,3
126,2018,41,-123,5
126,2018,41,-113,11
126,2018,41,-111,2
126,2018,41,-107,1
126,2018,41,-105,4
126,2018,41,-93,1
126,2018,41,-89,4
126,2018,41,-87,9
126,2018,41,-85,1
126,2018,41,-83,24
126,2018,41,-81,18
126,2018,41,-79,6
126,2018,41,-77,6
126,2018,41,-75,14
126,2018,41,-73,10
126,2018,41,-71,8
126,2018,41,-7,1
126,2018,41,17,2
126,2018,43,-125,1
126,2018,43,-123,7
126,2018,43,-121,2
126,2018,43,-115,1
126,2018,43,-113,1
126,2018,43,-97,1
126,2018,43,-93,3
126,2018,43,-91,1
126,2018,43,-89,2
126,2018,43,-85,4
126,2018,43,-83,4
126,2018,43,-81,17
126,2018,43,-79,21
126,2018,43,-77,4
126,2018,43,-75,1
126,2018,43,-73,11
126,2018,43,-71,8
126,2018,43,-69,2
126,2018,43,-65,1
126,2018,43,3,2
126,2018,43,11,3
126,2018,45,-125,2
126,2018,45,-123,10
126,2018,45,-121,3
126,2018,45,-119,3
126,2018,45,-93,6
126,2018,45,-87,2
126,2018,45,-81,3
126,2018,45,-79,10
126,2018,45,-77,49
126,2018,45,-75,22
126,2018,45,-73,15
126,2018,45,-65,3
126,2018,45,3,1
126,2018,45,7,1
126,2018,45,9,2
126,2018,45,11,5
126,2018,45,13,1
126,2018,47,-123,12
126,2018,47,-121,10
126,2018,47,-119,1
126,2018,47,-117,1
126,2018,47,-95,1
126,2018,47,-91,1
126,2018,47,-85,1
126,2018,47,-81,1
126,2018,47,-67,1
126,2018,47,-65,3
126,2018,47,-1,2
126,2018,47,7,2
126,2018,47,9,3
126,2018,47,11,1
126,2018,47,17,1
126,2018,47,23,1
126,2018,47,31,1
126,2018,49,-125,3
126,2018,49,-123,9
126,2018,49,-121,3
126,2018,49,-119,2
126,2018,49,-117,1
126,2018,49,-113,1
126,2018,49,-95,1
126,2018,49,-89,1
126,2018,49,3,3
126,2018,49,7,2
126,2018,49,9,13
126,2018,49,15,4
126,2018,49,19,1
126,2018,51,-125,5
126,2018,51,-119,1
126,2018,51,-115,1
126,2018,51,-105,1
126,2018,51,-97,1
126,2018,51,-3,4
126,2018,51,-1,7
126,2018,51,3,3
126,2018,51,5,8
126,2018,51,7,7
126,2018,51,9,1
126,2018,51,11,1
126,2018,51,15,2
126,2018,51,19,1
126,2018,53,-117,1
126,2018,53,-111,1
126,2018,53,-9,3
126,2018,53,-3,1
126,2018,53,-1,4
126,2018,53,1,1
126,2018,53,5,1
126,2018,53,7,2
126,2018,53,11,3
126,2018,53,15,1
126,2018,55,-131,1
126,2018,55,-3,1
126,2018,55,9,2
126,2018,55,13,1
126,2018,55,21,1
126,2018,55,25,1
126,2018,55,31,3
126,2018,55,37,1
126,2018,55,43,1
126,2018,57,-117,1
126,2018,57,-3,3
126,2018,61,-139,1
126,2018,61,-137,1
126,2018,61,-135,1
126,2018,61,25,1
126,2018,61,29,1
126,2018,63,-115,1
126,2018,63,11,1
126,2018,65,-127,1
133,2015,-45,171,1
133,2015,-33,23,1
133,2015,-29,33,1
133,2015,-17,25,1
133,2015,-9,121,1
133,2015,1,103,8
133,2015,5,-75,1
133,2015,15,-93,2
133,2015,17,-97,2
133,2015,17,-95,12
133,2015,17,-93,3
133,2015,19,-105,2
133,2015,19,-99,24
133,2015,19,-97,10
133,2015,19,-95,2
133,2015,19,-89,2
133,2015,19,73,2
133,2015,21,-105,6
133,2015,21,-103,9
133,2015,21,-101,20
133,2015,21,-99,1
133,2015,21,-97,1
133,2015,21,-87,1
133,2015,23,-107,10
133,2015,23,-83,1
133,2015,23,-81,1
133,2015,23,115,3
133,2015,25,-101,24
133,2015,25,-99,38
133,2015,27,-101,3
133,2015,27,-99,13
133,2015,27,-97,1
133,2015,27,-83,7
133,2015,27,-81,2
133,2015,29,-107,1
133,2015,29,-103,1
133,2015,29,-99,3
133,2015,29,-97,4
133,2015,29,-95,12
133,2015,29,-83,13
133,2015,29,-81,2
133,2015,29,77,1
133,2015,29,121,1
133,2015,31,-111,12
133,2015,31,-109,5
133,2015,31,-107,1
133,2015,31,-99,6
133,2015,31,-97,23
133,2015,31,-95,6
133,2015,31,-93,2
133,2015,31,-87,1
133,2015,31,-85,6
133,2015,31,-83,1
133,2015,33,-117,5
133,2015,33,-115,2
133,2015,33,-113,3
133,2015,33,-111,2
133,2015,33,-107,1
133,2015,33,-101,3
133,2015,33,-99,7
133,2015,33,-97,87
133,2015,33,-95,9
133,2015,33,-93,1
133,2015,33,-87,8
133,2015,33,-85,1
133,2015,33,-83,1
133,2015,33,-81,4
133,2015,35,-121,3
133,2015,35,-119,19
133,2015,35,-115,10
133,2015,35,-111,4
133,2015,35,-99,1
133,2015,35,-95,3
133,2015,35,-89,1
133,2015,35,-87,10
133,2015,35,-85,4
133,2015,35,-83,2
133,2015,35,-79,1
133,2015,37,-123,16
133,2015,37,-121,39
133,2015,37,-115,3
133,2015,37,-97,1
133,2015,37,-83,1
133,2015,37,-77,18
133,2015,37,-9,1
133,2015,39,-123,40
133,2015,39,-121,21
133,2015,39,-105,2
133,2015,39,-95,1
133,2015,39,-93,5
133,2015,39,-85,4
133,2015,39,-83,5
133,2015,39,-79,1
133,2015,39,-77,24
133,2015,39,-75,2
133,2015,39,23,1
133,2015,41,-125,1
133,2015,41,-123,20
133,2015,41,-111,2
133,2015,41,-105,3
133,2015,41,-89,5
133,2015,41,-87,4
133,2015,41,-85,1
133,2015,41,-83,3
133,2015,41,-81,1
133,2015,41,-79,9
133,2015,41,-77,1
133,2015,41,-75,5
133,2015,41,-73,3
133,2015,41,-71,10
133,2015,41,1,4
133,2015,43,-123,1
133,2015,43,-89,3
133,2015,43,-85,2
133,2015,43,-81,5
133,2015,43,-79,6
133,2015,43,-77,2
133,2015,43,-73,21
133,2015,43,-71,1
133,2015,43,5,3
133,2015,43,13,1
133,2015,45,-123,2
133,2015,45,-121,5
133,2015,45,-93,1
133,2015,45,-89,2
133,2015,45,-79,5
133,2015,45,-77,9
133,2015,45,-75,5
133,2015,45,-73,10
133,2015,45,-69,1
133,2015,47,-123,3
133,2015,47,-117,1
133,2015,47,-81,1
133,2015,47,-65,2
133,2015,49,-125,1
133,2015,49,-123,1
133,2015,49,9,2
133,2015,51,5,1
133,2015,51,7,8
133,2015,51,13,1
133,2015,53,-3,1
133,2015,53,-1,2
133,2015,55,13,1
133,2015,59,11,3
133,2015,61,-149,2
133,2015,61,7,1
133,2015,61,25,1
133,2016,-29,33,1
133,2016,-27,29,1
133,2016,1,103,1
133,2016,11,-75,1
133,2016,15,-97,10
133,2016,17,-95,1
133,2016,17,-93,5
133,2016,19,-101,3
133,2016,19,-99,13
133,2016,19,-97,4
133,2016,19,-89,4
133,2016,19,-71,4
133,2016,21,-105,5
133,2016,21,-103,2
133,2016,21,-101,2
133,2016,21,-99,14
133,2016,21,-97,1
133,2016,23,-107,21
133,2016,23,-99,1
133,2016,25,-101,10
133,2016,25,-99,2
133,2016,25,-81,7
133,2016,27,-109,1
133,2016,27,-99,18
133,2016,27,-97,2
133,2016,27,-81,3
133,2016,29,-103,23
133,2016,29,-101,16
133,2016,29,-99,6
133,2016,29,-97,6
133,2016,29,-95,4
133,2016,29,-83,1
133,2016,29,-81,8
133,2016,31,-111,5
133,2016,31,-99,5
133,2016,31,-97,79
133,2016,31,-95,9
133,2016,31,-93,1
133,2016,31,-91,1
133,2016,31,-89,1
133,2016,31,-87,2
133,2016,31,-83,1
133,2016,33,-119,2
133,2016,33,-117,11
133,2016,33,-111,1
133,2016,33,-109,2
133,2016,33,-101,1
133,2016,33,-99,3
133,2016,33,-97,76
133,2016,33,-95,3
133,2016,33,-87,4
133,2016,33,-81,1
133,2016,33,35,1
133,2016,35,-121,13
133,2016,35,-119,52
133,2016,35,-117,8
133,2016,35,-115,2
133,2016,35,-107,2
133,2016,35,-101,3
133,2016,35,-97,1
133,2016,35,-93,4
133,2016,35,-85,2
133,2016,35,-83,7
133,2016,35,-81,4
133,2016,35,-79,7
133,2016,35,-77,2
133,2016,35,25,1
133,2016,37,-123,66
133,2016,37,-121,38
133,2016,37,-119,5
133,2016,37,-115,1
133,2016,37,-103,1
133,2016,37,-97,3
133,2016,37,-95,4
133,2016,37,-81,1
133,2016,37,-77,5
133,2016,37,-9,2
133,2016,37,-7,1
133,2016,37,127,2
133,2016,39,-123,43
133,2016,39,-121,13
133,2016,39,-105,2
133,2016,39,-103,1
133,2016,39,-93,3
133,2016,39,-91,1
133,2016,39,-79,7
133,2016,39,-77,18
133,2016,39,-75,8
133,2016,41,-123,4
133,2016,41,-105,3
133,2016,41,-89,1
133,2016,41,-85,1
133,2016,41,-81,8
133,2016,41,-79,4
133,2016,41,-75,8
133,2016,41,-73,4
133,2016,41,-71,6
133,2016,41,-69,1
133,2016,41,-7,2
133,2016,41,-3,1
133,2016,41,13,1
133,2016,41,23,2
133,2016,41,45,2
133,2016,43,-121,8
133,2016,43,-119,1
133,2016,43,-93,1
133,2016,43,-91,5
133,2016,43,-85,1
133,2016,43,-83,2
133,2016,43,-81,2
133,2016,43,-79,3
133,2016,43,-73,12
133,2016,43,-71,5
133,2016,43,7,2
133,2016,43,11,1
133,2016,43,13,1
133,2016,45,-123,3
133,2016,45,-93,1
133,2016,45,-89,4
133,2016,45,-77,2
133,2016,45,-75,13
133,2016,45,-73,12
133,2016,45,-65,1
133,2016,45,9,1
133,2016,47,-123,3
133,2016,47,-121,7
133,2016,47,-117,1
133,2016,47,-113,1
133,2016,47,-81,1
133,2016,47,17,1
133,2016,49,-123,5
133,2016,49,-117,4
133,2016,49,-101,1
133,2016,49,3,1
133,2016,49,7,1
133,2016,49,9,2
133,2016,49,17,1
133,2016,51,-105,1
133,2016,51,-99,1
133,2016,51,-3,1
133,2016,51,-1,1
133,2016,51,13,3
133,2016,53,1,3
133,2016,55,-127,1
133,2017,-43,173,1
133,2017,-33,23,1
133,2017,-31,25,3
133,2017,-31,153,2
133,2017,-29,29,1
133,2017,1,103,18
133,2017,7,5,2
133,2017,9,-83,1
133,2017,11,-85,1
133,2017,13,-85,9
133,2017,15,-97,3
133,2017,17,-99,1
133,2017,17,-97,3
133,2017,17,-95,2
133,2017,17,-93,2
133,2017,17,-89,1
133,2017,19,-105,1
133,2017,19,-101,5
133,2017,19,-99,36
133,2017,19,-97,9
133,2017,19,-95,11
133,2017,19,-89,2
133,2017,19,73,1
133,2017,19,109,3
133,2017,21,-105,10
133,2017,21,-103,2
133,2017,21,-101,2
133,2017,21,-99,8
133,2017,21,-89,3
133,2017,21,-87,3
133,2017,23,-107,14
133,2017,23,-103,1
133,2017,23,113,1
133,2017,23,115,2
133,2017,25,-107,3
133,2017,25,-101,24
133,2017,25,-99,1
133,2017,25,-97,2
133,2017,25,-81,5
133,2017,27,-101,1
133,2017,27,-99,14
133,2017,27,-97,9
133,2017,27,-83,2
133,2017,27,-81,2
133,2017,29,-111,1
133,2017,29,-103,10
133,2017,29,-101,3
133,2017,29,-99,2
133,2017,29,-97,9
133,2017,29,-95,9
133,2017,29,-93,1
133,2017,29,-83,4
133,2017,29,-81,6
133,2017,31,-115,1
133,2017,31,-111,18
133,2017,31,-109,1
133,2017,31,-107,1
133,2017,31,-103,10
133,2017,31,-101,2
133,2017,31,-99,11
133,2017,31,-97,75
133,2017,31,-95,19
133,2017,31,-91,7
133,2017,31,-89,3
133,2017,31,-87,1
133,2017,31,-85,1
133,2017,31,77,1
133,2017,31,79,1
133,2017,31,121,2
133,2017,33,-119,10
133,2017,33,-117,87
133,2017,33,-111,25
133,2017,33,-107,11
133,2017,33,-99,3
133,2017,33,-97,115
133,2017,33,-95,174
133,2017,33,-87,4
133,2017,33,-85,6
133,2017,33,-83,2
133,2017,33,-81,1
133,2017,33,-79,1
133,2017,33,-77,1
133,2017,33,35,1
133,2017,35,-121,7
133,2017,35,-119,69
133,2017,35,-117,18
133,2017,35,-113,1
133,2017,35,-111,1
133,2017,35,-109,1
133,2017,35,-103,2
133,2017,35,-101,4
133,2017,35,-97,12
133,2017,35,-95,24
133,2017,35,-91,1
133,2017,35,-89,1
133,2017,35,-87,9
133,2017,35,-85,5
133,2017,35,-83,9
133,2017,35,-81,23
133,2017,35,-79,7
133,2017,35,-77,1
133,2017,37,-123,67
133,2017,37,-121,126
133,2017,37,-119,3
133,2017,37,-113,9
133,2017,37,-103,4
133,2017,37,-97,1
133,2017,37,-95,2
133,2017,37,-91,4
133,2017,37,-89,2
133,2017,37,-87,11
133,2017,37,-85,2
133,2017,37,-83,2
133,2017,37,-81,11
133,2017,37,-79,19
133,2017,37,-77,7
133,2017,37,-75,3
133,2017,37,29,1
133,2017,37,127,1
133,2017,39,-123,49
133,2017,39,-121,22
133,2017,39,-119,2
133,2017,39,-105,4
133,2017,39,-103,1
133,2017,39,-93,4
133,2017,39,-91,2
133,2017,39,-87,1
133,2017,39,-85,6
133,2017,39,-83,13
133,2017,39,-81,8
133,2017,39,-79,5
133,2017,39,-77,89
133,2017,39,-75,25
133,2017,39,21,1
133,2017,41,-125,3
133,2017,41,-123,2
133,2017,41,-121,1
133,2017,41,-111,2
133,2017,41,-105,5
133,2017,41,-103,1
133,2017,41,-89,3
133,2017,41,-87,4
133,2017,41,-83,11
133,2017,41,-81,10
133,2017,41,-79,9
133,2017,41,-77,1
133,2017,41,-75,26
133,2017,41,-73,5
133,2017,41,-71,1
133,2017,41,-7,1
133,2017,41,-3,1
133,2017,41,13,1
133,2017,41,19,4
133,2017,41,21,4
133,2017,41,23,10
133,2017,43,-123,1
133,2017,43,-119,2
133,2017,43,-117,2
133,2017,43,-113,4
133,2017,43,-89,7
133,2017,43,-87,5
133,2017,43,-83,8
133,2017,43,-81,24
133,2017,43,-79,13
133,2017,43,-77,7
133,2017,43,-75,1
133,2017,43,-73,14
133,2017,43,-71,2
133,2017,43,-9,1
133,2017,43,-3,2
133,2017,43,3,1
133,2017,43,5,1
133,2017,43,7,2
133,2017,43,11,1
133,2017,45,-121,3
133,2017,45,-117,1
133,2017,45,-93,11
133,2017,45,-89,2
133,2017,45,-85,1
133,2017,45,-83,6
133,2017,45,-81,7
133,2017,45,-79,11
133,2017,45,-77,39
133,2017,45,-75,9
133,2017,45,-73,12
133,2017,45,-65,4
133,2017,45,7,7
133,2017,45,9,6
133,2017,45,11,1
133,2017,45,13,2
133,2017,47,-123,1
133,2017,47,-121,1
133,2017,47,-117,3
133,2017,47,-101,1
133,2017,47,-77,1
133,2017,47,-67,1
133,2017,47,9,2
133,2017,47,25,1
133,2017,49,-125,1
133,2017,49,-123,4
133,2017,49,-95,2
133,2017,49,3,1
133,2017,49,9,2
133,2017,49,17,1
133,2017,49,19,1
133,2017,51,-1,3
133,2017,51,3,2
133,2017,51,5,1
133,2017,51,7,4
133,2017,51,13,2
133,2017,55,-121,2
133,2017,55,-5,1
133,2017,55,-3,1
133,2017,57,-135,5
133,2017,59,-135,1
133,2017,61,-151,1
133,2018,-35,-59,1
133,2018,-35,23,1
133,2018,-31,31,5
133,2018,-29,31,2
133,2018,-27,153,1
133,2018,-25,19,2
133,2018,-25,25,1
133,2018,-23,17,3
133,2018,-23,149,1
133,2018,-19,35,5
133,2018,-15,29,1
133,2018,1,103,3
133,2018,5,117,2
133,2018,7,125,1
133,2018,9,-79,1
133,2018,11,-85,1
133,2018,11,-83,2
133,2018,11,77,1
133,2018,13,-89,1
133,2018,13,121,2
133,2018,15,-97,4
133,2018,15,-91,2
133,2018,15,-89,1
133,2018,15,-87,2
133,2018,17,-95,1
133,2018,17,-93,13
133,2018,19,-103,12
133,2018,19,-101,1
133,2018,19,-99,36
133,2018,19,-97,13
133,2018,19,-95,1
133,2018,19,-93,1
133,2018,19,-89,2
133,2018,19,-75,1
133,2018,19,99,1
133,2018,19,109,2
133,2018,21,-105,6
133,2018,21,-103,5
133,2018,21,-101,9
133,2018,21,-99,5
133,2018,21,-97,2
133,2018,21,-87,3
133,2018,23,-111,2
133,2018,23,-107,8
133,2018,23,-101,1
133,2018,23,-99,4
133,2018,23,-97,1
133,2018,23,87,1
133,2018,23,113,1
133,2018,23,115,20
133,2018,25,-109,2
133,2018,25,-101,37
133,2018,25,-97,1
133,2018,25,-81,10
133,2018,25,119,1
133,2018,27,-111,1
133,2018,27,-101,1
133,2018,27,-99,13
133,2018,27,-97,30
133,2018,27,-83,14
133,2018,27,-81,9
133,2018,29,-107,1
133,2018,29,-103,7
133,2018,29,-101,4
133,2018,29,-99,41
133,2018,29,-97,29
133,2018,29,-95,22
133,2018,29,-91,1
133,2018,29,-89,2
133,2018,29,-83,39
133,2018,29,-81,25
133,2018,31,-111,18
133,2018,31,-109,1
133,2018,31,-103,19
133,2018,31,-99,8
133,2018,31,-97,88
133,2018,31,-95,16
133,2018,31,-93,6
133,2018,31,-91,9
133,2018,31,-89,6
133,2018,31,-87,1
133,2018,31,-85,7
133,2018,31,-83,6
133,2018,31,-81,1
133,2018,33,-119,12
133,2018,33,-117,66
133,2018,33,-115,1
133,2018,33,-113,3
133,2018,33,-111,14
133,2018,33,-107,1
133,2018,33,-103,1
133,2018,33,-101,5
133,2018,33,-99,23
133,2018,33,-97,168
133,2018,33,-95,12
133,2018,33,-93,3
133,2018,33,-91,1
133,2018,33,-89,2
133,2018,33,-87,8
133,2018,33,-85,3
133,2018,33,-81,4
133,2018,33,-79,1
133,2018,35,-121,3
133,2018,35,-119,72
133,2018,35,-117,14
133,2018,35,-115,2
133,2018,35,-113,1
133,2018,35,-111,3
133,2018,35,-109,1
133,2018,35,-107,2
133,2018,35,-105,2
133,2018,35,-101,2
133,2018,35,-97,3
133,2018,35,-95,23
133,2018,35,-93,6
133,2018,35,-91,1
133,2018,35,-89,2
133,2018,35,-87,8
133,2018,35,-85,13
133,2018,35,-83,24
133,2018,35,-81,19
133,2018,35,-79,30
133,2018,35,-77,2
133,2018,35,-75,2
133,2018,35,15,1
133,2018,35,139,1
133,2018,37,-123,134
133,2018,37,-121,53
133,2018,37,-119,12
133,2018,37,-113,1
133,2018,37,-105,2
133,2018,37,-103,2
133,2018,37,-99,3
133,2018,37,-97,2
133,2018,37,-95,11
133,2018,37,-93,20
133,2018,37,-91,4
133,2018,37,-87,8
133,2018,37,-85,2
133,2018,37,-83,7
133,2018,37,-81,2
133,2018,37,-79,12
133,2018,37,-77,5
133,2018,37,-75,1
133,2018,37,23,2
133,2018,37,29,1
133,2018,39,-123,37
133,2018,39,-121,55
133,2018,39,-119,7
133,2018,39,-109,1
133,2018,39,-107,1
133,2018,39,-105,2
133,2018,39,-103,2
133,2018,39,-99,1
133,2018,39,-95,1
133,2018,39,-93,5
133,2018,39,-91,8
133,2018,39,-89,2
133,2018,39,-87,7
133,2018,39,-85,9
133,2018,39,-83,22
133,2018,39,-81,1
133,2018,39,-79,2
133,2018,39,-77,33
133,2018,39,-75,7
133,2018,39,-7,1
133,2018,39,17,1
133,2018,39,23,4
133,2018,41,-125,1
133,2018,41,-123,10
133,2018,41,-121,5
133,2018,41,-113,11
133,2018,41,-111,16
133,2018,41,-105,26
133,2018,41,-97,2
133,2018,41,-95,1
133,2018,41,-91,1
133,2018,41,-89,16
133,2018,41,-87,13
133,2018,41,-83,19
133,2018,41,-81,21
133,2018,41,-79,6
133,2018,41,-77,2
133,2018,41,-75,3
133,2018,41,-73,8
133,2018,41,-71,2
133,2018,41,-9,1
133,2018,41,-7,2
133,2018,41,3,2
133,2018,41,13,3
133,2018,41,17,2
133,2018,41,23,2
133,2018,43,-123,2
133,2018,43,-121,1
133,2018,43,-117,3
133,2018,43,-113,2
133,2018,43,-111,1
133,2018,43,-91,4
133,2018,43,-89,2
133,2018,43,-87,2
133,2018,43,-85,7
133,2018,43,-81,25
133,2018,43,-79,22
133,2018,43,-77,2
133,2018,43,-73,14
133,2018,43,-71,8
133,2018,43,7,1
133,2018,43,9,1
133,2018,43,11,3
133,2018,43,13,1
133,2018,43,19,1
133,2018,43,21,1
133,2018,43,23,1
133,2018,43,27,1
133,2018,45,-123,18
133,2018,45,-121,8
133,2018,45,-117,1
133,2018,45,-111,1
133,2018,45,-95,3
133,2018,45,-93,6
133,2018,45,-91,10
133,2018,45,-83,1
133,2018,45,-81,1
133,2018,45,-79,19
133,2018,45,-77,39
133,2018,45,-75,23
133,2018,45,-73,16
133,2018,45,-69,1
133,2018,45,-67,1
133,2018,45,-1,2
133,2018,45,7,3
133,2018,45,9,4
133,2018,45,11,1
133,2018,45,13,1
133,2018,47,-123,8
133,2018,47,-121,3
133,2018,47,-119,1
133,2018,47,-95,1
133,2018,47,-91,6
133,2018,47,-67,1
133,2018,47,-65,3
133,2018,47,-63,1
133,2018,47,-61,1
133,2018,47,11,2
133,2018,47,13,1
133,2018,47,15,1
133,2018,47,31,2
133,2018,47,39,1
133,2018,47,43,1
133,2018,49,-125,1
133,2018,49,-123,34
133,2018,49,-121,1
133,2018,49,-119,2
133,2018,49,-117,8
133,2018,49,-107,1
133,2018,49,-99,1
133,2018,49,-93,1
133,2018,49,-85,1
133,2018,49,7,3
133,2018,49,9,5
133,2018,51,-125,2
133,2018,51,-115,2
133,2018,51,-105,2
133,2018,51,-101,1
133,2018,51,-97,1
133,2018,51,-93,1
133,2018,51,-5,1
133,2018,51,-3,7
133,2018,51,-1,6
133,2018,51,5,1
133,2018,51,7,4
133,2018,51,11,1
133,2018,51,13,2
133,2018,51,15,2
133,2018,53,-5,1
133,2018,53,-3,3
133,2018,53,1,1
133,2018,53,7,1
133,2018,53,11,1
133,2018,53,51,1
133,2018,55,-5,1
133,2018,55,9,3
133,2018,55,13,1
133,2018,57,-3,1
133,2018,59,23,1
133,2018,59,31,1
133,2018,61,-149,1
133,2018,61,25,1
133,2018,63,11,1
140,2015,-33,23,1
140,2015,-27,29,1
140,2015,1,103,1
140,2015,7,79,1
140,2015,9,-85,1
140,2015,9,-83,2
140,2015,9,125,1
140,2015,13,-89,2
140,2015,13,77,6
140,2015,15,-97,1
140,2015,15,-89,1
140,2015,17,-97,1
140,2015,17,-95,4
140,2015,17,-93,2
140,2015,19,-99,20
140,2015,19,-97,9
140,2015,19,-89,1
140,2015,19,75,1
140,2015,21,-105,11
140,2015,21,-103,3
140,2015,21,-101,12
140,2015,21,-99,4
140,2015,21,-97,1
140,2015,21,-87,1
140,2015,21,-85,2
140,2015,23,-107,10
140,2015,23,-101,2
140,2015,23,-99,6
140,2015,23,89,1
140,2015,25,-101,27
140,2015,25,-99,48
140,2015,25,-81,2
140,2015,27,-99,19
140,2015,27,-83,2
140,2015,27,-81,2
140,2015,29,-105,6
140,2015,29,-103,1
140,2015,29,-101,9
140,2015,29,-99,2
140,2015,29,-97,1
140,2015,29,-95,3
140,2015,29,-81,1
140,2015,31,-111,11
140,2015,31,-107,1
140,2015,31,-105,13
140,2015,31,-103,2
140,2015,31,-99,7
140,2015,31,-97,24
140,2015,31,-95,1
140,2015,31,-91,1
140,2015,31,-89,3
140,2015,31,-87,3
140,2015,33,-117,3
140,2015,33,-115,2
140,2015,33,-99,6
140,2015,33,-97,40
140,2015,33,-95,2
140,2015,33,-93,8
140,2015,33,-85,1
140,2015,35,-119,15
140,2015,35,-117,3
140,2015,35,-97,1
140,2015,35,-93,2
140,2015,35,-91,2
140,2015,35,-89,1
140,2015,35,-87,14
140,2015,35,-85,3
140,2015,35,-83,6
140,2015,35,-79,2
140,2015,37,-123,45
140,2015,37,-121,47
140,2015,37,-115,5
140,2015,37,-113,1
140,2015,37,-83,1
140,2015,37,-81,1
140,2015,37,-77,10
140,2015,37,-75,1
140,2015,39,-123,17
140,2015,39,-121,20
140,2015,39,-119,2
140,2015,39,-93,13
140,2015,39,-91,1
140,2015,39,-85,5
140,2015,39,-79,9
140,2015,39,-77,41
140,2015,39,-75,7
140,2015,39,45,3
140,2015,41,-123,5
140,2015,41,-111,2
140,2015,41,-93,3
140,2015,41,-89,4
140,2015,41,-87,5
140,2015,41,-81,14
140,2015,41,-77,3
140,2015,41,-75,3
140,2015,41,-73,3
140,2015,41,-71,5
140,2015,41,1,1
140,2015,41,17,1
140,2015,41,23,1
140,2015,43,-87,4
140,2015,43,-85,1
140,2015,43,-83,5
140,2015,43,-81,5
140,2015,43,-79,8
140,2015,43,-77,3
140,2015,43,-73,38
140,2015,43,-71,4
140,2015,43,13,1
140,2015,45,-93,3
140,2015,45,-79,4
140,2015,45,-77,13
140,2015,45,-75,2
140,2015,45,-73,12
140,2015,45,-65,1
140,2015,45,9,1
140,2015,45,13,1
140,2015,47,-121,1
140,2015,47,-117,3
140,2015,47,-91,4
140,2015,49,-123,2
140,2015,49,-121,1
140,2015,49,-119,1
140,2015,49,-115,1
140,2015,49,5,1
140,2015,51,-115,1
140,2015,51,7,4
140,2015,53,-113,1
140,2015,61,11,1
140,2015,61,25,1
140,2016,-31,153,1
140,2016,-29,31,1
140,2016,-17,31,1
140,2016,3,101,1
140,2016,9,-83,1
140,2016,11,-85,1
140,2016,15,-97,8
140,2016,15,-87,2
140,2016,17,-97,3
140,2016,17,-63,1
140,2016,19,-101,2
140,2016,19,-99,11
140,2016,19,-97,4
140,2016,19,-95,1
140,2016,19,-89,1
140,2016,19,-71,2
140,2016,21,-105,15
140,2016,21,-101,1
140,2016,21,-99,25
140,2016,21,-97,1
140,2016,23,-107,7
140,2016,23,115,6
140,2016,23,121,3
140,2016,25,-101,14
140,2016,25,-81,2
140,2016,27,-99,4
140,2016,27,-83,7
140,2016,27,-81,1
140,2016,27,-77,1
140,2016,29,-103,3
140,2016,29,-101,1
140,2016,29,-99,12
140,2016,29,-97,2
140,2016,29,-95,15
140,2016,29,-91,2
140,2016,29,-83,12
140,2016,29,-81,14
140,2016,31,-111,1
140,2016,31,-103,3
140,2016,31,-101,5
140,2016,31,-99,2
140,2016,31,-97,47
140,2016,31,-95,7
140,2016,31,-91,2
140,2016,31,-87,1
140,2016,31,-83,1
140,2016,31,-81,2
140,2016,33,-119,1
140,2016,33,-117,11
140,2016,33,-113,1
140,2016,33,-111,1
140,2016,33,-109,2
140,2016,33,-101,2
140,2016,33,-99,1
140,2016,33,-97,65
140,2016,33,-95,9
140,2016,33,-91,1
140,2016,33,-87,2
140,2016,33,-85,3
140,2016,33,-83,3
140,2016,33,-81,8
140,2016,33,-79,5
140,2016,35,-119,106
140,2016,35,-117,9
140,2016,35,-115,1
140,2016,35,-107,16
140,2016,35,-101,1
140,2016,35,-97,3
140,2016,35,-93,2
140,2016,35,-87,1
140,2016,35,-85,6
140,2016,35,-83,5
140,2016,35,-81,13
140,2016,35,-79,10
140,2016,35,-77,6
140,2016,37,-123,71
140,2016,37,-121,117
140,2016,37,-119,3
140,2016,37,-115,1
140,2016,37,-113,1
140,2016,37,-107,1
140,2016,37,-97,5
140,2016,37,-95,3
140,2016,37,-85,2
140,2016,37,-83,1
140,2016,37,-77,9
140,2016,37,-9,2
140,2016,37,-3,1
140,2016,39,-123,29
140,2016,39,-121,22
140,2016,39,-119,1
140,2016,39,-109,9
140,2016,39,-105,2
140,2016,39,-97,1
140,2016,39,-95,1
140,2016,39,-91,2
140,2016,39,-85,4
140,2016,39,-81,1
140,2016,39,-79,3
140,2016,39,-77,77
140,2016,39,-75,1
140,2016,41,-123,1
140,2016,41,-97,6
140,2016,41,-89,2
140,2016,41,-87,2
140,2016,41,-83,3
140,2016,41,-81,44
140,2016,41,-79,1
140,2016,41,-77,2
140,2016,41,-75,9
140,2016,41,-73,5
140,2016,41,-71,1
140,2016,41,-9,1
140,2016,41,-7,1
140,2016,41,1,3
140,2016,41,13,2
140,2016,41,23,1
140,2016,43,-93,1
140,2016,43,-85,2
140,2016,43,-81,2
140,2016,43,-79,4
140,2016,43,-73,6
140,2016,43,-71,40
140,2016,43,-3,1
140,2016,43,27,2
140,2016,43,133,1
140,2016,45,-93,1
140,2016,45,-89,3
140,2016,45,-85,1
140,2016,45,-81,1
140,2016,45,-79,15
140,2016,45,-77,5
140,2016,45,-75,28
140,2016,45,-73,12
140,2016,45,-69,1
140,2016,45,-65,1
140,2016,45,9,1
140,2016,45,11,1
140,2016,47,-123,2
140,2016,47,-121,1
140,2016,47,-117,1
140,2016,47,-93,3
140,2016,47,-63,1
140,2016,47,-59,1
140,2016,49,-125,1
140,2016,49,-123,1
140,2016,49,-121,1
140,2016,49,-119,1
140,2016,49,-95,4
140,2016,49,-89,1
140,2016,49,1,1
140,2016,51,-125,1
140,2016,51,-5,1
140,2016,51,5,1
140,2016,51,7,2
140,2016,51,9,1
140,2016,57,-135,1
140,2016,59,17,1
140,2016,61,-129,1
140,2016,69,-151,1
140,2017,-45,171,1
140,2017,-37,175,1
140,2017,-33,23,1
140,2017,-33,25,1
140,2017,-33,115,1
140,2017,-31,23,1
140,2017,-31,31,2
140,2017,-29,33,1
140,2017,-25,29,1
140,2017,-23,-47,1
140,2017,1,103,5
140,2017,9,-79,8
140,2017,11,-85,2
140,2017,13,-85,6
140,2017,13,77,1
140,2017,15,-97,10
140,2017,15,-93,1
140,2017,15,-91,1
140,2017,17,-97,1
140,2017,17,-93,10
140,2017,17,-61,1
140,2017,19,-103,7
140,2017,19,-101,5
140,2017,19,-99,28
140,2017,19,-97,2
140,2017,19,-95,3
140,2017,19,109,1
140,2017,21,-105,4
140,2017,21,-103,2
140,2017,21,-101,2
140,2017,21,-99,6
140,2017,21,-97,2
140,2017,23,-107,23
140,2017,23,-97,1
140,2017,23,115,2
140,2017,23,121,2
140,2017,25,-107,1
140,2017,25,-101,31
140,2017,25,-99,1
140,2017,25,-81,8
140,2017,25,121,1
140,2017,27,-101,6
140,2017,27,-99,19
140,2017,27,-97,13
140,2017,27,-83,4
140,2017,27,-81,6
140,2017,29,-111,3
140,2017,29,-109,1
140,2017,29,-103,8
140,2017,29,-101,20
140,2017,29,-99,5
140,2017,29,-97,7
140,2017,29,-95,18
140,2017,29,-83,2
140,2017,29,-81,8
140,2017,31,-115,1
140,2017,31,-111,43
140,2017,31,-109,3
140,2017,31,-107,1
140,2017,31,-105,11
140,2017,31,-103,6
140,2017,31,-99,11
140,2017,31,-97,50
140,2017,31,-95,13
140,2017,31,-93,1
140,2017,31,-91,1
140,2017,31,-89,9
140,2017,31,-87,3
140,2017,31,-85,4
140,2017,31,121,1
140,2017,33,-119,9
140,2017,33,-117,85
140,2017,33,-111,27
140,2017,33,-107,2
140,2017,33,-101,12
140,2017,33,-99,7
140,2017,33,-97,212
140,2017,33,-95,14
140,2017,33,-93,1
140,2017,33,-91,2
140,2017,33,-87,27
140,2017,33,-85,3
140,2017,33,-81,11
140,2017,33,-79,4
140,2017,33,35,4
140,2017,35,-121,5
140,2017,35,-119,94
140,2017,35,-117,27
140,2017,35,-115,4
140,2017,35,-113,10
140,2017,35,-111,22
140,2017,35,-107,9
140,2017,35,-101,4
140,2017,35,-99,5
140,2017,35,-97,6
140,2017,35,-95,4
140,2017,35,-93,17
140,2017,35,-91,1
140,2017,35,-89,2
140,2017,35,-87,14
140,2017,35,-85,17
140,2017,35,-83,29
140,2017,35,-81,4
140,2017,35,-79,11
140,2017,35,-77,1
140,2017,35,-5,1
140,2017,37,-123,78
140,2017,37,-121,62
140,2017,37,-119,14
140,2017,37,-115,4
140,2017,37,-113,5
140,2017,37,-93,2
140,2017,37,-91,2
140,2017,37,-89,1
140,2017,37,-87,7
140,2017,37,-85,2
140,2017,37,-83,1
140,2017,37,-81,8
140,2017,37,-79,4
140,2017,37,-77,13
140,2017,37,-75,1
140,2017,37,-9,1
140,2017,37,127,1
140,2017,39,-123,34
140,2017,39,-121,51
140,2017,39,-119,5
140,2017,39,-105,6
140,2017,39,-95,2
140,2017,39,-93,12
140,2017,39,-91,12
140,2017,39,-87,3
140,2017,39,-85,17
140,2017,39,-83,8
140,2017,39,-81,4
140,2017,39,-79,22
140,2017,39,-77,75
140,2017,39,-75,5
140,2017,39,-9,2
140,2017,41,-125,1
140,2017,41,-111,3
140,2017,41,-107,1
140,2017,41,-105,1
140,2017,41,-89,1
140,2017,41,-85,3
140,2017,41,-83,8
140,2017,41,-81,15
140,2017,41,-79,5
140,2017,41,-77,2
140,2017,41,-75,15
140,2017,41,-73,7
140,2017,41,-71,1
140,2017,41,9,1
140,2017,41,13,1
140,2017,41,19,2
140,2017,41,21,5
140,2017,41,23,1
140,2017,43,-119,1
140,2017,43,-113,4
140,2017,43,-111,1
140,2017,43,-93,1
140,2017,43,-91,1
140,2017,43,-89,5
140,2017,43,-87,1
140,2017,43,-83,8
140,2017,43,-81,15
140,2017,43,-79,14
140,2017,43,-73,10
140,2017,43,-71,2
140,2017,43,-3,1
140,2017,43,11,1
140,2017,43,13,4
140,2017,45,-123,6
140,2017,45,-121,4
140,2017,45,-119,1
140,2017,45,-111,1
140,2017,45,-93,7
140,2017,45,-91,1
140,2017,45,-83,6
140,2017,45,-81,2
140,2017,45,-79,19
140,2017,45,-77,13
140,2017,45,-75,13
140,2017,45,-73,20
140,2017,45,-65,2
140,2017,45,-63,1
140,2017,45,7,4
140,2017,45,9,4
140,2017,45,11,18
140,2017,45,13,1
140,2017,47,-123,8
140,2017,47,-121,3
140,2017,47,-117,12
140,2017,47,-101,1
140,2017,47,-95,1
140,2017,47,-85,1
140,2017,47,-81,1
140,2017,47,-67,1
140,2017,47,-3,2
140,2017,47,9,1
140,2017,47,11,4
140,2017,49,-125,8
140,2017,49,-123,4
140,2017,49,-117,1
140,2017,49,-95,2
140,2017,49,-69,1
140,2017,49,1,2
140,2017,49,7,3
140,2017,49,9,4
140,2017,51,-101,3
140,2017,51,-97,1
140,2017,51,-95,1
140,2017,51,-3,2
140,2017,51,-1,1
140,2017,51,1,1
140,2017,51,5,3
140,2017,51,7,2
140,2017,51,9,2
140,2017,51,13,1
140,2017,55,11,1
140,2017,55,13,1
140,2017,59,11,3
140,2017,59,19,3
140,2017,63,9,1
140,2018,-33,21,3
140,2018,-29,-71,1
140,2018,-29,31,1
140,2018,-29,153,4
140,2018,-27,29,2
140,2018,-25,17,1
140,2018,-23,17,1
140,2018,-21,17,1
140,2018,-19,15,2
140,2018,-19,17,1
140,2018,-19,35,10
140,2018,-17,35,2
140,2018,-7,35,2
140,2018,1,103,11
140,2018,5,-75,1
140,2018,5,101,1
140,2018,5,103,1
140,2018,9,-85,1
140,2018,9,-83,1
140,2018,11,-85,3
140,2018,13,-89,1
140,2018,13,-87,4
140,2018,13,-61,1
140,2018,15,-97,18
140,2018,15,-91,2
140,2018,17,-97,2
140,2018,17,-95,1
140,2018,17,-93,13
140,2018,17,-89,3
140,2018,19,-103,2
140,2018,19,-101,1
140,2018,19,-99,40
140,2018,19,-97,20
140,2018,19,-95,5
140,2018,19,-81,5
140,2018,19,-67,1
140,2018,19,-65,1
140,2018,19,73,1
140,2018,19,109,2
140,2018,21,-105,5
140,2018,21,-103,4
140,2018,21,-101,7
140,2018,21,-99,12
140,2018,21,-97,9
140,2018,21,-89,3
140,2018,21,-87,2
140,2018,23,-107,3
140,2018,23,-103,1
140,2018,23,-101,2
140,2018,23,-99,1
140,2018,23,-97,1
140,2018,23,113,1
140,2018,23,115,16
140,2018,23,121,3
140,2018,25,-105,1
140,2018,25,-103,2
140,2018,25,-101,64
140,2018,25,-81,8
140,2018,25,93,1
140,2018,25,95,1
140,2018,27,-109,1
140,2018,27,-103,1
140,2018,27,-99,18
140,2018,27,-97,17
140,2018,27,-83,3
140,2018,27,-81,4
140,2018,29,-111,4
140,2018,29,-103,17
140,2018,29,-99,20
140,2018,29,-97,16
140,2018,29,-95,26
140,2018,29,-91,3
140,2018,29,-83,16
140,2018,29,-81,55
140,2018,29,-15,1
140,2018,31,-111,8
140,2018,31,-109,5
140,2018,31,-105,46
140,2018,31,-103,21
140,2018,31,-101,3
140,2018,31,-99,17
140,2018,31,-97,78
140,2018,31,-95,29
140,2018,31,-93,11
140,2018,31,-91,3
140,2018,31,-89,7
140,2018,31,-87,2
140,2018,31,-85,14
140,2018,31,-83,5
140,2018,31,-81,3
140,2018,33,-119,13
140,2018,33,-117,55
140,2018,33,-115,2
140,2018,33,-111,9
140,2018,33,-109,3
140,2018,33,-107,6
140,2018,33,-105,1
140,2018,33,-103,2
140,2018,33,-101,5
140,2018,33,-99,20
140,2018,33,-97,170
140,2018,33,-95,5
140,2018,33,-93,5
140,2018,33,-87,10
140,2018,33,-85,9
140,2018,33,-83,1
140,2018,33,-81,21
140,2018,33,-79,5
140,2018,35,-121,3
140,2018,35,-119,48
140,2018,35,-117,12
140,2018,35,-115,2
140,2018,35,-113,2
140,2018,35,-111,2
140,2018,35,-107,2
140,2018,35,-101,2
140,2018,35,-99,4
140,2018,35,-97,9
140,2018,35,-95,14
140,2018,35,-93,6
140,2018,35,-91,2
140,2018,35,-89,4
140,2018,35,-87,9
140,2018,35,-85,20
140,2018,35,-83,32
140,2018,35,-81,21
140,2018,35,-79,42
140,2018,35,-77,6
140,2018,35,-75,3
140,2018,35,137,1
140,2018,37,-123,95
140,2018,37,-121,91
140,2018,37,-119,11
140,2018,37,-115,2
140,2018,37,-113,3
140,2018,37,-105,1
140,2018,37,-95,3
140,2018,37,-93,2
140,2018,37,-91,1
140,2018,37,-89,2
140,2018,37,-87,14
140,2018,37,-85,9
140,2018,37,-83,10
140,2018,37,-81,6
140,2018,37,-79,21
140,2018,37,-77,15
140,2018,37,-75,1
140,2018,37,-3,1
140,2018,37,21,1
140,2018,39,-123,43
140,2018,39,-121,56
140,2018,39,-119,5
140,2018,39,-107,2
140,2018,39,-105,6
140,2018,39,-103,2
140,2018,39,-97,6
140,2018,39,-95,2
140,2018,39,-93,4
140,2018,39,-91,10
140,2018,39,-89,1
140,2018,39,-87,11
140,2018,39,-85,17
140,2018,39,-83,14
140,2018,39,-81,2
140,2018,39,-79,26
140,2018,39,-77,62
140,2018,39,-75,11
140,2018,39,-7,3
140,2018,39,21,6
140,2018,39,47,2
140,2018,41,-123,8
140,2018,41,-111,39
140,2018,41,-105,17
140,2018,41,-93,3
140,2018,41,-89,9
140,2018,41,-87,12
140,2018,41,-83,16
140,2018,41,-81,36
140,2018,41,-79,7
140,2018,41,-77,1
140,2018,41,-75,22
140,2018,41,-73,18
140,2018,41,-71,5
140,2018,41,-3,1
140,2018,41,3,2
140,2018,41,13,1
140,2018,41,15,1
140,2018,41,17,1
140,2018,41,23,4
140,2018,43,-123,1
140,2018,43,-119,1
140,2018,43,-111,3
140,2018,43,-109,1
140,2018,43,-97,1
140,2018,43,-93,2
140,2018,43,-91,4
140,2018,43,-89,3
140,2018,43,-87,2
140,2018,43,-85,7
140,2018,43,-83,3
140,2018,43,-81,29
140,2018,43,-79,34
140,2018,43,-77,1
140,2018,43,-73,29
140,2018,43,-71,23
140,2018,43,-65,1
140,2018,43,3,1
140,2018,43,13,1
140,2018,43,19,1
140,2018,43,23,1
140,2018,43,27,1
140,2018,45,-125,1
140,2018,45,-123,11
140,2018,45,-121,2
140,2018,45,-95,1
140,2018,45,-93,14
140,2018,45,-91,3
140,2018,45,-89,1
140,2018,45,-87,1
140,2018,45,-85,2
140,2018,45,-83,3
140,2018,45,-81,5
140,2018,45,-79,28
140,2018,45,-77,67
140,2018,45,-75,16
140,2018,45,-73,20
140,2018,45,-67,1
140,2018,45,-65,2
140,2018,45,1,1
140,2018,45,5,1
140,2018,45,7,3
140,2018,45,9,8
140,2018,45,11,10
140,2018,45,13,2
140,2018,47,-123,15
140,2018,47,-121,12
140,2018,47,-117,8
140,2018,47,-115,4
140,2018,47,-113,7
140,2018,47,-103,1
140,2018,47,-95,2
140,2018,47,-93,2
140,2018,47,-91,5
140,2018,47,-89,1
140,2018,47,-85,3
140,2018,47,-83,1
140,2018,47,-81,2
140,2018,47,-79,2
140,2018,47,-71,1
140,2018,47,-67,2
140,2018,47,-61,1
140,2018,47,1,1
140,2018,47,5,1
140,2018,47,7,1
140,2018,47,13,3
140,2018,47,31,1
140,2018,49,-123,12
140,2018,49,-121,3
140,2018,49,-119,5
140,2018,49,-117,9
140,2018,49,-113,1
140,2018,49,-97,1
140,2018,49,-95,6
140,2018,49,-93,2
140,2018,49,-85,1
140,2018,49,-81,1
140,2018,49,7,1
140,2018,49,9,1
140,2018,49,13,2
140,2018,49,17,3
140,2018,51,-125,4
140,2018,51,-115,3
140,2018,51,-107,3
140,2018,51,-99,1
140,2018,51,-89,1
140,2018,51,-3,4
140,2018,51,-1,8
140,2018,51,5,2
140,2018,51,7,5
140,2018,51,13,1
140,2018,53,-115,1
140,2018,53,-113,1
140,2018,53,-3,1
140,2018,53,-1,1
140,2018,53,1,2
140,2018,53,11,1
140,2018,53,15,1
140,2018,55,-5,1
140,2018,55,-3,1
140,2018,55,9,1
140,2018,55,37,2
140,2018,57,-5,2
140,2018,57,-3,1
140,2018,57,9,1
140,2018,57,11,1
140,2018,59,11,1
140,2018,59,13,1
140,2018,59,19,2
140,2018,59,31,1
140,2018,61,-137,1
140,2018,61,25,1
140,2018,63,-151,1
147,2015,-29,33,3
147,2015,1,103,2
147,2015,9,-85,12
147,2015,13,77,1
147,2015,15,-97,1
147,2015,17,-95,4
147,2015,17,-93,3
147,2015,19,-99,10
147,2015,19,-97,10
147,2015,19,-95,2
147,2015,19,-89,2
147,2015,21,-105,5
147,2015,21,-103,9
147,2015,21,-101,8
147,2015,21,-99,3
147,2015,21,-89,3
147,2015,21,-87,1
147,2015,23,-107,14
147,2015,23,-101,8
147,2015,23,-83,1
147,2015,25,-101,34
147,2015,27,-101,1
147,2015,27,-99,17
147,2015,27,-97,3
147,2015,27,-81,1
147,2015,29,-101,3
147,2015,29,-99,5
147,2015,29,-95,6
147,2015,29,-83,2
147,2015,29,-81,3
147,2015,31,-111,2
147,2015,31,-109,3
147,2015,31,-99,8
147,2015,31,-97,40
147,2015,31,-95,3
147,2015,31,-81,1
147,2015,33,-117,16
147,2015,33,-111,1
147,2015,33,-109,1
147,2015,33,-107,2
147,2015,33,-105,1
147,2015,33,-99,1
147,2015,33,-97,69
147,2015,33,-95,8
147,2015,33,-93,1
147,2015,33,-85,1
147,2015,33,-83,2
147,2015,33,-81,7
147,2015,35,-121,2
147,2015,35,-119,8
147,2015,35,-113,2
147,2015,35,-111,13
147,2015,35,-97,1
147,2015,35,-93,2
147,2015,35,-87,7
147,2015,35,-83,2
147,2015,35,-81,1
147,2015,35,-79,1
147,2015,37,-123,67
147,2015,37,-121,114
147,2015,37,-117,1
147,2015,37,-115,6
147,2015,37,-97,7
147,2015,37,-93,1
147,2015,37,-87,1
147,2015,37,-81,4
147,2015,37,-77,16
147,2015,37,-7,1
147,2015,39,-123,6
147,2015,39,-121,14
147,2015,39,-119,1
147,2015,39,-105,2
147,2015,39,-91,3
147,2015,39,-89,1
147,2015,39,-85,14
147,2015,39,-83,12
147,2015,39,-81,1
147,2015,39,-79,1
147,2015,39,-77,19
147,2015,39,23,1
147,2015,39,45,3
147,2015,41,-125,1
147,2015,41,-123,26
147,2015,41,-121,2
147,2015,41,-111,1
147,2015,41,-107,1
147,2015,41,-105,3
147,2015,41,-97,1
147,2015,41,-91,1
147,2015,41,-89,1
147,2015,41,-87,8
147,2015,41,-83,5
147,2015,41,-81,10
147,2015,41,-79,3
147,2015,41,-77,4
147,2015,41,-75,3
147,2015,41,-73,5
147,2015,41,-71,3
147,2015,41,1,3
147,2015,41,15,1
147,2015,41,17,2
147,2015,43,-123,2
147,2015,43,-93,1
147,2015,43,-87,1
147,2015,43,-85,4
147,2015,43,-81,3
147,2015,43,-79,9
147,2015,43,-73,28
147,2015,43,-71,4
147,2015,43,-5,1
147,2015,43,1,1
147,2015,43,13,1
147,2015,45,-93,2
147,2015,45,-91,1
147,2015,45,-89,3
147,2015,45,-81,1
147,2015,45,-79,2
147,2015,45,-77,17
147,2015,45,-75,4
147,2015,45,-73,16
147,2015,45,-71,1
147,2015,45,-69,1
147,2015,45,-65,1
147,2015,45,9,2
147,2015,47,-117,1
147,2015,47,-83,1
147,2015,47,-81,1
147,2015,47,-65,2
147,2015,49,-125,1
147,2015,49,-123,2
147,2015,51,7,5
147,2015,57,-135,1
147,2015,61,25,1
147,2016,-33,23,1
147,2016,-31,153,1
147,2016,-29,33,2
147,2016,9,-81,1
147,2016,11,-85,1
147,2016,13,-89,1
147,2016,17,-99,1
147,2016,17,-97,2
147,2016,17,-93,4
147,2016,17,-89,1
147,2016,19,-105,3
147,2016,19,-99,17
147,2016,19,-97,3
147,2016,19,-95,4
147,2016,21,-157,1
147,2016,21,-105,11
147,2016,21,-103,2
147,2016,21,-101,2
147,2016,21,-99,12
147,2016,21,-87,5
147,2016,23,-107,19
147,2016,23,115,2
147,2016,25,-101,6
147,2016,25,-99,2
147,2016,25,-81,11
147,2016,27,-109,2
147,2016,27,-99,34
147,2016,27,-97,1
147,2016,27,-83,5
147,2016,27,-81,4
147,2016,29,-103,4
147,2016,29,-99,43
147,2016,29,-97,1
147,2016,29,-95,10
147,2016,29,-83,7
147,2016,29,-81,8
147,2016,31,-117,1
147,2016,31,-111,3
147,2016,31,-109,1
147,2016,31,-105,1
147,2016,31,-103,9
147,2016,31,-101,4
147,2016,31,-99,4
147,2016,31,-97,24
147,2016,31,-95,3
147,2016,31,-87,9
147,2016,31,-85,4
147,2016,31,-81,1
147,2016,33,-119,3
147,2016,33,-117,26
147,2016,33,-111,10
147,2016,33,-103,3
147,2016,33,-101,15
147,2016,33,-99,2
147,2016,33,-97,90
147,2016,33,-95,10
147,2016,33,-87,3
147,2016,33,-83,2
147,2016,33,-81,3
147,2016,33,35,2
147,2016,35,-119,42
147,2016,35,-117,8
147,2016,35,-111,2
147,2016,35,-107,3
147,2016,35,-93,3
147,2016,35,-91,2
147,2016,35,-87,8
147,2016,35,-85,3
147,2016,35,-83,7
147,2016,35,-81,3
147,2016,35,-79,5
147,2016,35,-77,6
147,2016,35,1,1
147,2016,37,-123,41
147,2016,37,-121,85
147,2016,37,-119,1
147,2016,37,-115,3
147,2016,37,-113,1
147,2016,37,-107,1
147,2016,37,-103,3
147,2016,37,-99,2
147,2016,37,-97,4
147,2016,37,-87,2
147,2016,37,-83,1
147,2016,37,-81,1
147,2016,37,-77,5
147,2016,37,15,1
147,2016,37,31,1
147,2016,37,127,2
147,2016,39,-123,29
147,2016,39,-121,19
147,2016,39,-119,1
147,2016,39,-109,5
147,2016,39,-107,2
147,2016,39,-105,3
147,2016,39,-93,1
147,2016,39,-89,1
147,2016,39,-87,1
147,2016,39,-85,8
147,2016,39,-83,1
147,2016,39,-79,13
147,2016,39,-77,12
147,2016,39,-75,2
147,2016,39,-9,1
147,2016,39,13,1
147,2016,39,45,2
147,2016,41,-123,4
147,2016,41,-121,7
147,2016,41,-111,2
147,2016,41,-107,1
147,2016,41,-105,3
147,2016,41,-103,2
147,2016,41,-89,2
147,2016,41,-87,8
147,2016,41,-85,2
147,2016,41,-83,2
147,2016,41,-81,8
147,2016,41,-79,3
147,2016,41,-77,4
147,2016,41,-75,8
147,2016,41,-73,5
147,2016,41,-71,4
147,2016,41,-9,2
147,2016,41,3,1
147,2016,41,17,1
147,2016,41,23,2
147,2016,43,-123,8
147,2016,43,-121,1
147,2016,43,-111,2
147,2016,43,-93,3
147,2016,43,-89,9
147,2016,43,-87,3
147,2016,43,-85,3
147,2016,43,-83,9
147,2016,43,-81,3
147,2016,43,-79,19
147,2016,43,-77,4
147,2016,43,-75,1
147,2016,43,-73,49
147,2016,43,-71,13
147,2016,43,7,1
147,2016,43,11,2
147,2016,43,13,2
147,2016,45,-123,7
147,2016,45,-121,9
147,2016,45,-115,2
147,2016,45,-111,3
147,2016,45,-97,1
147,2016,45,-93,2
147,2016,45,-91,1
147,2016,45,-89,5
147,2016,45,-87,1
147,2016,45,-79,4
147,2016,45,-77,16
147,2016,45,-75,18
147,2016,45,-73,39
147,2016,45,-71,3
147,2016,45,-69,1
147,2016,45,-65,1
147,2016,45,7,1
147,2016,45,9,1
147,2016,47,-123,2
147,2016,47,-121,2
147,2016,47,-113,2
147,2016,47,-95,2
147,2016,47,-85,3
147,2016,47,-81,1
147,2016,47,-65,1
147,2016,49,-123,2
147,2016,49,-121,1
147,2016,49,-117,6
147,2016,49,-101,2
147,2016,51,-1,2
147,2016,51,7,2
147,2016,53,-107,1
147,2016,55,-127,1
147,2016,55,-115,1
147,2016,59,19,4
147,2017,-33,23,2
147,2017,-33,25,1
147,2017,-31,31,3
147,2017,-25,29,1
147,2017,-3,39,1
147,2017,-1,37,1
147,2017,1,103,7
147,2017,5,-73,1
147,2017,9,-83,2
147,2017,9,-79,6
147,2017,11,-85,8
147,2017,13,-89,1
147,2017,13,-85,3
147,2017,13,109,1
147,2017,15,-97,1
147,2017,17,-97,1
147,2017,17,-95,1
147,2017,17,-93,5
147,2017,19,-105,1
147,2017,19,-103,1
147,2017,19,-101,10
147,2017,19,-99,27
147,2017,19,-97,5
147,2017,19,-95,8
147,2017,19,-71,1
147,2017,19,-67,2
147,2017,19,109,3
147,2017,21,-105,5
147,2017,21,-103,4
147,2017,21,-101,3
147,2017,21,-99,10
147,2017,21,-89,1
147,2017,21,-87,2
147,2017,23,-107,8
147,2017,23,113,1
147,2017,23,115,1
147,2017,23,121,3
147,2017,25,-103,3
147,2017,25,-101,13
147,2017,25,-97,1
147,2017,25,-81,11
147,2017,25,55,1
147,2017,25,113,2
147,2017,27,-111,17
147,2017,27,-101,3
147,2017,27,-99,12
147,2017,27,-97,4
147,2017,27,-81,3
147,2017,29,-111,2
147,2017,29,-101,2
147,2017,29,-99,29
147,2017,29,-97,5
147,2017,29,-95,21
147,2017,29,-91,1
147,2017,29,-83,8
147,2017,29,-81,6
147,2017,31,-117,5
147,2017,31,-115,12
147,2017,31,-111,17
147,2017,31,-109,6
147,2017,31,-99,17
147,2017,31,-97,40
147,2017,31,-95,17
147,2017,31,-93,4
147,2017,31,-91,4
147,2017,31,-87,4
147,2017,31,-85,4
147,2017,33,-119,15
147,2017,33,-117,42
147,2017,33,-113,6
147,2017,33,-111,14
147,2017,33,-109,1
147,2017,33,-107,11
147,2017,33,-101,6
147,2017,33,-97,127
147,2017,33,-95,25
147,2017,33,-93,1
147,2017,33,-87,10
147,2017,33,-85,6
147,2017,33,-81,9
147,2017,33,-79,4
147,2017,35,-121,2
147,2017,35,-119,89
147,2017,35,-117,36
147,2017,35,-115,3
147,2017,35,-111,4
147,2017,35,-107,8
147,2017,35,-101,2
147,2017,35,-99,1
147,2017,35,-97,4
147,2017,35,-95,16
147,2017,35,-93,2
147,2017,35,-89,2
147,2017,35,-87,16
147,2017,35,-85,7
147,2017,35,-83,22
147,2017,35,-81,3
147,2017,35,-79,22
147,2017,35,-75,3
147,2017,35,127,2
147,2017,35,137,1
147,2017,37,-123,87
147,2017,37,-121,111
147,2017,37,-119,9
147,2017,37,-115,6
147,2017,37,-113,4
147,2017,37,-111,1
147,2017,37,-109,1
147,2017,37,-97,6
147,2017,37,-95,2
147,2017,37,-93,11
147,2017,37,-91,2
147,2017,37,-89,16
147,2017,37,-87,8
147,2017,37,-83,11
147,2017,37,-81,7
147,2017,37,-79,23
147,2017,37,-77,24
147,2017,37,-75,4
147,2017,37,-7,1
147,2017,37,127,1
147,2017,39,-123,82
147,2017,39,-121,29
147,2017,39,-119,2
147,2017,39,-115,18
147,2017,39,-111,7
147,2017,39,-109,1
147,2017,39,-107,1
147,2017,39,-105,10
147,2017,39,-95,4
147,2017,39,-93,13
147,2017,39,-91,6
147,2017,39,-89,1
147,2017,39,-87,5
147,2017,39,-85,16
147,2017,39,-83,19
147,2017,39,-81,3
147,2017,39,-79,11
147,2017,39,-77,80
147,2017,39,-75,12
147,2017,39,27,3
147,2017,41,-125,1
147,2017,41,-123,9
147,2017,41,-121,11
147,2017,41,-115,4
147,2017,41,-113,1
147,2017,41,-111,8
147,2017,41,-109,1
147,2017,41,-107,2
147,2017,41,-105,4
147,2017,41,-103,1
147,2017,41,-95,1
147,2017,41,-91,1
147,2017,41,-89,8
147,2017,41,-87,16
147,2017,41,-85,2
147,2017,41,-83,27
147,2017,41,-81,46
147,2017,41,-79,9
147,2017,41,-77,2
147,2017,41,-75,21
147,2017,41,-73,20
147,2017,41,-71,3
147,2017,41,-9,5
147,2017,41,-7,2
147,2017,41,-5,3
147,2017,41,-1,1
147,2017,41,13,1
147,2017,41,19,2
147,2017,43,-123,1
147,2017,43,-119,6
147,2017,43,-115,4
147,2017,43,-113,4
147,2017,43,-111,1
147,2017,43,-91,8
147,2017,43,-89,16
147,2017,43,-87,5
147,2017,43,-85,13
147,2017,43,-83,14
147,2017,43,-81,97
147,2017,43,-79,20
147,2017,43,-77,5
147,2017,43,-75,4
147,2017,43,-73,26
147,2017,43,-71,2
147,2017,43,-7,1
147,2017,43,1,1
147,2017,43,3,3
147,2017,43,13,1
147,2017,43,17,1
147,2017,45,-123,8
147,2017,45,-121,4
147,2017,45,-119,1
147,2017,45,-111,5
147,2017,45,-93,15
147,2017,45,-91,6
147,2017,45,-89,1
147,2017,45,-87,1
147,2017,45,-85,1
147,2017,45,-79,17
147,2017,45,-77,24
147,2017,45,-75,15
147,2017,45,-73,35
147,2017,45,-69,1
147,2017,45,-67,1
147,2017,45,-65,6
147,2017,45,1,3
147,2017,45,7,4
147,2017,45,9,2
147,2017,45,11,7
147,2017,45,13,1
147,2017,47,-123,8
147,2017,47,-121,16
147,2017,47,-119,1
147,2017,47,-117,5
147,2017,47,-115,5
147,2017,47,-107,1
147,2017,47,-95,1
147,2017,47,-93,7
147,2017,47,-91,4
147,2017,47,-87,1
147,2017,47,-79,1
147,2017,47,-65,2
147,2017,47,-61,1
147,2017,49,-123,2
147,2017,49,-121,1
147,2017,49,-119,1
147,2017,49,-115,1
147,2017,49,-107,1
147,2017,49,-97,2
147,2017,49,-95,1
147,2017,49,-89,1
147,2017,49,7,3
147,2017,49,19,1
147,2017,51,-117,1
147,2017,51,-115,1
147,2017,51,-111,2
147,2017,51,-103,1
147,2017,51,-99,2
147,2017,51,-3,1
147,2017,51,-1,2
147,2017,55,-3,1
147,2017,55,-1,1
147,2017,57,-117,4
147,2017,57,-7,1
147,2017,57,-5,1
147,2017,59,-151,1
147,2017,61,-151,2
147,2017,61,-149,2
147,2017,63,11,1
147,2018,-39,177,1
147,2018,-31,31,4
147,2018,-29,33,1
147,2018,-29,151,1
147,2018,-25,-49,1
147,2018,-23,-47,1
147,2018,-23,15,1
147,2018,-23,17,5
147,2018,-9,15,1
147,2018,-7,37,1
147,2018,-7,39,1
147,2018,1,103,10
147,2018,7,101,1
147,2018,9,-85,1
147,2018,9,-83,1
147,2018,9,-79,1
147,2018,11,-85,6
147,2018,11,79,1
147,2018,13,101,1
147,2018,15,-97,5
147,2018,15,-91,3
147,2018,15,-87,2
147,2018,17,-97,10
147,2018,17,-93,10
147,2018,17,-89,2
147,2018,17,-67,1
147,2018,19,-105,1
147,2018,19,-103,1
147,2018,19,-101,2
147,2018,19,-99,35
147,2018,19,-97,25
147,2018,19,-95,8
147,2018,19,-75,8
147,2018,19,-71,4
147,2018,19,-67,1
147,2018,19,-65,3
147,2018,19,109,2
147,2018,21,-105,11
147,2018,21,-103,6
147,2018,21,-101,18
147,2018,21,-99,16
147,2018,21,-97,1
147,2018,21,-89,1
147,2018,21,-87,28
147,2018,23,-109,1
147,2018,23,-107,6
147,2018,23,-105,2
147,2018,23,-99,15
147,2018,23,87,1
147,2018,23,113,2
147,2018,23,115,6
147,2018,23,121,4
147,2018,25,-101,43
147,2018,25,-99,2
147,2018,25,-81,12
147,2018,25,51,1
147,2018,27,-109,5
147,2018,27,-99,26
147,2018,27,-97,8
147,2018,27,-83,8
147,2018,27,-81,15
147,2018,27,-15,4
147,2018,29,-111,1
147,2018,29,-103,3
147,2018,29,-101,1
147,2018,29,-99,26
147,2018,29,-97,14
147,2018,29,-95,39
147,2018,29,-93,7
147,2018,29,-91,1
147,2018,29,-83,37
147,2018,29,-81,54
147,2018,29,-15,1
147,2018,29,113,1
147,2018,31,-111,7
147,2018,31,-103,11
147,2018,31,-101,1
147,2018,31,-99,13
147,2018,31,-97,89
147,2018,31,-95,23
147,2018,31,-93,9
147,2018,31,-91,7
147,2018,31,-89,5
147,2018,31,-87,3
147,2018,31,-85,8
147,2018,31,-83,14
147,2018,31,-81,6
147,2018,33,-119,11
147,2018,33,-117,47
147,2018,33,-115,1
147,2018,33,-111,14
147,2018,33,-109,3
147,2018,33,-105,1
147,2018,33,-103,3
147,2018,33,-101,12
147,2018,33,-99,13
147,2018,33,-97,205
147,2018,33,-95,17
147,2018,33,-93,7
147,2018,33,-91,1
147,2018,33,-89,2
147,2018,33,-87,5
147,2018,33,-85,13
147,2018,33,-83,3
147,2018,33,-81,20
147,2018,33,35,1
147,2018,35,-121,8
147,2018,35,-119,69
147,2018,35,-117,13
147,2018,35,-115,5
147,2018,35,-111,1
147,2018,35,-107,15
147,2018,35,-101,1
147,2018,35,-97,5
147,2018,35,-95,22
147,2018,35,-93,38
147,2018,35,-91,1
147,2018,35,-89,1
147,2018,35,-87,15
147,2018,35,-85,16
147,2018,35,-83,19
147,2018,35,-81,23
147,2018,35,-79,30
147,2018,35,-77,8
147,2018,35,-75,6
147,2018,35,77,2
147,2018,35,129,2
147,2018,37,-123,138
147,2018,37,-121,124
147,2018,37,-119,5
147,2018,37,-115,2
147,2018,37,-113,3
147,2018,37,-109,1
147,2018,37,-107,1
147,2018,37,-105,1
147,2018,37,-103,1
147,2018,37,-99,5
147,2018,37,-97,2
147,2018,37,-95,11
147,2018,37,-93,6
147,2018,37,-91,2
147,2018,37,-89,1
147,2018,37,-87,9
147,2018,37,-85,8
147,2018,37,-83,7
147,2018,37,-81,10
147,2018,37,-79,7
147,2018,37,-77,6
147,2018,37,-75,2
147,2018,37,15,1
147,2018,37,127,2
147,2018,39,-123,74
147,2018,39,-121,53
147,2018,39,-119,3
147,2018,39,-117,1
147,2018,39,-115,2
147,2018,39,-111,1
147,2018,39,-107,1
147,2018,39,-105,19
147,2018,39,-103,1
147,2018,39,-97,2
147,2018,39,-95,6
147,2018,39,-93,29
147,2018,39,-91,11
147,2018,39,-89,6
147,2018,39,-87,9
147,2018,39,-85,28
147,2018,39,-83,22
147,2018,39,-81,2
147,2018,39,-79,13
147,2018,39,-77,69
147,2018,39,-75,16
147,2018,39,-9,1
147,2018,39,3,1
147,2018,39,13,1
147,2018,39,19,1
147,2018,39,25,1
147,2018,39,47,1
147,2018,41,-125,1
147,2018,41,-123,26
147,2018,41,-121,7
147,2018,41,-113,9
147,2018,41,-111,9
147,2018,41,-107,1
147,2018,41,-105,8
147,2018,41,-95,1
147,2018,41,-93,1
147,2018,41,-91,1
147,2018,41,-89,10
147,2018,41,-87,16
147,2018,41,-85,2
147,2018,41,-83,15
147,2018,41,-81,51
147,2018,41,-79,14
147,2018,41,-77,4
147,2018,41,-75,26
147,2018,41,-73,28
147,2018,41,-71,5
147,2018,41,-1,1
147,2018,41,3,2
147,2018,41,13,3
147,2018,41,15,2
147,2018,41,21,8
147,2018,43,-123,6
147,2018,43,-119,2
147,2018,43,-117,2
147,2018,43,-113,1
147,2018,43,-103,1
147,2018,43,-97,1
147,2018,43,-91,4
147,2018,43,-89,12
147,2018,43,-87,2
147,2018,43,-85,16
147,2018,43,-83,7
147,2018,43,-81,71
147,2018,43,-79,64
147,2018,43,-77,13
147,2018,43,-75,3
147,2018,43,-73,32
147,2018,43,-71,40
147,2018,43,-69,5
147,2018,43,-65,2
147,2018,43,-3,1
147,2018,43,1,2
147,2018,43,3,1
147,2018,43,11,2
147,2018,43,13,1
147,2018,43,19,1
147,2018,43,21,1
147,2018,43,27,1
147,2018,43,69,1
147,2018,45,-123,14
147,2018,45,-121,3
147,2018,45,-119,1
147,2018,45,-111,3
147,2018,45,-95,2
147,2018,45,-93,33
147,2018,45,-91,4
147,2018,45,-89,4
147,2018,45,-87,1
147,2018,45,-85,3
147,2018,45,-81,27
147,2018,45,-79,72
147,2018,45,-77,79
147,2018,45,-75,25
147,2018,45,-73,40
147,2018,45,-71,5
147,2018,45,-69,1
147,2018,45,-67,3
147,2018,45,-65,2
147,2018,45,-63,4
147,2018,45,-1,1
147,2018,45,1,1
147,2018,45,5,1
147,2018,45,7,1
147,2018,45,9,6
147,2018,45,11,4
147,2018,45,13,1
147,2018,45,19,1
147,2018,47,-123,20
147,2018,47,-121,8
147,2018,47,-117,7
147,2018,47,-115,2
147,2018,47,-113,4
147,2018,47,-111,1
147,2018,47,-103,1
147,2018,47,-99,1
147,2018,47,-97,2
147,2018,47,-95,2
147,2018,47,-93,1
147,2018,47,-91,3
147,2018,47,-87,1
147,2018,47,-85,4
147,2018,47,-81,1
147,2018,47,-79,3
147,2018,47,-75,1
147,2018,47,-71,1
147,2018,47,-67,2
147,2018,47,-65,4
147,2018,47,-63,2
147,2018,47,-61,1
147,2018,47,3,1
147,2018,47,7,2
147,2018,47,9,2
147,2018,47,11,3
147,2018,47,21,1
147,2018,47,31,1
147,2018,49,-125,2
147,2018,49,-123,12
147,2018,49,-121,6
147,2018,49,-119,4
147,2018,49,-117,22
147,2018,49,-115,4
147,2018,49,-113,3
147,2018,49,-109,2
147,2018,49,-97,5
147,2018,49,-95,1
147,2018,49,-89,4
147,2018,49,-85,4
147,2018,49,-3,1
147,2018,49,9,2
147,2018,49,17,3
147,2018,51,-125,1
147,2018,51,-121,2
147,2018,51,-119,1
147,2018,51,-115,1
147,2018,51,-93,1
147,2018,51,-91,1
147,2018,51,-3,2
147,2018,51,-1,9
147,2018,51,1,2
147,2018,51,5,1
147,2018,51,7,1
147,2018,53,-119,1
147,2018,53,-115,1
147,2018,53,-3,3
147,2018,53,-1,1
147,2018,53,5,1
147,2018,55,-3,1
147,2018,55,23,1
147,2018,57,11,2
147,2018,59,17,2
147,2018,61,-149,1
147,2018,61,23,1
147,2018,63,11,2
147,2018,65,-165,1
147,2018,65,-147,1
147,2018,69,19,1
154,2015,-35,19,1
154,2015,-33,-65,1
154,2015,-33,23,1
154,2015,-31,31,3
154,2015,15,-97,1
154,2015,17,-95,4
154,2015,19,-105,2
154,2015,19,-99,10
154,2015,19,-97,6
154,2015,19,-95,3
154,2015,19,-89,1
154,2015,21,-105,10
154,2015,21,-103,11
154,2015,21,-101,4
154,2015,21,-99,7
154,2015,23,-107,16
154,2015,23,-99,1
154,2015,25,-101,31
154,2015,25,-99,4
154,2015,25,-81,1
154,2015,27,-101,1
154,2015,27,-99,10
154,2015,29,-101,3
154,2015,29,-99,7
154,2015,29,-95,13
154,2015,29,-83,2
154,2015,29,-81,1
154,2015,31,-111,10
154,2015,31,-99,4
154,2015,31,-97,24
154,2015,31,-95,9
154,2015,31,-93,1
154,2015,31,-91,3
154,2015,31,-85,1
154,2015,33,-117,43
154,2015,33,-111,4
154,2015,33,-109,2
154,2015,33,-103,1
154,2015,33,-97,47
154,2015,33,-95,3
154,2015,33,-93,3
154,2015,33,-87,1
154,2015,33,-85,1
154,2015,33,-81,5
154,2015,35,-119,9
154,2015,35,-117,18
154,2015,35,-115,3
154,2015,35,-111,2
154,2015,35,-105,1
154,2015,35,-93,3
154,2015,35,-83,4
154,2015,35,-81,5
154,2015,35,-79,14
154,2015,35,25,1
154,2015,35,139,2
154,2015,37,-123,51
154,2015,37,-121,62
154,2015,37,-119,2
154,2015,37,-115,1
154,2015,37,-111,1
154,2015,37,-99,6
154,2015,37,-97,6
154,2015,37,-95,1
154,2015,37,-91,39
154,2015,37,-89,2
154,2015,37,-87,1
154,2015,37,-81,1
154,2015,37,-79,1
154,2015,37,-77,13
154,2015,37,127,2
154,2015,39,-123,14
154,2015,39,-121,16
154,2015,39,-117,9
154,2015,39,-105,5
154,2015,39,-97,7
154,2015,39,-95,8
154,2015,39,-89,1
154,2015,39,-87,1
154,2015,39,-85,8
154,2015,39,-79,15
154,2015,39,-77,27
154,2015,41,-123,1
154,2015,41,-107,2
154,2015,41,-93,1
154,2015,41,-89,4
154,2015,41,-87,12
154,2015,41,-83,3
154,2015,41,-81,15
154,2015,41,-79,3
154,2015,41,-77,6
154,2015,41,-75,7
154,2015,41,-73,7
154,2015,41,-71,1
154,2015,41,1,3
154,2015,41,3,2
154,2015,41,23,1
154,2015,41,45,1
154,2015,43,-111,2
154,2015,43,-103,1
154,2015,43,-89,1
154,2015,43,-87,1
154,2015,43,-85,3
154,2015,43,-83,6
154,2015,43,-81,15
154,2015,43,-79,12
154,2015,43,-75,4
154,2015,43,-73,37
154,2015,43,-71,13
154,2015,43,13,1
154,2015,45,-123,4
154,2015,45,-93,2
154,2015,45,-91,3
154,2015,45,-87,1
154,2015,45,-83,1
154,2015,45,-81,2
154,2015,45,-79,13
154,2015,45,-77,11
154,2015,45,-75,8
154,2015,45,-73,28
154,2015,45,-71,6
154,2015,45,-69,1
154,2015,45,5,2
154,2015,45,19,1
154,2015,47,-123,1
154,2015,47,-93,4
154,2015,47,-79,2
154,2015,47,-65,4
154,2015,47,-61,1
154,2015,47,15,1
154,2015,49,-123,2
154,2015,49,-121,2
154,2015,49,-93,4
154,2015,51,-125,1
154,2015,51,-93,1
154,2015,51,7,5
154,2015,51,13,2
154,2015,51,23,1
154,2015,53,-115,1
154,2015,53,23,1
154,2015,59,19,1
154,2015,61,-137,1
154,2015,65,-147,1
154,2016,-35,23,1
154,2016,-33,23,1
154,2016,-25,29,1
154,2016,3,115,1
154,2016,9,-79,1
154,2016,15,-97,5
154,2016,17,-97,4
154,2016,17,-93,4
154,2016,17,-67,1
154,2016,19,-105,3
154,2016,19,-101,2
154,2016,19,-99,13
154,2016,19,-97,13
154,2016,19,-95,4
154,2016,21,-105,5
154,2016,21,-103,4
154,2016,21,-101,2
154,2016,21,-99,14
154,2016,21,-97,2
154,2016,21,-87,11
154,2016,23,-107,37
154,2016,23,-101,6
154,2016,23,115,1
154,2016,25,-103,2
154,2016,25,-101,9
154,2016,25,-99,2
154,2016,25,-97,4
154,2016,25,-81,2
154,2016,27,-101,1
154,2016,27,-99,45
154,2016,27,-97,1
154,2016,27,-83,1
154,2016,27,-81,1
154,2016,29,-111,1
154,2016,29,-101,1
154,2016,29,-99,52
154,2016,29,-97,2
154,2016,29,-95,4
154,2016,29,-93,2
154,2016,29,-83,2
154,2016,29,-81,2
154,2016,31,-111,2
154,2016,31,-105,5
154,2016,31,-103,17
154,2016,31,-101,5
154,2016,31,-99,6
154,2016,31,-97,34
154,2016,31,-95,11
154,2016,31,-91,2
154,2016,31,-89,1
154,2016,31,-87,11
154,2016,31,-85,9
154,2016,31,79,1
154,2016,33,-119,4
154,2016,33,-117,50
154,2016,33,-111,3
154,2016,33,-103,2
154,2016,33,-101,2
154,2016,33,-99,3
154,2016,33,-97,85
154,2016,33,-95,5
154,2016,33,-89,2
154,2016,33,-87,1
154,2016,33,-83,1
154,2016,33,-81,13
154,2016,33,-79,1
154,2016,33,35,1
154,2016,35,-119,38
154,2016,35,-117,18
154,2016,35,-111,4
154,2016,35,-107,1
154,2016,35,-105,2
154,2016,35,-99,4
154,2016,35,-97,9
154,2016,35,-95,1
154,2016,35,-93,2
154,2016,35,-89,1
154,2016,35,-87,13
154,2016,35,-85,2
154,2016,35,-83,7
154,2016,35,-81,17
154,2016,35,-79,16
154,2016,35,-77,5
154,2016,35,1,1
154,2016,35,73,1
154,2016,35,129,1
154,2016,37,-123,110
154,2016,37,-121,48
154,2016,37,-119,2
154,2016,37,-109,14
154,2016,37,-97,6
154,2016,37,-95,2
154,2016,37,-87,1
154,2016,37,-85,1
154,2016,37,-83,6
154,2016,37,-79,8
154,2016,37,-77,9
154,2016,37,-75,1
154,2016,37,-5,1
154,2016,37,15,1
154,2016,37,127,1
154,2016,39,-123,46
154,2016,39,-121,27
154,2016,39,-119,6
154,2016,39,-109,23
154,2016,39,-107,14
154,2016,39,-97,1
154,2016,39,-93,3
154,2016,39,-89,1
154,2016,39,-85,6
154,2016,39,-79,4
154,2016,39,-77,34
154,2016,39,-75,4
154,2016,41,-123,2
154,2016,41,-121,2
154,2016,41,-111,2
154,2016,41,-109,1
154,2016,41,-107,1
154,2016,41,-105,3
154,2016,41,-97,3
154,2016,41,-95,4
154,2016,41,-91,1
154,2016,41,-89,10
154,2016,41,-87,11
154,2016,41,-83,9
154,2016,41,-81,16
154,2016,41,-79,2
154,2016,41,-77,6
154,2016,41,-75,5
154,2016,41,-73,28
154,2016,41,-71,1
154,2016,41,3,1
154,2016,41,15,1
154,2016,41,23,2
154,2016,43,-123,2
154,2016,43,-121,2
154,2016,43,-115,1
154,2016,43,-113,6
154,2016,43,-103,6
154,2016,43,-93,1
154,2016,43,-89,8
154,2016,43,-87,5
154,2016,43,-85,1
154,2016,43,-83,3
154,2016,43,-81,8
154,2016,43,-79,24
154,2016,43,-77,2
154,2016,43,-75,1
154,2016,43,-73,45
154,2016,43,-71,1
154,2016,43,-5,1
154,2016,45,-123,4
154,2016,45,-111,1
154,2016,45,-97,2
154,2016,45,-95,1
154,2016,45,-93,7
154,2016,45,-81,1
154,2016,45,-79,7
154,2016,45,-77,9
154,2016,45,-75,24
154,2016,45,-73,33
154,2016,45,-71,2
154,2016,45,-65,2
154,2016,45,7,1
154,2016,45,9,2
154,2016,45,11,4
154,2016,45,13,1
154,2016,47,-123,22
154,2016,47,-121,6
154,2016,47,-113,3
154,2016,47,-93,2
154,2016,47,-91,3
154,2016,47,-81,1
154,2016,47,-71,1
154,2016,47,-65,6
154,2016,47,15,1
154,2016,49,-125,1
154,2016,49,-123,7
154,2016,49,-117,2
154,2016,49,-101,1
154,2016,51,-115,1
154,2016,51,-105,3
154,2016,51,-99,1
154,2016,51,5,1
154,2016,51,7,2
154,2016,53,-111,1
154,2016,55,13,1
154,2016,59,19,1
154,2016,65,-165,1
154,2017,-43,173,1
154,2017,-31,31,4
154,2017,-31,153,1
154,2017,-29,33,1
154,2017,-25,29,2
154,2017,-19,33,2
154,2017,-17,177,1
154,2017,1,103,10
154,2017,3,31,1
154,2017,7,-75,1
154,2017,9,-85,2
154,2017,9,-79,3
154,2017,9,-77,3
154,2017,11,-85,11
154,2017,13,-87,1
154,2017,13,-85,7
154,2017,13,101,1
154,2017,15,-97,12
154,2017,15,-93,1
154,2017,17,-99,1
154,2017,17,-93,1
154,2017,17,-91,6
154,2017,19,-101,4
154,2017,19,-99,36
154,2017,19,-97,13
154,2017,19,-95,12
154,2017,19,-93,2
154,2017,19,-69,2
154,2017,19,-67,4
154,2017,19,109,3
154,2017,21,-105,5
154,2017,21,-103,8
154,2017,21,-101,3
154,2017,21,-99,7
154,2017,21,-89,3
154,2017,21,-87,2
154,2017,23,-107,36
154,2017,23,115,1
154,2017,25,-111,1
154,2017,25,-101,19
154,2017,25,-97,5
154,2017,25,-81,4
154,2017,25,121,1
154,2017,27,-99,8
154,2017,27,-97,11
154,2017,27,-83,2
154,2017,27,-81,5
154,2017,29,-109,1
154,2017,29,-105,1
154,2017,29,-101,1
154,2017,29,-99,4
154,2017,29,-97,3
154,2017,29,-95,23
154,2017,29,-91,2
154,2017,29,-85,1
154,2017,29,-83,7
154,2017,29,-81,4
154,2017,31,-115,15
154,2017,31,-103,2
154,2017,31,-99,1
154,2017,31,-97,34
154,2017,31,-95,6
154,2017,31,-93,2
154,2017,31,-91,1
154,2017,31,-89,5
154,2017,31,-85,1
154,2017,31,-83,6
154,2017,31,-81,4
154,2017,31,79,1
154,2017,33,-119,9
154,2017,33,-117,35
154,2017,33,-111,8
154,2017,33,-107,3
154,2017,33,-103,1
154,2017,33,-101,5
154,2017,33,-99,3
154,2017,33,-97,86
154,2017,33,-95,23
154,2017,33,-93,4
154,2017,33,-91,1
154,2017,33,-87,14
154,2017,33,-85,9
154,2017,33,-83,1
154,2017,33,-81,1
154,2017,33,-77,1
154,2017,33,35,1
154,2017,35,-121,2
154,2017,35,-119,46
154,2017,35,-117,56
154,2017,35,-113,8
154,2017,35,-111,8
154,2017,35,-107,5
154,2017,35,-105,2
154,2017,35,-103,1
154,2017,35,-101,8
154,2017,35,-97,3
154,2017,35,-95,23
154,2017,35,-93,6
154,2017,35,-91,2
154,2017,35,-89,1
154,2017,35,-87,13
154,2017,35,-85,8
154,2017,35,-83,17
154,2017,35,-81,22
154,2017,35,-79,23
154,2017,35,-77,3
154,2017,35,-75,10
154,2017,35,127,1
154,2017,37,-123,77
154,2017,37,-121,38
154,2017,37,-119,8
154,2017,37,-117,1
154,2017,37,-113,1
154,2017,37,-109,1
154,2017,37,-105,3
154,2017,37,-97,4
154,2017,37,-95,1
154,2017,37,-93,4
154,2017,37,-91,1
154,2017,37,-89,3
154,2017,37,-87,8
154,2017,37,-85,8
154,2017,37,-83,4
154,2017,37,-79,13
154,2017,37,-77,27
154,2017,37,-7,2
154,2017,37,-5,1
154,2017,37,29,1
154,2017,37,127,1
154,2017,39,-123,36
154,2017,39,-121,34
154,2017,39,-119,15
154,2017,39,-117,1
154,2017,39,-111,5
154,2017,39,-107,1
154,2017,39,-105,14
154,2017,39,-103,1
154,2017,39,-97,3
154,2017,39,-95,1
154,2017,39,-93,12
154,2017,39,-91,7
154,2017,39,-89,4
154,2017,39,-87,8
154,2017,39,-85,14
154,2017,39,-83,1
154,2017,39,-81,4
154,2017,39,-79,50
154,2017,39,-77,112
154,2017,39,-75,21
154,2017,41,-125,1
154,2017,41,-123,1
154,2017,41,-121,20
154,2017,41,-111,8
154,2017,41,-109,1
154,2017,41,-107,1
154,2017,41,-105,16
154,2017,41,-103,1
154,2017,41,-97,2
154,2017,41,-95,1
154,2017,41,-93,6
154,2017,41,-91,2
154,2017,41,-89,10
154,2017,41,-87,43
154,2017,41,-83,7
154,2017,41,-81,19
154,2017,41,-79,7
154,2017,41,-77,7
154,2017,41,-75,22
154,2017,41,-73,12
154,2017,41,-71,9
154,2017,41,-7,1
154,2017,41,-3,1
154,2017,41,9,1
154,2017,41,19,3
154,2017,41,23,2
154,2017,43,-123,2
154,2017,43,-113,3
154,2017,43,-111,4
154,2017,43,-103,2
154,2017,43,-93,2
154,2017,43,-89,28
154,2017,43,-87,3
154,2017,43,-85,3
154,2017,43,-83,12
154,2017,43,-81,62
154,2017,43,-79,36
154,2017,43,-77,4
154,2017,43,-75,2
154,2017,43,-73,45
154,2017,43,-71,7
154,2017,43,-65,2
154,2017,43,-5,1
154,2017,43,1,2
154,2017,43,3,6
154,2017,43,11,2
154,2017,43,13,3
154,2017,45,-125,1
154,2017,45,-123,10
154,2017,45,-121,4
154,2017,45,-111,1
154,2017,45,-109,2
154,2017,45,-95,3
154,2017,45,-93,28
154,2017,45,-89,4
154,2017,45,-87,1
154,2017,45,-85,1
154,2017,45,-81,3
154,2017,45,-79,24
154,2017,45,-77,23
154,2017,45,-75,16
154,2017,45,-73,27
154,2017,45,-69,5
154,2017,45,-67,1
154,2017,45,-65,3
154,2017,45,1,2
154,2017,45,7,8
154,2017,45,11,8
154,2017,45,13,2
154,2017,47,-123,15
154,2017,47,-121,3
154,2017,47,-119,1
154,2017,47,-117,9
154,2017,47,-109,1
154,2017,47,-101,1
154,2017,47,-95,1
154,2017,47,-93,1
154,2017,47,-91,2
154,2017,47,-89,1
154,2017,47,-87,1
154,2017,47,-85,1
154,2017,47,-81,3
154,2017,47,-79,1
154,2017,47,-71,1
154,2017,47,-65,4
154,2017,47,-63,1
154,2017,47,-61,1
154,2017,47,5,1
154,2017,47,7,1
154,2017,49,-123,10
154,2017,49,-121,1
154,2017,49,-119,1
154,2017,49,-117,4
154,2017,49,-115,1
154,2017,49,-113,1
154,2017,49,-107,2
154,2017,49,-105,2
154,2017,49,-103,1
154,2017,49,-97,6
154,2017,49,-95,2
154,2017,49,-93,2
154,2017,49,-91,2
154,2017,49,-89,2
154,2017,49,-81,1
154,2017,49,3,3
154,2017,49,9,3
154,2017,51,-123,2
154,2017,51,-119,1
154,2017,51,-115,1
154,2017,51,-3,2
154,2017,51,7,1
154,2017,53,-119,1
154,2017,57,-135,2
154,2017,61,-151,2
154,2017,61,-135,1
154,2017,61,25,1
154,2017,63,-151,1
154,2017,63,-149,2
154,2017,65,-167,1
154,2017,65,-165,5
154,2017,65,-163,1
154,2018,-33,23,3
154,2018,-31,31,3
154,2018,-29,31,1
154,2018,-29,33,9
154,2018,-27,153,1
154,2018,-23,-47,1
154,2018,-23,17,3
154,2018,-15,-47,1
154,2018,-9,13,1
154,2018,-3,37,1
154,2018,1,103,9
154,2018,5,-75,3
154,2018,9,-83,1
154,2018,13,77,9
154,2018,15,-97,26
154,2018,15,-91,4
154,2018,15,-89,2
154,2018,15,-87,2
154,2018,15,101,2
154,2018,17,-97,3
154,2018,17,-89,6
154,2018,19,-155,1
154,2018,19,-103,2
154,2018,19,-101,2
154,2018,19,-99,29
154,2018,19,-97,15
154,2018,19,-95,1
154,2018,19,-75,10
154,2018,19,-65,10
154,2018,19,73,1
154,2018,21,-105,4
154,2018,21,-103,14
154,2018,21,-101,15
154,2018,21,-99,6
154,2018,21,-97,1
154,2018,21,-89,1
154,2018,21,-87,1
154,2018,23,-109,2
154,2018,23,-107,16
154,2018,23,-101,1
154,2018,23,-99,21
154,2018,23,-79,1
154,2018,23,87,1
154,2018,23,113,1
154,2018,23,115,16
154,2018,23,121,1
154,2018,25,-105,1
154,2018,25,-101,56
154,2018,25,-97,1
154,2018,25,-81,9
154,2018,25,121,1
154,2018,27,-99,5
154,2018,27,-97,15
154,2018,27,-83,13
154,2018,27,-81,23
154,2018,27,-15,1
154,2018,29,-99,45
154,2018,29,-97,7
154,2018,29,-95,20
154,2018,29,-93,1
154,2018,29,-91,1
154,2018,29,-83,52
154,2018,29,-81,53
154,2018,29,-15,1
154,2018,31,-115,8
154,2018,31,-111,6
154,2018,31,-109,2
154,2018,31,-105,1
154,2018,31,-103,15
154,2018,31,-101,1
154,2018,31,-99,14
154,2018,31,-97,72
154,2018,31,-95,27
154,2018,31,-93,6
154,2018,31,-91,14
154,2018,31,-87,4
154,2018,31,-85,21
154,2018,31,-83,14
154,2018,31,-81,8
154,2018,33,-119,11
154,2018,33,-117,55
154,2018,33,-111,10
154,2018,33,-107,6
154,2018,33,-105,2
154,2018,33,-103,6
154,2018,33,-101,18
154,2018,33,-99,10
154,2018,33,-97,169
154,2018,33,-95,11
154,2018,33,-93,3
154,2018,33,-91,10
154,2018,33,-89,1
154,2018,33,-87,11
154,2018,33,-85,8
154,2018,33,-83,5
154,2018,33,-81,13
154,2018,33,-79,3
154,2018,33,-7,1
154,2018,35,-121,8
154,2018,35,-119,45
154,2018,35,-117,17
154,2018,35,-111,1
154,2018,35,-107,3
154,2018,35,-101,11
154,2018,35,-99,3
154,2018,35,-97,14
154,2018,35,-95,15
154,2018,35,-93,2
154,2018,35,-91,1
154,2018,35,-89,5
154,2018,35,-87,20
154,2018,35,-85,16
154,2018,35,-83,49
154,2018,35,-81,17
154,2018,35,-79,26
154,2018,35,-77,12
154,2018,35,-75,2
154,2018,35,129,1
154,2018,35,135,1
154,2018,37,-123,128
154,2018,37,-121,182
154,2018,37,-119,15
154,2018,37,-117,1
154,2018,37,-115,4
154,2018,37,-109,2
154,2018,37,-107,1
154,2018,37,-103,4
154,2018,37,-99,1
154,2018,37,-97,2
154,2018,37,-95,18
154,2018,37,-93,8
154,2018,37,-91,2
154,2018,37,-89,1
154,2018,37,-87,9
154,2018,37,-85,4
154,2018,37,-83,11
154,2018,37,-81,15
154,2018,37,-79,13
154,2018,37,-77,12
154,2018,37,-75,5
154,2018,37,-7,1
154,2018,37,35,2
154,2018,37,127,1
154,2018,39,-123,54
154,2018,39,-121,44
154,2018,39,-119,5
154,2018,39,-115,1
154,2018,39,-109,1
154,2018,39,-107,2
154,2018,39,-105,20
154,2018,39,-97,12
154,2018,39,-95,10
154,2018,39,-93,22
154,2018,39,-91,14
154,2018,39,-89,4
154,2018,39,-87,15
154,2018,39,-85,25
154,2018,39,-83,13
154,2018,39,-81,5
154,2018,39,-79,12
154,2018,39,-77,63
154,2018,39,-75,29
154,2018,39,-9,1
154,2018,41,-125,3
154,2018,41,-123,2
154,2018,41,-121,9
154,2018,41,-115,1
154,2018,41,-113,6
154,2018,41,-111,39
154,2018,41,-107,2
154,2018,41,-105,27
154,2018,41,-97,9
154,2018,41,-95,7
154,2018,41,-93,4
154,2018,41,-91,5
154,2018,41,-89,15
154,2018,41,-87,44
154,2018,41,-85,6
154,2018,41,-83,26
154,2018,41,-81,46
154,2018,41,-79,19
154,2018,41,-77,11
154,2018,41,-75,25
154,2018,41,-73,41
154,2018,41,-71,9
154,2018,41,-3,1
154,2018,41,13,3
154,2018,41,19,2
154,2018,41,23,4
154,2018,43,-123,9
154,2018,43,-121,6
154,2018,43,-119,2
154,2018,43,-117,1
154,2018,43,-115,1
154,2018,43,-113,5
154,2018,43,-111,11
154,2018,43,-107,4
154,2018,43,-97,4
154,2018,43,-93,2
154,2018,43,-91,5
154,2018,43,-89,60
154,2018,43,-87,11
154,2018,43,-85,10
154,2018,43,-83,11
154,2018,43,-81,135
154,2018,43,-79,89
154,2018,43,-77,23
154,2018,43,-75,4
154,2018,43,-73,53
154,2018,43,-71,16
154,2018,43,1,3
154,2018,43,5,1
154,2018,43,7,1
154,2018,43,11,1
154,2018,43,13,2
154,2018,43,17,2
154,2018,43,21,4
154,2018,45,-123,14
154,2018,45,-121,3
154,2018,45,-117,16
154,2018,45,-115,3
154,2018,45,-111,19
154,2018,45,-97,1
154,2018,45,-95,1
154,2018,45,-93,63
154,2018,45,-91,1
154,2018,45,-89,1
154,2018,45,-87,1
154,2018,45,-85,1
154,2018,45,-81,44
154,2018,45,-79,98
154,2018,45,-77,58
154,2018,45,-75,53
154,2018,45,-73,36
154,2018,45,-71,5
154,2018,45,-69,3
154,2018,45,-67,6
154,2018,45,-65,3
154,2018,45,-63,2
154,2018,45,3,1
154,2018,45,7,2
154,2018,45,9,6
154,2018,45,11,8
154,2018,45,15,1
154,2018,47,-123,16
154,2018,47,-121,4
154,2018,47,-117,4
154,2018,47,-101,1
154,2018,47,-97,1
154,2018,47,-95,2
154,2018,47,-93,3
154,2018,47,-91,9
154,2018,47,-89,2
154,2018,47,-87,2
154,2018,47,-85,3
154,2018,47,-83,1
154,2018,47,-81,1
154,2018,47,-79,7
154,2018,47,-67,3
154,2018,47,-65,3
154,2018,47,-63,1
154,2018,47,-61,1
154,2018,47,7,1
154,2018,47,11,2
154,2018,47,13,2
154,2018,47,17,9
154,2018,49,-123,9
154,2018,49,-119,4
154,2018,49,-117,8
154,2018,49,-115,1
154,2018,49,-113,2
154,2018,49,-97,6
154,2018,49,-95,3
154,2018,49,-93,3
154,2018,49,-91,8
154,2018,49,-89,1
154,2018,49,-83,1
154,2018,49,-81,2
154,2018,49,7,2
154,2018,49,9,2
154,2018,49,17,3
154,2018,51,-123,1
154,2018,51,-115,3
154,2018,51,-113,1
154,2018,51,-105,1
154,2018,51,-101,1
154,2018,51,-97,1
154,2018,51,-3,1
154,2018,51,-1,1
154,2018,51,1,1
154,2018,51,3,2
154,2018,51,5,9
154,2018,51,9,3
154,2018,51,15,1
154,2018,53,-115,1
154,2018,53,-113,1
154,2018,53,-109,1
154,2018,53,-107,1
154,2018,53,-3,1
154,2018,53,-1,1
154,2018,53,5,2
154,2018,53,7,1
154,2018,55,-123,1
154,2018,55,-7,1
154,2018,57,9,1
154,2018,57,11,1
154,2018,57,37,1
154,2018,59,-3,1
154,2018,61,-149,1
154,2018,61,-137,1
154,2018,61,-129,1
154,2018,63,-113,1
154,2018,65,-165,1
154,2018,65,-147,1
154,2018,65,-141,1
154,2018,65,-127,1
161,2015,-23,27,13
161,2015,15,-97,3
161,2015,17,-97,1
161,2015,17,-95,8
161,2015,17,-93,4
161,2015,19,-103,2
161,2015,19,-101,1
161,2015,19,-99,14
161,2015,19,-97,12
161,2015,19,-95,2
161,2015,19,-89,2
161,2015,21,-105,3
161,2015,21,-103,6
161,2015,21,-101,1
161,2015,21,-99,5
161,2015,21,-97,3
161,2015,21,-87,1
161,2015,23,-107,11
161,2015,23,-101,4
161,2015,23,-99,2
161,2015,25,-101,3
161,2015,25,-99,6
161,2015,27,-99,23
161,2015,27,-97,1
161,2015,27,-83,1
161,2015,29,-101,26
161,2015,29,-99,2
161,2015,29,-95,19
161,2015,29,-81,3
161,2015,31,-111,12
161,2015,31,-105,4
161,2015,31,-103,2
161,2015,31,-99,7
161,2015,31,-97,13
161,2015,31,-95,3
161,2015,31,-87,2
161,2015,31,-81,1
161,2015,33,-119,2
161,2015,33,-117,40
161,2015,33,-113,1
161,2015,33,-111,1
161,2015,33,-103,2
161,2015,33,-99,8
161,2015,33,-97,37
161,2015,33,-95,4
161,2015,33,-93,6
161,2015,33,-83,19
161,2015,33,-81,1
161,2015,35,-119,18
161,2015,35,-117,21
161,2015,35,-113,3
161,2015,35,-107,1
161,2015,35,-97,1
161,2015,35,-93,2
161,2015,35,-89,2
161,2015,35,-87,14
161,2015,35,-83,13
161,2015,35,-81,2
161,2015,35,-79,4
161,2015,37,-123,88
161,2015,37,-121,12
161,2015,37,-115,15
161,2015,37,-113,13
161,2015,37,-109,2
161,2015,37,-97,4
161,2015,37,-87,1
161,2015,37,-85,2
161,2015,37,-83,1
161,2015,37,-81,3
161,2015,37,-77,2
161,2015,39,-123,20
161,2015,39,-121,28
161,2015,39,-105,2
161,2015,39,-93,3
161,2015,39,-89,4
161,2015,39,-85,7
161,2015,39,-83,13
161,2015,39,-79,1
161,2015,39,-77,7
161,2015,39,-75,2
161,2015,41,-123,1
161,2015,41,-121,3
161,2015,41,-111,4
161,2015,41,-105,5
161,2015,41,-97,1
161,2015,41,-95,1
161,2015,41,-93,1
161,2015,41,-89,3
161,2015,41,-87,20
161,2015,41,-83,4
161,2015,41,-81,23
161,2015,41,-79,2
161,2015,41,-77,7
161,2015,41,-75,19
161,2015,41,-73,10
161,2015,41,-71,2
161,2015,41,21,1
161,2015,43,-123,2
161,2015,43,-93,1
161,2015,43,-85,1
161,2015,43,-83,3
161,2015,43,-81,2
161,2015,43,-79,17
161,2015,43,-77,5
161,2015,43,-73,51
161,2015,43,-71,15
161,2015,43,-65,1
161,2015,43,-1,5
161,2015,43,21,1
161,2015,43,25,2
161,2015,45,-123,5
161,2015,45,-121,2
161,2015,45,-117,2
161,2015,45,-113,1
161,2015,45,-109,5
161,2015,45,-95,1
161,2015,45,-93,8
161,2015,45,-91,3
161,2015,45,-89,1
161,2015,45,-83,4
161,2015,45,-81,3
161,2015,45,-79,9
161,2015,45,-77,25
161,2015,45,-75,4
161,2015,45,-73,46
161,2015,45,-71,1
161,2015,45,-67,1
161,2015,45,5,2
161,2015,45,9,1
161,2015,45,11,1
161,2015,47,-121,3
161,2015,47,-117,2
161,2015,47,-91,2
161,2015,47,-81,1
161,2015,47,-65,6
161,2015,47,-61,1
161,2015,49,-123,6
161,2015,49,-115,1
161,2015,49,-113,1
161,2015,49,-93,1
161,2015,49,-55,1
161,2015,51,-115,2
161,2015,51,-93,1
161,2015,51,13,1
161,2015,53,23,1
161,2015,55,37,1
161,2015,59,19,1
161,2015,61,-151,1
161,2015,61,-149,1
161,2015,63,-145,1
161,2015,69,-147,3
161,2016,-39,175,1
161,2016,-23,-43,1
161,2016,1,103,1
161,2016,3,115,2
161,2016,7,3,1
161,2016,11,-85,2
161,2016,11,-75,1
161,2016,15,-97,26
161,2016,17,-99,2
161,2016,17,-97,6
161,2016,17,-95,8
161,2016,17,-93,12
161,2016,17,-71,1
161,2016,19,-99,13
161,2016,19,-97,8
161,2016,19,-95,2
161,2016,19,-93,1
161,2016,19,-89,1
161,2016,19,-71,1
161,2016,21,-103,3
161,2016,21,-101,17
161,2016,21,-99,23
161,2016,21,-97,3
161,2016,21,-87,7
161,2016,23,-107,31
161,2016,23,-101,2
161,2016,23,-99,3
161,2016,23,115,6
161,2016,25,-101,9
161,2016,25,-99,3
161,2016,25,-81,3
161,2016,27,-111,1
161,2016,27,-101,1
161,2016,27,-99,39
161,2016,27,-97,3
161,2016,27,-83,1
161,2016,27,-81,2
161,2016,27,83,1
161,2016,29,-103,1
161,2016,29,-101,2
161,2016,29,-99,24
161,2016,29,-97,1
161,2016,29,-95,17
161,2016,29,-91,3
161,2016,29,-83,2
161,2016,31,-111,2
161,2016,31,-105,3
161,2016,31,-99,4
161,2016,31,-97,8
161,2016,31,-95,4
161,2016,31,-91,2
161,2016,31,-89,1
161,2016,31,-87,2
161,2016,31,-85,13
161,2016,31,-83,1
161,2016,31,-81,2
161,2016,33,-119,1
161,2016,33,-117,41
161,2016,33,-111,6
161,2016,33,-99,2
161,2016,33,-97,67
161,2016,33,-95,2
161,2016,33,-93,2
161,2016,33,-87,2
161,2016,33,-85,3
161,2016,33,-81,3
161,2016,33,-79,1
161,2016,35,-121,1
161,2016,35,-119,43
161,2016,35,-117,12
161,2016,35,-115,2
161,2016,35,-111,2
161,2016,35,-107,1
161,2016,35,-101,11
161,2016,35,-97,14
161,2016,35,-93,1
161,2016,35,-89,2
161,2016,35,-87,1
161,2016,35,-85,1
161,2016,35,-83,6
161,2016,35,-81,9
161,2016,35,-79,10
161,2016,35,-77,11
161,2016,35,-75,1
161,2016,37,-123,48
161,2016,37,-121,89
161,2016,37,-119,3
161,2016,37,-115,3
161,2016,37,-103,1
161,2016,37,-101,14
161,2016,37,-97,5
161,2016,37,-89,1
161,2016,37,-85,1
161,2016,37,-79,1
161,2016,37,-77,8
161,2016,37,-75,2
161,2016,37,-9,1
161,2016,37,-5,2
161,2016,39,-123,27
161,2016,39,-121,18
161,2016,39,-119,3
161,2016,39,-107,11
161,2016,39,-105,8
161,2016,39,-97,1
161,2016,39,-95,1
161,2016,39,-93,1
161,2016,39,-91,1
161,2016,39,-89,1
161,2016,39,-87,1
161,2016,39,-85,9
161,2016,39,-83,7
161,2016,39,-81,2
161,2016,39,-79,6
161,2016,39,-77,27
161,2016,39,-75,4
161,2016,39,45,2
161,2016,41,-125,3
161,2016,41,-123,1
161,2016,41,-121,4
161,2016,41,-111,3
161,2016,41,-109,1
161,2016,41,-107,3
161,2016,41,-105,3
161,2016,41,-97,1
161,2016,41,-95,5
161,2016,41,-93,1
161,2016,41,-91,1
161,2016,41,-89,7
161,2016,41,-87,11
161,2016,41,-83,4
161,2016,41,-81,15
161,2016,41,-79,1
161,2016,41,-77,2
161,2016,41,-75,20
161,2016,41,-73,5
161,2016,41,-71,2
161,2016,41,-7,1
161,2016,41,-5,1
161,2016,41,3,1
161,2016,41,13,1
161,2016,41,21,1
161,2016,41,23,3
161,2016,43,-123,1
161,2016,43,-117,1
161,2016,43,-113,1
161,2016,43,-91,1
161,2016,43,-89,38
161,2016,43,-87,4
161,2016,43,-85,5
161,2016,43,-83,17
161,2016,43,-81,4
161,2016,43,-79,26
161,2016,43,-77,4
161,2016,43,-75,1
161,2016,43,-73,44
161,2016,43,-71,7
161,2016,43,-65,2
161,2016,43,13,2
161,2016,43,27,2
161,2016,45,-123,1
161,2016,45,-103,15
161,2016,45,-97,1
161,2016,45,-93,4
161,2016,45,-91,10
161,2016,45,-89,3
161,2016,45,-87,1
161,2016,45,-85,10
161,2016,45,-81,1
161,2016,45,-79,12
161,2016,45,-77,13
161,2016,45,-75,26
161,2016,45,-73,33
161,2016,45,-71,1
161,2016,45,-65,5
161,2016,45,7,2
161,2016,45,9,2
161,2016,45,21,3
161,2016,47,-123,2
161,2016,47,-93,1
161,2016,47,-91,3
161,2016,47,-85,3
161,2016,47,-81,1
161,2016,47,-79,1
161,2016,47,-65,1
161,2016,47,9,1
161,2016,49,-123,6
161,2016,49,-101,9
161,2016,49,-99,1
161,2016,49,-97,4
161,2016,49,-93,1
161,2016,49,-83,4
161,2016,51,-119,2
161,2016,51,-105,2
161,2016,51,-99,1
161,2016,51,-89,1
161,2016,51,7,7
161,2016,53,-119,1
161,2016,55,9,2
161,2016,65,-147,1
161,2017,-31,31,2
161,2017,-29,31,1
161,2017,-25,29,1
161,2017,-17,31,1
161,2017,-9,115,1
161,2017,-7,107,3
161,2017,1,103,4
161,2017,1,111,1
161,2017,5,-75,2
161,2017,7,-79,1
161,2017,7,7,1
161,2017,9,-83,2
161,2017,9,-79,1
161,2017,11,-85,9
161,2017,13,-87,1
161,2017,13,-85,12
161,2017,13,77,4
161,2017,15,-97,6
161,2017,15,-93,1
161,2017,17,-97,3
161,2017,17,-93,17
161,2017,17,-91,2
161,2017,17,-67,1
161,2017,19,-105,2
161,2017,19,-103,1
161,2017,19,-101,3
161,2017,19,-99,40
161,2017,19,-97,4
161,2017,19,-95,3
161,2017,19,-71,1
161,2017,19,-69,1
161,2017,19,-67,4
161,2017,19,73,1
161,2017,19,109,4
161,2017,21,-105,13
161,2017,21,-103,3
161,2017,21,-101,7
161,2017,21,-99,10
161,2017,21,-97,1
161,2017,21,-89,4
161,2017,21,-87,2
161,2017,23,-107,44
161,2017,23,-101,1
161,2017,23,-99,2
161,2017,23,-97,2
161,2017,23,115,2
161,2017,23,121,1
161,2017,25,-109,1
161,2017,25,-107,4
161,2017,25,-101,7
161,2017,25,-81,15
161,2017,27,-113,1
161,2017,27,-99,13
161,2017,27,-97,8
161,2017,27,-83,1
161,2017,27,-81,4
161,2017,29,-107,1
161,2017,29,-105,1
161,2017,29,-99,6
161,2017,29,-97,4
161,2017,29,-95,12
161,2017,29,-83,9
161,2017,29,-81,12
161,2017,31,-117,9
161,2017,31,-115,18
161,2017,31,-113,1
161,2017,31,-111,5
161,2017,31,-109,5
161,2017,31,-103,6
161,2017,31,-99,1
161,2017,31,-97,27
161,2017,31,-95,13
161,2017,31,-93,2
161,2017,31,-91,9
161,2017,31,-87,1
161,2017,31,-85,4
161,2017,31,-83,2
161,2017,31,-81,1
161,2017,31,121,1
161,2017,33,-119,18
161,2017,33,-117,70
161,2017,33,-115,1
161,2017,33,-111,13
161,2017,33,-109,2
161,2017,33,-107,2
161,2017,33,-99,2
161,2017,33,-97,78
161,2017,33,-95,16
161,2017,33,-93,7
161,2017,33,-87,15
161,2017,33,-85,22
161,2017,33,-81,6
161,2017,33,-79,1
161,2017,33,35,2
161,2017,35,-121,1
161,2017,35,-119,35
161,2017,35,-117,25
161,2017,35,-113,2
161,2017,35,-111,10
161,2017,35,-109,1
161,2017,35,-107,1
161,2017,35,-97,1
161,2017,35,-95,14
161,2017,35,-93,3
161,2017,35,-87,20
161,2017,35,-85,8
161,2017,35,-83,19
161,2017,35,-81,10
161,2017,35,-79,9
161,2017,35,-77,2
161,2017,35,-75,7
161,2017,35,25,1
161,2017,37,-123,89
161,2017,37,-121,77
161,2017,37,-119,11
161,2017,37,-113,1
161,2017,37,-111,1
161,2017,37,-105,1
161,2017,37,-97,6
161,2017,37,-95,2
161,2017,37,-93,9
161,2017,37,-91,1
161,2017,37,-89,3
161,2017,37,-87,2
161,2017,37,-83,8
161,2017,37,-81,4
161,2017,37,-79,14
161,2017,37,-77,8
161,2017,37,-5,4
161,2017,37,127,1
161,2017,39,-123,72
161,2017,39,-121,30
161,2017,39,-119,6
161,2017,39,-107,1
161,2017,39,-105,18
161,2017,39,-97,1
161,2017,39,-93,4
161,2017,39,-91,5
161,2017,39,-89,1
161,2017,39,-87,3
161,2017,39,-85,11
161,2017,39,-83,16
161,2017,39,-81,2
161,2017,39,-79,37
161,2017,39,-77,148
161,2017,39,-75,18
161,2017,39,-9,1
161,2017,41,-125,1
161,2017,41,-123,1
161,2017,41,-121,1
161,2017,41,-119,1
161,2017,41,-115,1
161,2017,41,-113,1
161,2017,41,-111,16
161,2017,41,-107,2
161,2017,41,-105,40
161,2017,41,-95,3
161,2017,41,-91,1
161,2017,41,-89,12
161,2017,41,-87,31
161,2017,41,-85,1
161,2017,41,-83,8
161,2017,41,-81,40
161,2017,41,-79,2
161,2017,41,-77,7
161,2017,41,-75,16
161,2017,41,-73,25
161,2017,41,-71,7
161,2017,41,-69,1
161,2017,41,-7,2
161,2017,41,3,1
161,2017,41,19,2
161,2017,43,-125,1
161,2017,43,-123,1
161,2017,43,-113,2
161,2017,43,-111,6
161,2017,43,-103,2
161,2017,43,-99,1
161,2017,43,-97,2
161,2017,43,-93,2
161,2017,43,-91,2
161,2017,43,-89,41
161,2017,43,-87,4
161,2017,43,-85,13
161,2017,43,-83,12
161,2017,43,-81,67
161,2017,43,-79,40
161,2017,43,-77,20
161,2017,43,-75,2
161,2017,43,-73,58
161,2017,43,-71,33
161,2017,43,-3,7
161,2017,43,3,4
161,2017,43,7,1
161,2017,43,13,1
161,2017,43,19,1
161,2017,43,27,1
161,2017,45,-123,2
161,2017,45,-121,2
161,2017,45,-117,1
161,2017,45,-97,10
161,2017,45,-95,2
161,2017,45,-93,51
161,2017,45,-91,1
161,2017,45,-89,5
161,2017,45,-87,3
161,2017,45,-85,15
161,2017,45,-83,5
161,2017,45,-81,11
161,2017,45,-79,43
161,2017,45,-77,39
161,2017,45,-75,22
161,2017,45,-73,75
161,2017,45,-71,3
161,2017,45,-69,2
161,2017,45,-67,1
161,2017,45,-65,44
161,2017,45,7,3
161,2017,45,9,2
161,2017,45,11,1
161,2017,45,13,2
161,2017,45,15,1
161,2017,47,-123,5
161,2017,47,-121,1
161,2017,47,-117,1
161,2017,47,-109,1
161,2017,47,-95,1
161,2017,47,-93,5
161,2017,47,-91,10
161,2017,47,-89,3
161,2017,47,-87,1
161,2017,47,-85,8
161,2017,47,-83,6
161,2017,47,-79,1
161,2017,47,-67,2
161,2017,47,-65,3
161,2017,47,-61,1
161,2017,47,1,1
161,2017,47,11,6
161,2017,49,-123,4
161,2017,49,-121,3
161,2017,49,-119,6
161,2017,49,-103,1
161,2017,49,-99,1
161,2017,49,-97,2
161,2017,49,-93,1
161,2017,49,-91,1
161,2017,49,-89,4
161,2017,49,-87,3
161,2017,49,-85,5
161,2017,49,1,1
161,2017,49,3,1
161,2017,49,9,3
161,2017,51,-115,3
161,2017,51,-105,27
161,2017,51,-103,2
161,2017,51,-97,2
161,2017,51,7,1
161,2017,51,17,1
161,2017,53,-113,5
161,2017,53,-107,1
161,2017,53,-1,1
161,2017,53,13,2
161,2017,59,-133,1
161,2017,61,-151,2
161,2017,61,-149,1
161,2017,61,-137,1
161,2017,63,-151,4
161,2017,63,-149,1
161,2017,65,-147,1
161,2018,-29,31,2
161,2018,-27,153,2
161,2018,-25,153,1
161,2018,-23,-47,3
161,2018,-23,17,2
161,2018,-21,15,1
161,2018,-17,31,2
161,2018,-17,35,1
161,2018,-15,29,1
161,2018,1,103,17
161,2018,5,101,1
161,2018,9,-85,2
161,2018,9,-79,3
161,2018,11,-85,3
161,2018,13,-89,1
161,2018,13,77,1
161,2018,13,99,1
161,2018,15,-97,15
161,2018,15,-91,1
161,2018,17,-97,8
161,2018,17,-95,1
161,2018,17,-93,6
161,2018,17,-91,3
161,2018,19,-105,1
161,2018,19,-103,4
161,2018,19,-101,5
161,2018,19,-99,24
161,2018,19,-97,5
161,2018,19,-95,2
161,2018,19,-91,1
161,2018,19,-75,14
161,2018,19,-69,1
161,2018,19,-67,1
161,2018,19,-65,3
161,2018,21,-105,3
161,2018,21,-103,5
161,2018,21,-101,4
161,2018,21,-99,16
161,2018,21,-87,2
161,2018,21,105,1
161,2018,23,-107,18
161,2018,23,-103,1
161,2018,23,-99,41
161,2018,23,-97,2
161,2018,23,87,1
161,2018,23,105,1
161,2018,23,113,1
161,2018,23,115,8
161,2018,23,121,2
161,2018,25,-101,34
161,2018,25,-99,4
161,2018,25,-81,31
161,2018,27,-101,1
161,2018,27,-99,6
161,2018,27,-97,15
161,2018,27,-83,18
161,2018,27,-81,17
161,2018,27,-15,3
161,2018,29,-101,7
161,2018,29,-99,30
161,2018,29,-97,19
161,2018,29,-95,42
161,2018,29,-91,4
161,2018,29,-83,28
161,2018,29,-81,46
161,2018,31,-115,3
161,2018,31,-111,10
161,2018,31,-109,1
161,2018,31,-103,15
161,2018,31,-99,19
161,2018,31,-97,57
161,2018,31,-95,19
161,2018,31,-93,9
161,2018,31,-91,11
161,2018,31,-89,16
161,2018,31,-85,9
161,2018,31,-83,13
161,2018,31,-81,5
161,2018,33,-119,13
161,2018,33,-117,87
161,2018,33,-111,2
161,2018,33,-109,1
161,2018,33,-105,2
161,2018,33,-103,1
161,2018,33,-101,5
161,2018,33,-99,6
161,2018,33,-97,138
161,2018,33,-95,29
161,2018,33,-93,5
161,2018,33,-91,1
161,2018,33,-89,3
161,2018,33,-87,13
161,2018,33,-85,4
161,2018,33,-83,3
161,2018,33,-81,39
161,2018,33,-79,4
161,2018,35,-121,1
161,2018,35,-119,63
161,2018,35,-117,28
161,2018,35,-113,3
161,2018,35,-111,2
161,2018,35,-107,9
161,2018,35,-105,1
161,2018,35,-101,3
161,2018,35,-99,1
161,2018,35,-97,8
161,2018,35,-95,28
161,2018,35,-93,5
161,2018,35,-91,8
161,2018,35,-89,1
161,2018,35,-87,9
161,2018,35,-85,13
161,2018,35,-83,30
161,2018,35,-81,19
161,2018,35,-79,18
161,2018,35,-77,10
161,2018,35,77,1
161,2018,37,-123,179
161,2018,37,-121,106
161,2018,37,-119,20
161,2018,37,-115,23
161,2018,37,-113,3
161,2018,37,-109,7
161,2018,37,-107,4
161,2018,37,-105,1
161,2018,37,-103,2
161,2018,37,-99,2
161,2018,37,-97,15
161,2018,37,-95,10
161,2018,37,-93,4
161,2018,37,-91,2
161,2018,37,-89,10
161,2018,37,-87,11
161,2018,37,-85,8
161,2018,37,-83,6
161,2018,37,-81,11
161,2018,37,-79,11
161,2018,37,-77,4
161,2018,37,-75,6
161,2018,37,127,2
161,2018,39,-123,60
161,2018,39,-121,45
161,2018,39,-119,7
161,2018,39,-115,10
161,2018,39,-111,2
161,2018,39,-109,2
161,2018,39,-107,4
161,2018,39,-105,20
161,2018,39,-101,1
161,2018,39,-97,11
161,2018,39,-95,10
161,2018,39,-93,32
161,2018,39,-91,11
161,2018,39,-89,5
161,2018,39,-87,14
161,2018,39,-85,32
161,2018,39,-83,13
161,2018,39,-81,4
161,2018,39,-79,53
161,2018,39,-77,124
161,2018,39,-75,24
161,2018,39,-9,1
161,2018,41,-125,3
161,2018,41,-123,10
161,2018,41,-121,7
161,2018,41,-117,1
161,2018,41,-113,4
161,2018,41,-111,21
161,2018,41,-107,4
161,2018,41,-105,28
161,2018,41,-103,1
161,2018,41,-97,4
161,2018,41,-95,7
161,2018,41,-93,4
161,2018,41,-91,3
161,2018,41,-89,15
161,2018,41,-87,61
161,2018,41,-85,4
161,2018,41,-83,36
161,2018,41,-81,68
161,2018,41,-79,28
161,2018,41,-77,5
161,2018,41,-75,23
161,2018,41,-73,34
161,2018,41,-71,18
161,2018,41,3,2
161,2018,41,9,1
161,2018,41,13,3
161,2018,41,15,7
161,2018,41,19,1
161,2018,41,21,1
161,2018,41,25,1
161,2018,43,-123,5
161,2018,43,-121,4
161,2018,43,-117,6
161,2018,43,-113,1
161,2018,43,-107,8
161,2018,43,-101,1
161,2018,43,-97,9
161,2018,43,-95,1
161,2018,43,-93,6
161,2018,43,-91,5
161,2018,43,-89,47
161,2018,43,-87,23
161,2018,43,-85,9
161,2018,43,-83,13
161,2018,43,-81,169
161,2018,43,-79,107
161,2018,43,-77,20
161,2018,43,-75,7
161,2018,43,-73,45
161,2018,43,-71,43
161,2018,43,-7,1
161,2018,43,1,3
161,2018,43,3,3
161,2018,43,5,2
161,2018,43,7,2
161,2018,43,11,4
161,2018,43,13,1
161,2018,43,17,1
161,2018,43,21,1
161,2018,45,-123,21
161,2018,45,-121,8
161,2018,45,-117,3
161,2018,45,-111,1
161,2018,45,-107,2
161,2018,45,-101,1
161,2018,45,-95,1
161,2018,45,-93,56
161,2018,45,-91,4
161,2018,45,-89,6
161,2018,45,-87,1
161,2018,45,-85,15
161,2018,45,-81,36
161,2018,45,-79,136
161,2018,45,-77,105
161,2018,45,-75,36
161,2018,45,-73,52
161,2018,45,-71,8
161,2018,45,-69,5
161,2018,45,-67,4
161,2018,45,-65,24
161,2018,45,-63,1
161,2018,45,-61,1
161,2018,45,-1,1
161,2018,45,1,2
161,2018,45,3,1
161,2018,45,7,2
161,2018,45,9,12
161,2018,45,11,5
161,2018,47,-123,23
161,2018,47,-121,5
161,2018,47,-117,11
161,2018,47,-115,1
161,2018,47,-97,3
161,2018,47,-95,7
161,2018,47,-93,11
161,2018,47,-91,10
161,2018,47,-87,2
161,2018,47,-85,4
161,2018,47,-83,14
161,2018,47,-81,6
161,2018,47,-79,1
161,2018,47,-71,1
161,2018,47,-63,1
161,2018,47,-61,4
161,2018,47,-1,1
161,2018,47,1,1
161,2018,47,3,3
161,2018,47,7,3
161,2018,47,9,2
161,2018,47,11,2
161,2018,47,31,1
161,2018,49,-125,3
161,2018,49,-123,23
161,2018,49,-121,5
161,2018,49,-119,2
161,2018,49,-117,9
161,2018,49,-115,1
161,2018,49,-113,2
161,2018,49,-101,3
161,2018,49,-99,2
161,2018,49,-97,4
161,2018,49,-95,3
161,2018,49,-93,7
161,2018,49,-91,1
161,2018,49,-87,5
161,2018,49,7,5
161,2018,49,9,11
161,2018,49,13,1
161,2018,49,17,7
161,2018,51,-121,4
161,2018,51,-115,2
161,2018,51,-107,3
161,2018,51,-97,4
161,2018,51,-89,3
161,2018,51,-87,1
161,2018,51,3,1
161,2018,51,5,1
161,2018,51,7,2
161,2018,51,9,2
161,2018,51,13,5
161,2018,51,15,1
161,2018,51,19,1
161,2018,53,-123,1
161,2018,53,-115,1
161,2018,53,-113,1
161,2018,53,-111,1
161,2018,53,-109,1
161,2018,53,-107,1
161,2018,53,-3,1
161,2018,53,-1,1
161,2018,53,7,3
161,2018,53,9,1
161,2018,53,11,2
161,2018,53,13,2
161,2018,53,15,1
161,2018,53,49,1
161,2018,55,-71,1
161,2018,55,-5,1
161,2018,55,13,2
161,2018,55,37,1
161,2018,57,-5,1
161,2018,57,11,2
161,2018,59,-135,1
161,2018,61,-137,3
161,2018,61,-133,1
161,2018,61,-117,1
161,2018,61,23,1
161,2018,61,25,1
161,2018,63,-113,1
161,2018,65,-165,1
161,2018,65,-147,1
161,2018,65,-139,1
161,2018,67,-137,1
168,2015,-27,31,3
168,2015,1,103,1
168,2015,9,-85,1
168,2015,9,-79,1
168,2015,9,99,2
168,2015,15,-97,7
168,2015,17,-97,1
168,2015,17,-95,9
168,2015,19,-101,1
168,2015,19,-99,4
168,2015,19,-97,6
168,2015,19,-95,2
168,2015,19,-89,1
168,2015,21,-105,10
168,2015,21,-103,6
168,2015,21,-101,6
168,2015,21,-99,8
168,2015,23,-107,7
168,2015,23,-105,1
168,2015,23,-103,1
168,2015,23,-101,1
168,2015,23,-99,1
168,2015,23,115,1
168,2015,23,121,1
168,2015,25,-105,2
168,2015,25,-101,6
168,2015,25,-99,3
168,2015,25,-97,1
168,2015,27,-101,11
168,2015,27,-99,22
168,2015,27,-97,2
168,2015,29,-101,1
168,2015,29,-99,1
168,2015,29,-95,20
168,2015,29,-81,8
168,2015,31,-111,2
168,2015,31,-105,2
168,2015,31,-103,5
168,2015,31,-101,1
168,2015,31,-99,4
168,2015,31,-97,10
168,2015,31,-95,6
168,2015,31,-91,5
168,2015,31,-89,1
168,2015,31,-83,1
168,2015,33,-119,8
168,2015,33,-117,12
168,2015,33,-109,11
168,2015,33,-105,2
168,2015,33,-97,47
168,2015,33,-95,6
168,2015,33,-93,7
168,2015,35,-121,1
168,2015,35,-119,26
168,2015,35,-117,2
168,2015,35,-111,2
168,2015,35,-107,6
168,2015,35,-105,1
168,2015,35,-103,1
168,2015,35,-97,2
168,2015,35,-95,13
168,2015,35,-93,1
168,2015,35,-87,4
168,2015,35,-85,3
168,2015,35,-83,3
168,2015,35,-81,2
168,2015,35,-79,10
168,2015,37,-123,110
168,2015,37,-121,31
168,2015,37,-119,2
168,2015,37,-115,15
168,2015,37,-113,4
168,2015,37,-111,4
168,2015,37,-99,1
168,2015,37,-97,2
168,2015,37,-95,1
168,2015,37,-85,5
168,2015,37,-79,4
168,2015,37,-77,5
168,2015,39,-123,36
168,2015,39,-121,9
168,2015,39,-119,15
168,2015,39,-117,3
168,2015,39,-107,2
168,2015,39,-105,3
168,2015,39,-97,2
168,2015,39,-89,3
168,2015,39,-85,6
168,2015,39,-83,1
168,2015,39,-79,9
168,2015,39,-77,9
168,2015,39,-75,4
168,2015,41,-123,1
168,2015,41,-111,1
168,2015,41,-105,1
168,2015,41,-97,1
168,2015,41,-95,1
168,2015,41,-89,6
168,2015,41,-87,32
168,2015,41,-83,4
168,2015,41,-81,22
168,2015,41,-79,1
168,2015,41,-77,12
168,2015,41,-75,27
168,2015,41,-73,10
168,2015,41,-71,1
168,2015,41,-1,2
168,2015,41,1,2
168,2015,41,9,1
168,2015,41,25,1
168,2015,43,-111,1
168,2015,43,-103,3
168,2015,43,-93,1
168,2015,43,-89,3
168,2015,43,-87,5
168,2015,43,-85,8
168,2015,43,-83,2
168,2015,43,-81,8
168,2015,43,-79,12
168,2015,43,-77,1
168,2015,43,-75,2
168,2015,43,-73,40
168,2015,43,-71,13
168,2015,43,-69,1
168,2015,43,-1,3
168,2015,43,27,1
168,2015,45,-123,1
168,2015,45,-117,1
168,2015,45,-111,1
168,2015,45,-105,1
168,2015,45,-95,1
168,2015,45,-93,7
168,2015,45,-91,2
168,2015,45,-79,3
168,2015,45,-77,26
168,2015,45,-75,11
168,2015,45,-73,33
168,2015,45,-71,4
168,2015,45,-69,2
168,2015,45,-67,3
168,2015,45,13,1
168,2015,47,-121,4
168,2015,47,-117,1
168,2015,47,-115,1
168,2015,47,-95,2
168,2015,47,-87,2
168,2015,47,-81,1
168,2015,47,-67,3
168,2015,47,-65,4
168,2015,47,-61,1
168,2015,47,13,1
168,2015,49,-123,2
168,2015,49,-95,1
168,2015,51,-117,1
168,2015,51,-111,2
168,2015,51,5,2
168,2015,53,-115,2
168,2015,53,23,1
168,2015,55,-85,1
168,2015,65,-147,1
168,2015,69,-147,4
168,2015,69,-145,1
168,2016,-41,173,1
168,2016,-29,33,1
168,2016,-23,31,2
168,2016,1,103,2
168,2016,3,101,1
168,2016,9,-85,7
168,2016,9,-81,2
168,2016,9,-79,2
168,2016,11,-85,9
168,2016,11,-71,1
168,2016,13,-89,1
168,2016,15,-97,1
168,2016,17,-99,7
168,2016,17,-97,1
168,2016,17,-93,4
168,2016,17,-91,1
168,2016,19,-105,1
168,2016,19,-99,10
168,2016,19,-97,13
168,2016,19,-95,3
168,2016,19,-93,1
168,2016,19,-89,1
168,2016,19,-69,2
168,2016,21,-105,10
168,2016,21,-101,3
168,2016,21,-99,50
168,2016,23,-109,1
168,2016,23,-107,7
168,2016,23,-99,1
168,2016,23,115,2
168,2016,23,121,1
168,2016,25,-101,8
168,2016,25,-97,2
168,2016,25,-81,1
168,2016,27,-99,36
168,2016,27,-97,13
168,2016,27,-81,1
168,2016,29,-99,8
168,2016,29,-97,2
168,2016,29,-95,6
168,2016,29,-91,3
168,2016,29,-83,2
168,2016,29,-81,5
168,2016,31,-111,2
168,2016,31,-103,4
168,2016,31,-97,22
168,2016,31,-95,4
168,2016,31,-93,1
168,2016,31,-91,3
168,2016,31,-89,1
168,2016,31,-87,2
168,2016,31,-83,1
168,2016,31,-81,3
168,2016,33,-119,2
168,2016,33,-117,35
168,2016,33,-109,1
168,2016,33,-99,1
168,2016,33,-97,29
168,2016,33,-95,4
168,2016,33,-93,5
168,2016,33,-89,1
168,2016,33,-87,3
168,2016,33,-85,2
168,2016,33,-83,1
168,2016,35,-119,43
168,2016,35,-117,4
168,2016,35,-111,2
168,2016,35,-107,2
168,2016,35,-105,1
168,2016,35,-103,1
168,2016,35,-101,2
168,2016,35,-97,10
168,2016,35,-95,1
168,2016,35,-93,3
168,2016,35,-89,1
168,2016,35,-87,12
168,2016,35,-85,3
168,2016,35,-83,16
168,2016,35,-81,2
168,2016,35,-79,12
168,2016,35,-77,7
168,2016,37,-123,92
168,2016,37,-121,44
168,2016,37,-119,16
168,2016,37,-115,14
168,2016,37,-107,1
168,2016,37,-103,1
168,2016,37,-97,2
168,2016,37,-95,2
168,2016,37,-91,1
168,2016,37,-89,10
168,2016,37,-87,1
168,2016,37,-83,3
168,2016,37,-79,1
168,2016,37,-77,3
168,2016,37,67,1
168,2016,39,-123,45
168,2016,39,-121,19
168,2016,39,-119,2
168,2016,39,-107,2
168,2016,39,-105,8
168,2016,39,-103,1
168,2016,39,-97,2
168,2016,39,-93,7
168,2016,39,-87,1
168,2016,39,-85,13
168,2016,39,-83,3
168,2016,39,-81,1
168,2016,39,-79,6
168,2016,39,-77,47
168,2016,39,-75,3
168,2016,39,25,1
168,2016,41,-125,1
168,2016,41,-123,10
168,2016,41,-121,1
168,2016,41,-111,3
168,2016,41,-109,1
168,2016,41,-107,3
168,2016,41,-105,2
168,2016,41,-91,1
168,2016,41,-89,7
168,2016,41,-87,20
168,2016,41,-85,2
168,2016,41,-83,1
168,2016,41,-81,15
168,2016,41,-79,2
168,2016,41,-77,4
168,2016,41,-75,17
168,2016,41,-73,6
168,2016,41,-71,3
168,2016,41,-9,1
168,2016,41,15,1
168,2016,41,17,2
168,2016,43,-123,11
168,2016,43,-117,1
168,2016,43,-115,1
168,2016,43,-113,1
168,2016,43,-97,1
168,2016,43,-91,1
168,2016,43,-89,16
168,2016,43,-85,1
168,2016,43,-83,6
168,2016,43,-81,4
168,2016,43,-79,21
168,2016,43,-77,3
168,2016,43,-75,1
168,2016,43,-73,19
168,2016,43,-71,37
168,2016,43,-65,1
168,2016,43,13,1
168,2016,45,-123,7
168,2016,45,-121,2
168,2016,45,-111,1
168,2016,45,-99,1
168,2016,45,-97,5
168,2016,45,-95,3
168,2016,45,-93,18
168,2016,45,-91,4
168,2016,45,-89,2
168,2016,45,-85,2
168,2016,45,-83,3
168,2016,45,-81,2
168,2016,45,-79,18
168,2016,45,-77,12
168,2016,45,-75,33
168,2016,45,-73,68
168,2016,45,-69,11
168,2016,45,-67,3
168,2016,45,-65,22
168,2016,45,-63,1
168,2016,45,9,4
168,2016,45,11,1
168,2016,45,21,1
168,2016,47,-123,12
168,2016,47,-121,3
168,2016,47,-95,1
168,2016,47,-93,1
168,2016,47,-91,1
168,2016,47,-87,3
168,2016,47,-85,6
168,2016,47,-81,1
168,2016,47,-65,10
168,2016,47,-61,2
168,2016,47,-53,1
168,2016,47,9,2
168,2016,47,21,2
168,2016,49,-123,11
168,2016,49,-117,3
168,2016,49,-113,1
168,2016,49,-101,3
168,2016,49,-97,1
168,2016,49,-91,1
168,2016,49,-89,1
168,2016,49,-57,1
168,2016,51,-115,4
168,2016,51,-95,2
168,2016,51,-93,2
168,2016,51,7,2
168,2016,51,13,1
168,2016,53,-127,1
168,2016,53,1,1
168,2016,55,-111,1
168,2016,65,-149,1
168,2016,65,-147,1
168,2017,-7,107,1
168,2017,1,103,15
168,2017,9,-85,1
168,2017,9,-79,4
168,2017,9,-77,4
168,2017,11,-85,17
168,2017,13,-85,13
168,2017,13,77,1
168,2017,15,-97,6
168,2017,15,-93,1
168,2017,17,-99,2
168,2017,17,-97,6
168,2017,17,-93,8
168,2017,17,-91,11
168,2017,19,-101,5
168,2017,19,-99,33
168,2017,19,-97,5
168,2017,19,-71,2
168,2017,19,109,2
168,2017,21,-105,2
168,2017,21,-103,2
168,2017,21,-101,4
168,2017,21,-99,15
168,2017,21,-89,2
168,2017,21,-87,7
168,2017,23,-107,21
168,2017,23,115,3
168,2017,25,-109,2
168,2017,25,-101,16
168,2017,25,-99,2
168,2017,25,-81,14
168,2017,27,-101,2
168,2017,27,-99,12
168,2017,27,-97,14
168,2017,27,-83,2
168,2017,27,-81,13
168,2017,29,-101,35
168,2017,29,-99,3
168,2017,29,-97,5
168,2017,29,-95,11
168,2017,29,-83,8
168,2017,29,-81,22
168,2017,31,-111,13
168,2017,31,-103,9
168,2017,31,-101,1
168,2017,31,-99,6
168,2017,31,-97,10
168,2017,31,-95,6
168,2017,31,-93,2
168,2017,31,-91,8
168,2017,31,-89,1
168,2017,31,-85,3
168,2017,31,-83,51
168,2017,31,-81,6
168,2017,31,115,1
168,2017,33,-119,2
168,2017,33,-117,87
168,2017,33,-111,11
168,2017,33,-109,9
168,2017,33,-107,4
168,2017,33,-103,1
168,2017,33,-101,1
168,2017,33,-99,5
168,2017,33,-97,38
168,2017,33,-95,6
168,2017,33,-93,7
168,2017,33,-87,5
168,2017,33,-85,10
168,2017,33,-81,8
168,2017,33,35,1
168,2017,35,-121,3
168,2017,35,-119,47
168,2017,35,-117,16
168,2017,35,-113,7
168,2017,35,-111,8
168,2017,35,-107,7
168,2017,35,-105,2
168,2017,35,-101,12
168,2017,35,-99,3
168,2017,35,-97,10
168,2017,35,-95,13
168,2017,35,-93,3
168,2017,35,-89,9
168,2017,35,-85,7
168,2017,35,-83,16
168,2017,35,-81,16
168,2017,35,-79,7
168,2017,35,-77,5
168,2017,35,-75,9
168,2017,37,-123,118
168,2017,37,-121,112
168,2017,37,-119,12
168,2017,37,-115,8
168,2017,37,-107,1
168,2017,37,-103,1
168,2017,37,-101,4
168,2017,37,-99,1
168,2017,37,-97,3
168,2017,37,-95,10
168,2017,37,-89,16
168,2017,37,-87,2
168,2017,37,-85,3
168,2017,37,-83,7
168,2017,37,-81,9
168,2017,37,-79,7
168,2017,37,-77,14
168,2017,37,-75,2
168,2017,39,-123,78
168,2017,39,-121,24
168,2017,39,-119,12
168,2017,39,-115,1
168,2017,39,-105,40
168,2017,39,-101,2
168,2017,39,-93,6
168,2017,39,-91,4
168,2017,39,-87,6
168,2017,39,-85,15
168,2017,39,-83,16
168,2017,39,-81,6
168,2017,39,-79,30
168,2017,39,-77,92
168,2017,39,-75,8
168,2017,41,-125,1
168,2017,41,-123,3
168,2017,41,-121,4
168,2017,41,-113,4
168,2017,41,-111,30
168,2017,41,-107,2
168,2017,41,-105,37
168,2017,41,-103,1
168,2017,41,-97,3
168,2017,41,-95,1
168,2017,41,-93,4
168,2017,41,-91,8
168,2017,41,-89,11
168,2017,41,-87,44
168,2017,41,-83,8
168,2017,41,-81,36
168,2017,41,-79,10
168,2017,41,-77,6
168,2017,41,-75,36
168,2017,41,-73,23
168,2017,41,-71,12
168,2017,41,13,2
168,2017,41,15,1
168,2017,41,23,1
168,2017,43,-123,7
168,2017,43,-119,11
168,2017,43,-113,5
168,2017,43,-111,6
168,2017,43,-101,1
168,2017,43,-97,2
168,2017,43,-93,6
168,2017,43,-91,15
168,2017,43,-89,47
168,2017,43,-87,5
168,2017,43,-85,1
168,2017,43,-83,17
168,2017,43,-81,132
168,2017,43,-79,56
168,2017,43,-77,17
168,2017,43,-75,9
168,2017,43,-73,51
168,2017,43,-71,37
168,2017,43,-59,1
168,2017,43,-1,1
168,2017,43,7,1
168,2017,43,143,3
168,2017,45,-123,9
168,2017,45,-121,9
168,2017,45,-119,5
168,2017,45,-111,16
168,2017,45,-103,4
168,2017,45,-97,2
168,2017,45,-95,6
168,2017,45,-93,39
168,2017,45,-87,2
168,2017,45,-85,2
168,2017,45,-81,2
168,2017,45,-79,45
168,2017,45,-77,52
168,2017,45,-75,32
168,2017,45,-73,123
168,2017,45,-71,11
168,2017,45,-69,13
168,2017,45,-67,1
168,2017,45,-65,19
168,2017,45,-63,2
168,2017,45,1,1
168,2017,45,5,3
168,2017,45,7,3
168,2017,45,9,9
168,2017,45,11,2
168,2017,47,-123,9
168,2017,47,-121,1
168,2017,47,-117,7
168,2017,47,-111,1
168,2017,47,-95,3
168,2017,47,-93,3
168,2017,47,-91,7
168,2017,47,-85,7
168,2017,47,-81,4
168,2017,47,-79,4
168,2017,47,-71,2
168,2017,47,-67,2
168,2017,47,-65,17
168,2017,47,-61,1
168,2017,47,7,1
168,2017,47,9,2
168,2017,47,11,1
168,2017,47,15,1
168,2017,49,-125,2
168,2017,49,-123,9
168,2017,49,-117,3
168,2017,49,-115,1
168,2017,49,-113,1
168,2017,49,-97,3
168,2017,49,-95,3
168,2017,49,-91,1
168,2017,49,-89,2
168,2017,49,-87,2
168,2017,49,-83,1
168,2017,49,3,2
168,2017,49,9,6
168,2017,51,-115,2
168,2017,51,-113,1
168,2017,51,-105,2
168,2017,51,-97,2
168,2017,51,1,2
168,2017,51,5,1
168,2017,51,7,6
168,2017,51,107,1
168,2017,53,-113,1
168,2017,53,-111,3
168,2017,53,-107,1
168,2017,53,-87,18
168,2017,53,107,1
168,2017,55,-113,1
168,2017,55,17,1
168,2017,57,-135,2
168,2017,57,-5,1
168,2017,61,-139,2
168,2017,61,-113,1
168,2017,65,-147,2
168,2018,-33,23,6
168,2018,-31,31,1
168,2018,-29,31,1
168,2018,-29,33,3
168,2018,-27,153,1
168,2018,-23,-45,1
168,2018,-23,31,1
168,2018,-19,33,2
168,2018,-17,27,1
168,2018,-15,-47,1
168,2018,-3,35,2
168,2018,-1,-79,1
168,2018,1,103,9
168,2018,5,-75,2
168,2018,5,-73,1
168,2018,9,-85,2
168,2018,9,-83,1
168,2018,9,-79,49
168,2018,11,-85,6
168,2018,11,77,2
168,2018,13,-89,2
168,2018,13,77,1
168,2018,13,101,1
168,2018,15,-97,14
168,2018,15,-91,1
168,2018,15,-89,1
168,2018,15,-87,1
168,2018,17,-101,1
168,2018,17,-97,4
168,2018,17,-93,2
168,2018,17,-91,1
168,2018,17,-89,1
168,2018,19,-105,1
168,2018,19,-103,1
168,2018,19,-101,2
168,2018,19,-99,38
168,2018,19,-97,10
168,2018,19,-95,3
168,2018,19,-75,3
168,2018,19,-71,3
168,2018,19,-65,1
168,2018,19,73,1
168,2018,21,-159,2
168,2018,21,-157,5
168,2018,21,-105,6
168,2018,21,-103,12
168,2018,21,-101,4
168,2018,21,-99,4
168,2018,21,-97,2
168,2018,21,-89,4
168,2018,21,-87,6
168,2018,23,-111,1
168,2018,23,-107,3
168,2018,23,-103,2
168,2018,23,-101,1
168,2018,23,-99,9
168,2018,23,-97,2
168,2018,23,115,13
168,2018,25,-105,1
168,2018,25,-101,60
168,2018,25,-81,8
168,2018,25,121,1
168,2018,27,-99,19
168,2018,27,-97,35
168,2018,27,-83,4
168,2018,27,-81,14
168,2018,27,95,1
168,2018,29,-103,20
168,2018,29,-101,3
168,2018,29,-99,65
168,2018,29,-97,12
168,2018,29,-95,34
168,2018,29,-91,7
168,2018,29,-83,33
168,2018,29,-81,73
168,2018,29,109,1
168,2018,31,-111,1
168,2018,31,-109,2
168,2018,31,-105,1
168,2018,31,-103,20
168,2018,31,-101,2
168,2018,31,-99,8
168,2018,31,-97,99
168,2018,31,-95,11
168,2018,31,-93,11
168,2018,31,-91,10
168,2018,31,-89,6
168,2018,31,-87,3
168,2018,31,-85,12
168,2018,31,-83,4
168,2018,31,-81,5
168,2018,33,-119,5
168,2018,33,-117,83
168,2018,33,-113,2
168,2018,33,-111,13
168,2018,33,-107,3
168,2018,33,-105,4
168,2018,33,-103,5
168,2018,33,-101,10
168,2018,33,-99,6
168,2018,33,-97,152
168,2018,33,-95,3
168,2018,33,-93,7
168,2018,33,-91,15
168,2018,33,-89,3
168,2018,33,-87,20
168,2018,33,-85,6
168,2018,33,-83,1
168,2018,33,-81,18
168,2018,33,-79,2
168,2018,33,133,1
168,2018,35,-121,3
168,2018,35,-119,47
168,2018,35,-117,28
168,2018,35,-113,1
168,2018,35,-109,2
168,2018,35,-107,9
168,2018,35,-101,3
168,2018,35,-99,1
168,2018,35,-97,15
168,2018,35,-95,13
168,2018,35,-93,2
168,2018,35,-91,3
168,2018,35,-89,16
168,2018,35,-87,2
168,2018,35,-85,13
168,2018,35,-83,27
168,2018,35,-81,39
168,2018,35,-79,20
168,2018,35,-77,2
168,2018,35,-75,3
168,2018,35,129,1
168,2018,37,-123,84
168,2018,37,-121,52
168,2018,37,-119,13
168,2018,37,-115,8
168,2018,37,-113,3
168,2018,37,-107,2
168,2018,37,-105,6
168,2018,37,-103,5
168,2018,37,-99,1
168,2018,37,-97,6
168,2018,37,-95,27
168,2018,37,-93,1
168,2018,37,-91,6
168,2018,37,-89,19
168,2018,37,-87,9
168,2018,37,-85,6
168,2018,37,-83,13
168,2018,37,-81,15
168,2018,37,-79,10
168,2018,37,-77,14
168,2018,37,-75,6
168,2018,37,-25,1
168,2018,37,-9,1
168,2018,37,-5,1
168,2018,37,127,4
168,2018,39,-123,63
168,2018,39,-121,71
168,2018,39,-119,8
168,2018,39,-115,5
168,2018,39,-109,3
168,2018,39,-107,6
168,2018,39,-105,24
168,2018,39,-99,2
168,2018,39,-97,2
168,2018,39,-95,4
168,2018,39,-93,24
168,2018,39,-91,16
168,2018,39,-89,10
168,2018,39,-87,13
168,2018,39,-85,30
168,2018,39,-83,12
168,2018,39,-81,1
168,2018,39,-79,21
168,2018,39,-77,74
168,2018,39,-75,11
168,2018,39,-9,1
168,2018,39,21,2
168,2018,39,33,7
168,2018,41,-125,5
168,2018,41,-123,14
168,2018,41,-121,26
168,2018,41,-117,2
168,2018,41,-113,1
168,2018,41,-111,52
168,2018,41,-105,18
168,2018,41,-97,4
168,2018,41,-95,9
168,2018,41,-93,5
168,2018,41,-91,6
168,2018,41,-89,8
168,2018,41,-87,55
168,2018,41,-85,8
168,2018,41,-83,61
168,2018,41,-81,75
168,2018,41,-79,6
168,2018,41,-77,6
168,2018,41,-75,26
168,2018,41,-73,32
168,2018,41,-71,6
168,2018,41,-69,1
168,2018,41,-3,1
168,2018,41,3,4
168,2018,41,13,2
168,2018,41,17,3
168,2018,41,21,1
168,2018,41,45,2
168,2018,43,-125,1
168,2018,43,-123,15
168,2018,43,-121,1
168,2018,43,-117,1
168,2018,43,-115,1
168,2018,43,-111,1
168,2018,43,-109,1
168,2018,43,-99,1
168,2018,43,-97,3
168,2018,43,-95,1
168,2018,43,-93,3
168,2018,43,-91,8
168,2018,43,-89,38
168,2018,43,-87,10
168,2018,43,-85,18
168,2018,43,-83,23
168,2018,43,-81,103
168,2018,43,-79,127
168,2018,43,-77,22
168,2018,43,-75,2
168,2018,43,-73,41
168,2018,43,-71,30
168,2018,43,-69,12
168,2018,43,-7,3
168,2018,43,-3,1
168,2018,43,-1,3
168,2018,43,1,1
168,2018,43,3,1
168,2018,43,5,9
168,2018,43,7,4
168,2018,43,9,1
168,2018,43,11,2
168,2018,43,13,2
168,2018,43,21,1
168,2018,45,-125,1
168,2018,45,-123,35
168,2018,45,-121,6
168,2018,45,-115,1
168,2018,45,-111,1
168,2018,45,-97,1
168,2018,45,-95,12
168,2018,45,-93,100
168,2018,45,-91,2
168,2018,45,-89,13
168,2018,45,-87,5
168,2018,45,-85,10
168,2018,45,-83,1
168,2018,45,-81,39
168,2018,45,-79,84
168,2018,45,-77,54
168,2018,45,-75,55
168,2018,45,-73,44
168,2018,45,-71,16
168,2018,45,-69,13
168,2018,45,-67,13
168,2018,45,-65,8
168,2018,45,-63,9
168,2018,45,-61,1
168,2018,45,1,1
168,2018,45,5,2
168,2018,45,7,3
168,2018,45,9,14
168,2018,45,11,7
168,2018,45,13,1
168,2018,47,-123,11
168,2018,47,-121,1
168,2018,47,-119,2
168,2018,47,-117,1
168,2018,47,-115,1
168,2018,47,-97,5
168,2018,47,-95,7
168,2018,47,-93,7
168,2018,47,-91,7
168,2018,47,-89,3
168,2018,47,-87,3
168,2018,47,-85,9
168,2018,47,-83,7
168,2018,47,-81,15
168,2018,47,-79,21
168,2018,47,-67,1
168,2018,47,-65,8
168,2018,47,-63,4
168,2018,47,-61,7
168,2018,47,-53,2
168,2018,47,-3,1
168,2018,47,-1,1
168,2018,47,7,2
168,2018,47,9,7
168,2018,47,11,2
168,2018,47,15,2
168,2018,47,31,1
168,2018,49,-125,3
168,2018,49,-123,15
168,2018,49,-121,3
168,2018,49,-117,11
168,2018,49,-113,1
168,2018,49,-107,1
168,2018,49,-101,2
168,2018,49,-97,4
168,2018,49,-95,8
168,2018,49,-93,7
168,2018,49,-91,6
168,2018,49,-89,21
168,2018,49,-87,5
168,2018,49,-85,16
168,2018,49,-81,5
168,2018,49,-75,1
168,2018,49,-73,1
168,2018,49,-53,4
168,2018,49,-5,1
168,2018,49,1,1
168,2018,49,3,4
168,2018,49,5,1
168,2018,49,7,6
168,2018,49,9,3
168,2018,49,13,1
168,2018,49,15,4
168,2018,49,17,2
168,2018,49,19,1
168,2018,51,-129,3
168,2018,51,-127,1
168,2018,51,-125,5
168,2018,51,-119,2
168,2018,51,-115,4
168,2018,51,-107,3
168,2018,51,-105,1
168,2018,51,-101,1
168,2018,51,-99,1
168,2018,51,-97,5
168,2018,51,-93,1
168,2018,51,-3,1
168,2018,51,-1,1
168,2018,51,1,1
168,2018,51,3,2
168,2018,51,5,4
168,2018,51,7,2
168,2018,51,13,4
168,2018,53,-115,1
168,2018,53,-113,1
168,2018,53,-111,1
168,2018,53,-107,4
168,2018,53,-1,1
168,2018,53,5,1
168,2018,53,11,2
168,2018,53,13,3
168,2018,55,-119,1
168,2018,55,13,1
168,2018,55,19,1
168,2018,55,37,1
168,2018,57,-111,1
168,2018,57,-5,2
168,2018,57,17,1
168,2018,59,-135,7
168,2018,61,-149,1
168,2018,61,-145,1
168,2018,61,-137,1
168,2018,61,-135,1
168,2018,61,-133,1
168,2018,63,-149,1
168,2018,63,-139,1
168,2018,63,-137,1
168,2018,65,-165,1
168,2018,65,-147,2
168,2018,65,-139,9
168,2018,65,-137,1
168,2018,69,-145,1
175,2015,-39,177,1
175,2015,-29,31,1
175,2015,-23,27,2
175,2015,1,103,1
175,2015,3,33,1
175,2015,3,111,2
175,2015,13,-87,2
175,2015,13,77,1
175,2015,15,-97,46
175,2015,15,-93,2
175,2015,17,-97,2
175,2015,17,-95,1
175,2015,17,-93,7
175,2015,17,-91,2
175,2015,19,-101,1
175,2015,19,-99,22
175,2015,19,-97,11
175,2015,19,-95,1
175,2015,19,-91,1
175,2015,19,-87,1
175,2015,21,-105,2
175,2015,21,-103,4
175,2015,21,-101,3
175,2015,21,-99,3
175,2015,21,-89,12
175,2015,23,-107,11
175,2015,23,-83,6
175,2015,23,121,1
175,2015,25,-101,20
175,2015,27,-101,2
175,2015,27,-99,6
175,2015,27,-97,3
175,2015,27,-83,3
175,2015,27,-81,1
175,2015,29,-99,7
175,2015,29,-95,25
175,2015,29,-91,2
175,2015,29,-89,1
175,2015,29,-81,2
175,2015,31,-111,4
175,2015,31,-105,1
175,2015,31,-103,2
175,2015,31,-101,5
175,2015,31,-97,11
175,2015,31,-95,2
175,2015,31,-91,2
175,2015,31,-89,1
175,2015,31,-87,1
175,2015,31,-85,2
175,2015,31,-81,1
175,2015,33,-119,2
175,2015,33,-117,16
175,2015,33,-113,1
175,2015,33,-111,9
175,2015,33,-109,1
175,2015,33,-97,33
175,2015,33,-93,2
175,2015,33,-85,1
175,2015,33,-83,17
175,2015,33,-81,6
175,2015,33,-79,1
175,2015,35,-119,25
175,2015,35,-117,6
175,2015,35,-113,10
175,2015,35,-111,15
175,2015,35,-99,1
175,2015,35,-93,14
175,2015,35,-89,1
175,2015,35,-87,24
175,2015,35,-85,1
175,2015,35,-83,4
175,2015,35,-81,2
175,2015,35,-79,5
175,2015,37,-123,35
175,2015,37,-121,20
175,2015,37,-119,20
175,2015,37,-115,1
175,2015,37,-113,5
175,2015,37,-111,3
175,2015,37,-109,1
175,2015,37,-107,1
175,2015,37,-105,1
175,2015,37,-97,1
175,2015,37,-87,1
175,2015,37,-85,1
175,2015,37,-81,3
175,2015,37,-79,6
175,2015,37,-77,15
175,2015,37,-75,1
175,2015,39,-123,21
175,2015,39,-121,42
175,2015,39,-117,1
175,2015,39,-107,2
175,2015,39,-105,8
175,2015,39,-91,1
175,2015,39,-89,15
175,2015,39,-85,10
175,2015,39,-83,1
175,2015,39,-81,9
175,2015,39,-79,19
175,2015,39,-77,31
175,2015,39,-7,1
175,2015,41,-123,2
175,2015,41,-121,7
175,2015,41,-111,2
175,2015,41,-105,3
175,2015,41,-97,2
175,2015,41,-89,4
175,2015,41,-87,9
175,2015,41,-85,1
175,2015,41,-83,1
175,2015,41,-81,29
175,2015,41,-79,9
175,2015,41,-77,6
175,2015,41,-75,18
175,2015,41,-73,13
175,2015,41,-71,9
175,2015,41,1,1
175,2015,41,9,1
175,2015,41,21,1
175,2015,43,-89,7
175,2015,43,-87,2
175,2015,43,-85,4
175,2015,43,-83,2
175,2015,43,-81,3
175,2015,43,-79,5
175,2015,43,-77,1
175,2015,43,-73,56
175,2015,43,-71,54
175,2015,43,-1,1
175,2015,43,1,1
175,2015,45,-107,1
175,2015,45,-97,2
175,2015,45,-93,3
175,2015,45,-91,1
175,2015,45,-79,6
175,2015,45,-77,10
175,2015,45,-75,10
175,2015,45,-73,31
175,2015,45,-71,2
175,2015,45,-69,2
175,2015,45,-65,4
175,2015,45,11,1
175,2015,45,13,1
175,2015,47,-123,2
175,2015,47,-117,2
175,2015,47,-103,2
175,2015,47,-101,1
175,2015,47,-95,5
175,2015,47,-91,1
175,2015,47,-85,1
175,2015,47,-81,2
175,2015,47,-65,3
175,2015,47,-61,1
175,2015,47,7,1
175,2015,47,11,2
175,2015,49,-123,6
175,2015,49,-121,2
175,2015,49,-119,7
175,2015,49,-113,8
175,2015,49,-95,1
175,2015,51,-117,2
175,2015,51,-93,2
175,2015,51,7,1
175,2015,53,-91,1
175,2015,53,23,2
175,2015,57,-107,1
175,2015,69,19,1
175,2016,-27,31,2
175,2016,-25,31,2
175,2016,1,103,2
175,2016,3,97,1
175,2016,5,101,2
175,2016,11,-85,3
175,2016,15,-97,7
175,2016,17,-97,2
175,2016,17,-93,2
175,2016,19,-101,1
175,2016,19,-99,8
175,2016,19,-97,13
175,2016,19,-95,8
175,2016,19,-89,6
175,2016,19,-71,2
175,2016,21,-105,4
175,2016,21,-103,2
175,2016,21,-101,21
175,2016,21,-99,39
175,2016,21,-97,4
175,2016,23,-107,12
175,2016,23,-103,1
175,2016,23,-99,20
175,2016,23,115,2
175,2016,25,-103,2
175,2016,25,-101,54
175,2016,25,-99,2
175,2016,25,-97,2
175,2016,25,-81,7
175,2016,27,-109,1
175,2016,27,-101,1
175,2016,27,-99,81
175,2016,27,-97,5
175,2016,27,-83,4
175,2016,29,-107,1
175,2016,29,-103,10
175,2016,29,-99,6
175,2016,29,-97,1
175,2016,29,-95,12
175,2016,29,-83,5
175,2016,29,-81,3
175,2016,31,-111,2
175,2016,31,-103,6
175,2016,31,-101,1
175,2016,31,-99,9
175,2016,31,-97,24
175,2016,31,-95,8
175,2016,31,-91,3
175,2016,31,-89,1
175,2016,31,-85,1
175,2016,31,-81,4
175,2016,33,-119,6
175,2016,33,-117,34
175,2016,33,-111,2
175,2016,33,-109,7
175,2016,33,-107,3
175,2016,33,-105,2
175,2016,33,-101,1
175,2016,33,-97,35
175,2016,33,-95,1
175,2016,33,-93,7
175,2016,33,-87,1
175,2016,33,-85,3
175,2016,33,-83,2
175,2016,33,-79,1
175,2016,33,35,1
175,2016,35,-121,2
175,2016,35,-119,8
175,2016,35,-117,5
175,2016,35,-115,1
175,2016,35,-111,2
175,2016,35,-109,8
175,2016,35,-107,4
175,2016,35,-97,6
175,2016,35,-95,10
175,2016,35,-93,11
175,2016,35,-91,4
175,2016,35,-89,3
175,2016,35,-87,12
175,2016,35,-83,24
175,2016,35,-81,1
175,2016,35,-79,8
175,2016,35,-77,3
175,2016,37,-123,43
175,2016,37,-121,67
175,2016,37,-119,10
175,2016,37,-115,9
175,2016,37,-113,2
175,2016,37,-109,3
175,2016,37,-105,1
175,2016,37,-97,2
175,2016,37,-95,2
175,2016,37,-89,3
175,2016,37,-87,2
175,2016,37,-85,2
175,2016,37,-81,3
175,2016,37,-79,2
175,2016,37,-77,6
175,2016,37,-75,2
175,2016,37,127,1
175,2016,39,-123,39
175,2016,39,-121,18
175,2016,39,-119,5
175,2016,39,-111,7
175,2016,39,-109,19
175,2016,39,-107,3
175,2016,39,-105,6
175,2016,39,-103,1
175,2016,39,-93,3
175,2016,39,-91,4
175,2016,39,-89,2
175,2016,39,-85,8
175,2016,39,-83,8
175,2016,39,-81,1
175,2016,39,-79,8
175,2016,39,-77,23
175,2016,39,-9,2
175,2016,39,5,1
175,2016,39,21,5
175,2016,41,-125,4
175,2016,41,-123,6
175,2016,41,-121,17
175,2016,41,-111,7
175,2016,41,-107,7
175,2016,41,-105,13
175,2016,41,-101,1
175,2016,41,-97,2
175,2016,41,-93,1
175,2016,41,-89,3
175,2016,41,-87,10
175,2016,41,-85,4
175,2016,41,-83,13
175,2016,41,-81,24
175,2016,41,-79,1
175,2016,41,-77,2
175,2016,41,-75,18
175,2016,41,-73,11
175,2016,41,-71,4
175,2016,41,-7,3
175,2016,41,13,2
175,2016,41,15,1
175,2016,41,17,1
175,2016,43,-113,1
175,2016,43,-111,2
175,2016,43,-103,2
175,2016,43,-101,1
175,2016,43,-93,1
175,2016,43,-91,1
175,2016,43,-89,19
175,2016,43,-87,1
175,2016,43,-85,23
175,2016,43,-83,31
175,2016,43,-81,12
175,2016,43,-79,7
175,2016,43,-77,4
175,2016,43,-75,1
175,2016,43,-73,40
175,2016,43,-71,117
175,2016,43,-3,1
175,2016,43,17,1
175,2016,43,19,1
175,2016,43,25,1
175,2016,45,-123,4
175,2016,45,-119,1
175,2016,45,-111,4
175,2016,45,-93,12
175,2016,45,-91,4
175,2016,45,-89,1
175,2016,45,-87,5
175,2016,45,-85,6
175,2016,45,-79,9
175,2016,45,-77,21
175,2016,45,-75,23
175,2016,45,-73,52
175,2016,45,-71,4
175,2016,45,-69,5
175,2016,45,-67,2
175,2016,45,-65,3
175,2016,45,-63,3
175,2016,45,7,3
175,2016,45,9,1
175,2016,45,11,1
175,2016,45,13,2
175,2016,45,21,1
175,2016,47,-123,9
175,2016,47,-121,3
175,2016,47,-95,5
175,2016,47,-93,3
175,2016,47,-91,4
175,2016,47,-85,1
175,2016,47,-81,2
175,2016,47,-65,2
175,2016,47,-63,6
175,2016,47,1,1
175,2016,49,-125,2
175,2016,49,-123,1
175,2016,49,-117,2
175,2016,49,-101,2
175,2016,49,-97,2
175,2016,49,-89,2
175,2016,49,-55,2
175,2016,49,9,1
175,2016,51,-123,1
175,2016,51,-117,3
175,2016,51,-115,6
175,2016,51,-93,1
175,2016,51,-91,1
175,2016,51,7,4
175,2016,51,13,1
175,2016,53,-87,9
175,2016,53,21,1
175,2016,55,-127,1
175,2016,59,11,1
175,2016,61,-151,1
175,2016,63,-151,14
175,2016,63,-137,5
175,2016,63,-135,1
175,2016,63,-129,1
175,2017,-27,153,2
175,2017,1,103,6
175,2017,7,-75,1
175,2017,9,-85,2
175,2017,9,-83,3
175,2017,9,-81,1
175,2017,9,-79,2
175,2017,9,125,1
175,2017,11,-85,14
175,2017,13,-89,1
175,2017,13,-87,20
175,2017,13,-85,6
175,2017,13,77,2
175,2017,15,-97,27
175,2017,15,-95,33
175,2017,15,-93,1
175,2017,15,-91,1
175,2017,17,-99,24
175,2017,17,-97,6
175,2017,17,-95,5
175,2017,17,-93,11
175,2017,17,-91,22
175,2017,17,-89,9
175,2017,19,-99,37
175,2017,19,-97,10
175,2017,19,-95,1
175,2017,19,-69,1
175,2017,19,-67,1
175,2017,19,109,2
175,2017,21,-105,7
175,2017,21,-103,4
175,2017,21,-99,12
175,2017,21,-97,1
175,2017,21,-89,7
175,2017,21,-87,3
175,2017,23,-107,21
175,2017,23,-105,8
175,2017,23,-99,2
175,2017,23,113,1
175,2017,23,115,2
175,2017,25,-107,1
175,2017,25,-101,13
175,2017,25,-99,4
175,2017,25,-97,1
175,2017,27,-101,1
175,2017,27,-99,8
175,2017,27,-97,5
175,2017,27,-83,1
175,2017,27,-81,14
175,2017,27,93,1
175,2017,29,-103,3
175,2017,29,-101,2
175,2017,29,-99,6
175,2017,29,-97,5
175,2017,29,-95,20
175,2017,29,-83,3
175,2017,29,-81,9
175,2017,31,-111,3
175,2017,31,-103,5
175,2017,31,-101,2
175,2017,31,-99,6
175,2017,31,-97,14
175,2017,31,-95,10
175,2017,31,-91,11
175,2017,31,-89,1
175,2017,31,-83,2
175,2017,31,-81,1
175,2017,33,-119,12
175,2017,33,-117,72
175,2017,33,-113,2
175,2017,33,-111,11
175,2017,33,-109,4
175,2017,33,-107,2
175,2017,33,-105,3
175,2017,33,-101,1
175,2017,33,-99,3
175,2017,33,-97,54
175,2017,33,-95,3
175,2017,33,-93,14
175,2017,33,-87,7
175,2017,33,-85,4
175,2017,33,-83,2
175,2017,33,-81,3
175,2017,33,-79,1
175,2017,35,-121,2
175,2017,35,-119,69
175,2017,35,-117,31
175,2017,35,-113,11
175,2017,35,-111,9
175,2017,35,-107,3
175,2017,35,-105,1
175,2017,35,-103,7
175,2017,35,-97,15
175,2017,35,-95,14
175,2017,35,-93,11
175,2017,35,-89,1
175,2017,35,-85,8
175,2017,35,-83,9
175,2017,35,-81,5
175,2017,35,-79,16
175,2017,35,-75,14
175,2017,37,-123,92
175,2017,37,-121,35
175,2017,37,-119,30
175,2017,37,-115,4
175,2017,37,-113,2
175,2017,37,-109,1
175,2017,37,-101,2
175,2017,37,-97,5
175,2017,37,-95,6
175,2017,37,-93,3
175,2017,37,-89,13
175,2017,37,-87,11
175,2017,37,-85,4
175,2017,37,-83,7
175,2017,37,-81,8
175,2017,37,-79,8
175,2017,37,-77,5
175,2017,39,-123,43
175,2017,39,-121,70
175,2017,39,-119,10
175,2017,39,-115,1
175,2017,39,-107,2
175,2017,39,-105,7
175,2017,39,-97,1
175,2017,39,-95,8
175,2017,39,-93,13
175,2017,39,-91,3
175,2017,39,-89,5
175,2017,39,-87,4
175,2017,39,-85,23
175,2017,39,-83,7
175,2017,39,-81,2
175,2017,39,-79,12
175,2017,39,-77,173
175,2017,39,-75,13
175,2017,41,-125,2
175,2017,41,-123,4
175,2017,41,-121,47
175,2017,41,-111,23
175,2017,41,-107,2
175,2017,41,-105,40
175,2017,41,-95,3
175,2017,41,-93,1
175,2017,41,-91,1
175,2017,41,-89,12
175,2017,41,-87,37
175,2017,41,-85,1
175,2017,41,-83,14
175,2017,41,-81,70
175,2017,41,-79,12
175,2017,41,-77,12
175,2017,41,-75,38
175,2017,41,-73,39
175,2017,41,-71,5
175,2017,41,13,1
175,2017,41,17,3
175,2017,41,19,1
175,2017,41,21,1
175,2017,43,-123,18
175,2017,43,-121,3
175,2017,43,-119,1
175,2017,43,-113,6
175,2017,43,-111,1
175,2017,43,-93,3
175,2017,43,-89,26
175,2017,43,-87,12
175,2017,43,-85,6
175,2017,43,-83,7
175,2017,43,-81,64
175,2017,43,-79,74
175,2017,43,-77,14
175,2017,43,-75,5
175,2017,43,-73,48
175,2017,43,-71,40
175,2017,43,3,1
175,2017,43,17,2
175,2017,45,-123,15
175,2017,45,-121,6
175,2017,45,-111,20
175,2017,45,-97,3
175,2017,45,-95,7
175,2017,45,-93,34
175,2017,45,-91,2
175,2017,45,-89,2
175,2017,45,-85,3
175,2017,45,-83,1
175,2017,45,-81,1
175,2017,45,-79,83
175,2017,45,-77,45
175,2017,45,-75,24
175,2017,45,-73,59
175,2017,45,-71,29
175,2017,45,-69,20
175,2017,45,-67,26
175,2017,45,-65,11
175,2017,45,-63,7
175,2017,45,1,3
175,2017,45,5,3
175,2017,45,7,6
175,2017,45,9,6
175,2017,45,11,5
175,2017,45,13,2
175,2017,47,-123,9
175,2017,47,-121,1
175,2017,47,-117,1
175,2017,47,-95,2
175,2017,47,-93,3
175,2017,47,-91,4
175,2017,47,-85,2
175,2017,47,-83,7
175,2017,47,-81,4
175,2017,47,-79,3
175,2017,47,-71,2
175,2017,47,-69,5
175,2017,47,-67,3
175,2017,47,-65,5
175,2017,47,-63,2
175,2017,47,-61,6
175,2017,47,-53,1
175,2017,47,13,1
175,2017,47,23,1
175,2017,49,-125,1
175,2017,49,-123,10
175,2017,49,-121,2
175,2017,49,-117,3
175,2017,49,-115,1
175,2017,49,-113,1
175,2017,49,-103,1
175,2017,49,-101,1
175,2017,49,-97,3
175,2017,49,-91,2
175,2017,49,-89,2
175,2017,49,-87,1
175,2017,49,-81,1
175,2017,49,-57,1
175,2017,49,3,5
175,2017,49,9,2
175,2017,49,11,1
175,2017,49,17,1
175,2017,49,19,1
175,2017,51,-129,1
175,2017,51,-117,2
175,2017,51,-115,10
175,2017,51,-101,1
175,2017,51,-99,1
175,2017,51,-97,3
175,2017,51,5,1
175,2017,51,7,1
175,2017,51,13,7
175,2017,53,-123,1
175,2017,53,-117,1
175,2017,53,-113,3
175,2017,53,-111,1
175,2017,53,13,1
175,2017,55,11,1
175,2017,57,-135,1
175,2017,57,9,1
175,2017,61,-151,1
175,2017,61,-149,3
175,2017,61,-135,4
175,2017,61,-129,1
175,2017,63,-151,1
175,2017,63,-149,1
175,2017,63,-141,1
175,2017,65,-147,1
175,2018,-31,31,2
175,2018,-29,31,2
175,2018,-29,153,1
175,2018,-25,-49,1
175,2018,-25,21,1
175,2018,-23,17,1
175,2018,-23,31,2
175,2018,-19,33,1
175,2018,-15,-47,1
175,2018,-15,29,5
175,2018,-1,-79,2
175,2018,1,103,5
175,2018,9,-83,2
175,2018,9,-79,3
175,2018,11,-85,5
175,2018,13,-89,2
175,2018,13,-87,2
175,2018,15,-97,2
175,2018,15,-91,12
175,2018,15,-89,1
175,2018,15,-87,4
175,2018,17,-97,5
175,2018,17,-93,11
175,2018,17,-89,4
175,2018,19,-105,9
175,2018,19,-103,6
175,2018,19,-101,4
175,2018,19,-99,66
175,2018,19,-97,37
175,2018,19,-89,1
175,2018,19,-67,2
175,2018,21,-105,3
175,2018,21,-103,1
175,2018,21,-101,4
175,2018,21,-99,5
175,2018,21,-97,2
175,2018,21,-89,2
175,2018,21,-87,6
175,2018,23,-101,1
175,2018,23,-99,7
175,2018,23,-81,1
175,2018,23,113,1
175,2018,23,115,4
175,2018,23,121,3
175,2018,25,-105,1
175,2018,25,-103,1
175,2018,25,-101,34
175,2018,25,-81,9
175,2018,25,91,1
175,2018,25,121,1
175,2018,27,-99,44
175,2018,27,-97,10
175,2018,27,-83,7
175,2018,27,-81,19
175,2018,29,-103,7
175,2018,29,-99,14
175,2018,29,-97,9
175,2018,29,-95,30
175,2018,29,-91,3
175,2018,29,-85,1
175,2018,29,-83,42
175,2018,29,-81,46
175,2018,29,109,1
175,2018,31,-111,3
175,2018,31,-109,1
175,2018,31,-107,1
175,2018,31,-103,10
175,2018,31,-101,1
175,2018,31,-99,4
175,2018,31,-97,55
175,2018,31,-95,6
175,2018,31,-93,5
175,2018,31,-91,4
175,2018,31,-89,10
175,2018,31,-87,7
175,2018,31,-85,11
175,2018,31,-83,17
175,2018,31,-81,1
175,2018,31,121,1
175,2018,33,-119,22
175,2018,33,-117,78
175,2018,33,-113,1
175,2018,33,-111,12
175,2018,33,-109,3
175,2018,33,-105,21
175,2018,33,-103,1
175,2018,33,-101,7
175,2018,33,-99,3
175,2018,33,-97,104
175,2018,33,-95,6
175,2018,33,-93,12
175,2018,33,-91,2
175,2018,33,-89,2
175,2018,33,-87,8
175,2018,33,-85,12
175,2018,33,-83,8
175,2018,33,-81,12
175,2018,33,-79,3
175,2018,33,-17,1
175,2018,33,35,1
175,2018,35,-119,75
175,2018,35,-117,19
175,2018,35,-113,1
175,2018,35,-111,3
175,2018,35,-107,2
175,2018,35,-105,2
175,2018,35,-99,2
175,2018,35,-97,16
175,2018,35,-95,35
175,2018,35,-93,4
175,2018,35,-91,5
175,2018,35,-89,10
175,2018,35,-87,6
175,2018,35,-85,30
175,2018,35,-83,27
175,2018,35,-81,51
175,2018,35,-79,25
175,2018,35,-77,6
175,2018,35,-75,2
175,2018,37,-123,103
175,2018,37,-121,36
175,2018,37,-119,9
175,2018,37,-115,7
175,2018,37,-113,3
175,2018,37,-109,3
175,2018,37,-105,2
175,2018,37,-97,6
175,2018,37,-95,8
175,2018,37,-93,3
175,2018,37,-91,4
175,2018,37,-89,4
175,2018,37,-87,12
175,2018,37,-85,4
175,2018,37,-83,6
175,2018,37,-81,20
175,2018,37,-79,15
175,2018,37,-77,8
175,2018,37,-75,4
175,2018,37,-9,1
175,2018,37,-5,2
175,2018,37,127,1
175,2018,37,129,1
175,2018,37,137,3
175,2018,39,-123,71
175,2018,39,-121,103
175,2018,39,-119,5
175,2018,39,-115,1
175,2018,39,-113,2
175,2018,39,-111,1
175,2018,39,-109,4
175,2018,39,-107,15
175,2018,39,-105,48
175,2018,39,-97,2
175,2018,39,-95,5
175,2018,39,-93,26
175,2018,39,-91,26
175,2018,39,-89,11
175,2018,39,-87,13
175,2018,39,-85,46
175,2018,39,-83,22
175,2018,39,-81,3
175,2018,39,-79,32
175,2018,39,-77,76
175,2018,39,-75,17
175,2018,39,9,1
175,2018,41,-125,9
175,2018,41,-123,18
175,2018,41,-121,30
175,2018,41,-115,1
175,2018,41,-113,17
175,2018,41,-111,27
175,2018,41,-107,1
175,2018,41,-105,11
175,2018,41,-103,1
175,2018,41,-99,1
175,2018,41,-97,6
175,2018,41,-95,3
175,2018,41,-93,2
175,2018,41,-91,5
175,2018,41,-89,15
175,2018,41,-87,54
175,2018,41,-85,3
175,2018,41,-83,63
175,2018,41,-81,89
175,2018,41,-79,42
175,2018,41,-77,9
175,2018,41,-75,38
175,2018,41,-73,42
175,2018,41,-71,17
175,2018,41,3,1
175,2018,41,13,1
175,2018,41,15,1
175,2018,41,19,1
175,2018,43,-125,5
175,2018,43,-123,15
175,2018,43,-121,20
175,2018,43,-117,2
175,2018,43,-115,3
175,2018,43,-113,3
175,2018,43,-111,3
175,2018,43,-107,3
175,2018,43,-101,1
175,2018,43,-97,6
175,2018,43,-93,8
175,2018,43,-91,6
175,2018,43,-89,47
175,2018,43,-87,36
175,2018,43,-85,27
175,2018,43,-83,20
175,2018,43,-81,122
175,2018,43,-79,89
175,2018,43,-77,30
175,2018,43,-75,8
175,2018,43,-73,72
175,2018,43,-71,48
175,2018,43,-65,2
175,2018,43,-9,2
175,2018,43,-5,3
175,2018,43,-3,2
175,2018,43,-1,1
175,2018,43,3,2
175,2018,43,5,1
175,2018,43,7,1
175,2018,43,9,3
175,2018,43,11,13
175,2018,43,17,2
175,2018,45,-123,24
175,2018,45,-121,2
175,2018,45,-119,7
175,2018,45,-117,1
175,2018,45,-115,3
175,2018,45,-95,6
175,2018,45,-93,65
175,2018,45,-91,3
175,2018,45,-89,3
175,2018,45,-87,3
175,2018,45,-85,9
175,2018,45,-83,1
175,2018,45,-81,22
175,2018,45,-79,68
175,2018,45,-77,79
175,2018,45,-75,48
175,2018,45,-73,52
175,2018,45,-71,3
175,2018,45,-69,6
175,2018,45,-67,6
175,2018,45,-65,11
175,2018,45,-63,6
175,2018,45,-1,1
175,2018,45,1,2
175,2018,45,5,1
175,2018,45,7,6
175,2018,45,9,6
175,2018,45,11,6
175,2018,47,-123,13
175,2018,47,-121,4
175,2018,47,-119,2
175,2018,47,-117,9
175,2018,47,-115,2
175,2018,47,-113,3
175,2018,47,-97,3
175,2018,47,-95,8
175,2018,47,-93,2
175,2018,47,-91,19
175,2018,47,-89,2
175,2018,47,-87,3
175,2018,47,-85,12
175,2018,47,-83,14
175,2018,47,-81,9
175,2018,47,-79,12
175,2018,47,-75,1
175,2018,47,-67,4
175,2018,47,-65,1
175,2018,47,-63,4
175,2018,47,-61,6
175,2018,47,-53,2
175,2018,47,1,1
175,2018,47,3,2
175,2018,47,7,2
175,2018,47,9,7
175,2018,47,11,3
175,2018,47,13,2
175,2018,49,-125,2
175,2018,49,-123,6
175,2018,49,-121,8
175,2018,49,-119,1
175,2018,49,-117,4
175,2018,49,-113,3
175,2018,49,-111,1
175,2018,49,-107,2
175,2018,49,-101,3
175,2018,49,-97,5
175,2018,49,-95,6
175,2018,49,-93,1
175,2018,49,-89,7
175,2018,49,-85,6
175,2018,49,-79,4
175,2018,49,-67,1
175,2018,49,-55,1
175,2018,49,-5,2
175,2018,49,3,1
175,2018,49,7,4
175,2018,49,9,11
175,2018,49,15,1
175,2018,49,19,1
175,2018,51,-115,8
175,2018,51,-105,2
175,2018,51,-101,1
175,2018,51,-99,1
175,2018,51,-97,15
175,2018,51,-93,10
175,2018,51,-87,1
175,2018,51,-3,1
175,2018,51,-1,15
175,2018,51,1,3
175,2018,51,3,2
175,2018,51,5,13
175,2018,51,7,5
175,2018,51,9,2
175,2018,51,11,2
175,2018,51,13,2
175,2018,53,-113,20
175,2018,53,-105,1
175,2018,53,-1,1
175,2018,53,1,2
175,2018,53,5,1
175,2018,53,7,6
175,2018,53,9,6
175,2018,53,11,3
175,2018,53,13,4
175,2018,53,15,2
175,2018,55,-119,1
175,2018,55,-115,2
175,2018,55,-113,1
175,2018,55,-109,1
175,2018,55,9,2
175,2018,55,11,2
175,2018,55,13,3
175,2018,55,21,1
175,2018,55,25,1
175,2018,55,83,1
175,2018,57,9,2
175,2018,57,11,5
175,2018,59,9,1
175,2018,59,19,1
175,2018,61,-137,2
175,2018,61,-135,1
175,2018,61,-113,1
175,2018,63,-149,3
175,2018,63,-137,2
175,2018,63,-117,1
175,2018,63,-115,5
175,2018,63,21,1
175,2018,65,-157,2
175,2018,65,-147,5
175,2018,65,-141,2
175,2018,65,-139,6
175,2018,69,-145,4
182,2015,-13,-71,1
182,2015,11,107,1
182,2015,15,-97,2
182,2015,17,-95,5
182,2015,17,-93,3
182,2015,19,-101,1
182,2015,19,-99,23
182,2015,19,-97,15
182,2015,19,-95,1
182,2015,19,-91,1
182,2015,19,-89,1
182,2015,19,-81,11
182,2015,19,73,1
182,2015,21,-105,11
182,2015,21,-103,1
182,2015,21,-101,4
182,2015,21,-99,23
182,2015,21,-97,6
182,2015,21,-89,1
182,2015,21,-81,9
182,2015,23,-109,3
182,2015,23,-107,5
182,2015,23,-99,1
182,2015,23,121,1
182,2015,25,-101,24
182,2015,25,-81,5
182,2015,27,-99,5
182,2015,27,-97,1
182,2015,27,-83,1
182,2015,27,-81,5
182,2015,29,-101,3
182,2015,29,-99,1
182,2015,29,-97,3
182,2015,29,-95,12
182,2015,29,-83,2
182,2015,29,-81,4
182,2015,31,-103,2
182,2015,31,-99,14
182,2015,31,-97,29
182,2015,31,-93,2
182,2015,31,-91,3
182,2015,31,-85,3
182,2015,31,-81,3
182,2015,33,-119,4
182,2015,33,-117,38
182,2015,33,-115,2
182,2015,33,-111,2
182,2015,33,-103,2
182,2015,33,-101,1
182,2015,33,-97,37
182,2015,33,-95,10
182,2015,33,-93,1
182,2015,33,-87,1
182,2015,33,-85,1
182,2015,33,-81,3
182,2015,33,-79,1
182,2015,35,-119,28
182,2015,35,-117,3
182,2015,35,-107,21
182,2015,35,-101,1
182,2015,35,-99,2
182,2015,35,-95,1
182,2015,35,-93,15
182,2015,35,-91,5
182,2015,35,-89,4
182,2015,35,-87,4
182,2015,35,-85,1
182,2015,35,-83,4
182,2015,35,-81,4
182,2015,35,-79,13
182,2015,35,-77,2
182,2015,35,129,1
182,2015,37,-123,41
182,2015,37,-121,10
182,2015,37,-119,8
182,2015,37,-113,23
182,2015,37,-111,2
182,2015,37,-107,3
182,2015,37,-97,9
182,2015,37,-89,3
182,2015,37,-87,2
182,2015,37,-85,6
182,2015,37,-83,1
182,2015,37,-79,2
182,2015,37,-77,29
182,2015,39,-123,20
182,2015,39,-121,22
182,2015,39,-119,6
182,2015,39,-107,3
182,2015,39,-105,4
182,2015,39,-101,1
182,2015,39,-91,1
182,2015,39,-89,8
182,2015,39,-85,22
182,2015,39,-83,8
182,2015,39,-81,2
182,2015,39,-79,9
182,2015,39,-77,24
182,2015,41,-125,4
182,2015,41,-123,1
182,2015,41,-121,2
182,2015,41,-105,4
182,2015,41,-95,1
182,2015,41,-91,1
182,2015,41,-89,3
182,2015,41,-87,20
182,2015,41,-83,21
182,2015,41,-81,28
182,2015,41,-79,28
182,2015,41,-77,22
182,2015,41,-75,13
182,2015,41,-73,17
182,2015,41,-71,3
182,2015,41,1,5
182,2015,41,21,2
182,2015,43,-93,3
182,2015,43,-91,1
182,2015,43,-89,5
182,2015,43,-87,4
182,2015,43,-85,1
182,2015,43,-83,3
182,2015,43,-81,45
182,2015,43,-79,26
182,2015,43,-75,9
182,2015,43,-73,87
182,2015,43,-71,19
182,2015,45,-123,1
182,2015,45,-121,2
182,2015,45,-95,1
182,2015,45,-93,8
182,2015,45,-89,1
182,2015,45,-87,1
182,2015,45,-85,2
182,2015,45,-81,3
182,2015,45,-79,2
182,2015,45,-77,17
182,2015,45,-75,12
182,2015,45,-73,39
182,2015,45,-69,5
182,2015,45,-67,10
182,2015,45,-65,3
182,2015,45,-63,1
182,2015,45,-61,1
182,2015,45,11,1
182,2015,45,19,1
182,2015,47,-123,2
182,2015,47,-121,1
182,2015,47,-117,2
182,2015,47,-93,1
182,2015,47,-91,3
182,2015,47,-85,3
182,2015,47,-83,1
182,2015,47,-81,1
182,2015,47,-65,6
182,2015,47,-61,5
182,2015,47,7,1
182,2015,47,11,1
182,2015,49,-123,1
182,2015,49,-121,2
182,2015,49,-95,6
182,2015,51,-125,1
182,2015,51,5,1
182,2015,51,7,1
182,2015,51,13,2
182,2015,53,-113,5
182,2015,53,-107,1
182,2015,53,-91,2
182,2015,53,23,1
182,2015,53,25,1
182,2015,57,-107,1
182,2015,61,-149,1
182,2016,-19,49,1
182,2016,-9,115,2
182,2016,1,103,1
182,2016,9,-79,4
182,2016,11,-85,6
182,2016,13,-87,4
182,2016,13,77,1
182,2016,15,-97,13
182,2016,15,-87,1
182,2016,17,-99,1
182,2016,17,-97,4
182,2016,17,-93,7
182,2016,19,-103,4
182,2016,19,-101,2
182,2016,19,-99,17
182,2016,19,-97,8
182,2016,19,-95,6
182,2016,19,-89,5
182,2016,19,-71,9
182,2016,21,-105,7
182,2016,21,-103,4
182,2016,21,-101,15
182,2016,21,-99,54
182,2016,21,-97,4
182,2016,21,-89,1
182,2016,23,-107,9
182,2016,23,-99,2
182,2016,23,115,3
182,2016,25,-109,1
182,2016,25,-103,3
182,2016,25,-101,33
182,2016,25,-99,1
182,2016,25,-97,9
182,2016,25,-81,3
182,2016,27,-101,1
182,2016,27,-99,38
182,2016,27,-97,10
182,2016,27,-83,3
182,2016,27,-81,4
182,2016,29,-99,7
182,2016,29,-97,5
182,2016,29,-95,8
182,2016,29,-83,1
182,2016,29,-81,10
182,2016,31,-111,7
182,2016,31,-109,1
182,2016,31,-105,5
182,2016,31,-101,2
182,2016,31,-99,4
182,2016,31,-97,24
182,2016,31,-95,10
182,2016,31,-93,10
182,2016,31,-91,2
182,2016,31,-89,1
182,2016,31,-81,3
182,2016,33,-119,2
182,2016,33,-117,25
182,2016,33,-111,1
182,2016,33,-99,1
182,2016,33,-97,38
182,2016,33,-95,5
182,2016,33,-87,6
182,2016,33,-85,2
182,2016,33,-83,2
182,2016,33,-81,1
182,2016,35,-121,5
182,2016,35,-119,42
182,2016,35,-117,18
182,2016,35,-111,2
182,2016,35,-107,20
182,2016,35,-105,15
182,2016,35,-101,1
182,2016,35,-99,3
182,2016,35,-97,1
182,2016,35,-95,1
182,2016,35,-93,1
182,2016,35,-91,1
182,2016,35,-89,1
182,2016,35,-87,7
182,2016,35,-83,7
182,2016,35,-81,3
182,2016,35,-79,11
182,2016,37,-123,57
182,2016,37,-121,11
182,2016,37,-119,10
182,2016,37,-115,10
182,2016,37,-107,12
182,2016,37,-99,1
182,2016,37,-97,4
182,2016,37,-95,1
182,2016,37,-89,1
182,2016,37,-87,2
182,2016,37,-81,1
182,2016,37,-79,1
182,2016,37,-77,10
182,2016,37,-5,3
182,2016,39,-123,45
182,2016,39,-121,36
182,2016,39,-119,5
182,2016,39,-117,1
182,2016,39,-109,7
182,2016,39,-105,13
182,2016,39,-103,4
182,2016,39,-101,1
182,2016,39,-93,1
182,2016,39,-91,3
182,2016,39,-89,5
182,2016,39,-87,1
182,2016,39,-85,6
182,2016,39,-83,2
182,2016,39,-79,15
182,2016,39,-77,32
182,2016,39,-75,3
182,2016,39,-9,1
182,2016,41,-125,1
182,2016,41,-123,4
182,2016,41,-121,7
182,2016,41,-111,14
182,2016,41,-107,3
182,2016,41,-105,10
182,2016,41,-91,1
182,2016,41,-89,8
182,2016,41,-87,20
182,2016,41,-85,3
182,2016,41,-83,8
182,2016,41,-81,24
182,2016,41,-79,5
182,2016,41,-77,17
182,2016,41,-75,40
182,2016,41,-73,14
182,2016,41,-71,6
182,2016,41,9,4
182,2016,41,17,4
182,2016,41,23,3
182,2016,43,-123,3
182,2016,43,-111,2
182,2016,43,-91,9
182,2016,43,-89,21
182,2016,43,-87,8
182,2016,43,-85,24
182,2016,43,-83,10
182,2016,43,-81,18
182,2016,43,-79,13
182,2016,43,-77,7
182,2016,43,-73,37
182,2016,43,-71,33
182,2016,43,23,1
182,2016,43,27,1
182,2016,45,-125,1
182,2016,45,-123,8
182,2016,45,-121,6
182,2016,45,-97,18
182,2016,45,-95,3
182,2016,45,-93,6
182,2016,45,-89,5
182,2016,45,-81,3
182,2016,45,-79,22
182,2016,45,-77,14
182,2016,45,-75,24
182,2016,45,-73,33
182,2016,45,-71,4
182,2016,45,-69,1
182,2016,45,-67,3
182,2016,45,-65,2
182,2016,45,11,2
182,2016,45,13,2
182,2016,45,21,1
182,2016,47,-123,8
182,2016,47,-121,2
182,2016,47,-115,1
182,2016,47,-113,3
182,2016,47,-103,3
182,2016,47,-91,4
182,2016,47,-89,3
182,2016,47,-87,3
182,2016,47,-85,6
182,2016,47,-79,1
182,2016,47,-77,1
182,2016,47,-75,1
182,2016,47,-65,1
182,2016,47,-63,1
182,2016,47,-61,2
182,2016,47,7,1
182,2016,47,11,1
182,2016,47,19,1
182,2016,49,-123,2
182,2016,49,-117,1
182,2016,49,-99,1
182,2016,49,-97,3
182,2016,49,-95,1
182,2016,49,-93,2
182,2016,49,-91,1
182,2016,49,-87,1
182,2016,49,3,1
182,2016,49,17,1
182,2016,51,-119,1
182,2016,51,-101,1
182,2016,51,-93,1
182,2016,51,7,2
182,2016,51,13,1
182,2016,53,7,2
182,2017,-21,47,1
182,2017,-3,39,2
182,2017,-1,35,1
182,2017,1,103,12
182,2017,5,-75,1
182,2017,9,-85,16
182,2017,9,-79,2
182,2017,11,-85,1
182,2017,13,-89,1
182,2017,13,-87,28
182,2017,13,-85,33
182,2017,15,-97,42
182,2017,15,-93,6
182,2017,15,-91,1
182,2017,15,-87,1
182,2017,17,-97,4
182,2017,17,-95,47
182,2017,17,-93,22
182,2017,17,-91,12
182,2017,17,-89,1
182,2017,19,-103,2
182,2017,19,-101,5
182,2017,19,-99,38
182,2017,19,-97,16
182,2017,19,-95,1
182,2017,19,-91,1
182,2017,19,-71,3
182,2017,19,-67,1
182,2017,21,-105,3
182,2017,21,-103,7
182,2017,21,-101,3
182,2017,21,-99,19
182,2017,21,-97,8
182,2017,21,-89,1
182,2017,21,-87,4
182,2017,23,-107,14
182,2017,23,-105,7
182,2017,23,-99,1
182,2017,25,-101,13
182,2017,25,-99,8
182,2017,25,-97,2
182,2017,25,-81,5
182,2017,25,121,1
182,2017,27,-109,1
182,2017,27,-101,3
182,2017,27,-99,19
182,2017,27,-97,13
182,2017,27,-83,1
182,2017,27,-81,17
182,2017,29,-99,6
182,2017,29,-97,7
182,2017,29,-95,16
182,2017,29,-83,3
182,2017,29,-81,22
182,2017,31,-117,1
182,2017,31,-111,6
182,2017,31,-103,27
182,2017,31,-99,6
182,2017,31,-97,42
182,2017,31,-95,7
182,2017,31,-93,6
182,2017,31,-91,7
182,2017,31,-89,3
182,2017,31,-87,2
182,2017,31,-85,2
182,2017,31,-83,4
182,2017,33,-119,5
182,2017,33,-117,77
182,2017,33,-111,2
182,2017,33,-107,2
182,2017,33,-105,1
182,2017,33,-99,1
182,2017,33,-97,42
182,2017,33,-95,2
182,2017,33,-93,18
182,2017,33,-87,8
182,2017,33,-85,13
182,2017,33,-83,3
182,2017,33,-81,3
182,2017,33,-79,3
182,2017,35,-121,4
182,2017,35,-119,42
182,2017,35,-117,8
182,2017,35,-113,6
182,2017,35,-111,4
182,2017,35,-109,3
182,2017,35,-107,15
182,2017,35,-105,1
182,2017,35,-103,3
182,2017,35,-97,1
182,2017,35,-95,11
182,2017,35,-91,7
182,2017,35,-89,1
182,2017,35,-87,9
182,2017,35,-85,5
182,2017,35,-83,14
182,2017,35,-81,1
182,2017,35,-79,9
182,2017,35,-75,7
182,2017,35,129,1
182,2017,37,-123,83
182,2017,37,-121,39
182,2017,37,-119,22
182,2017,37,-115,6
182,2017,37,-113,1
182,2017,37,-107,5
182,2017,37,-97,1
182,2017,37,-95,20
182,2017,37,-91,3
182,2017,37,-89,1
182,2017,37,-87,1
182,2017,37,-83,12
182,2017,37,-81,7
182,2017,37,-79,11
182,2017,37,-77,11
182,2017,37,-75,1
182,2017,37,127,1
182,2017,39,-123,34
182,2017,39,-121,92
182,2017,39,-119,12
182,2017,39,-117,1
182,2017,39,-115,1
182,2017,39,-113,1
182,2017,39,-107,2
182,2017,39,-105,33
182,2017,39,-101,2
182,2017,39,-93,21
182,2017,39,-91,21
182,2017,39,-89,5
182,2017,39,-87,7
182,2017,39,-85,19
182,2017,39,-83,9
182,2017,39,-81,5
182,2017,39,-79,16
182,2017,39,-77,90
182,2017,39,-75,11
182,2017,39,-29,1
182,2017,39,-9,1
182,2017,41,-125,2
182,2017,41,-123,24
182,2017,41,-121,22
182,2017,41,-117,2
182,2017,41,-115,14
182,2017,41,-111,11
182,2017,41,-109,6
182,2017,41,-107,8
182,2017,41,-105,23
182,2017,41,-97,2
182,2017,41,-95,2
182,2017,41,-93,4
182,2017,41,-89,16
182,2017,41,-87,21
182,2017,41,-85,3
182,2017,41,-83,22
182,2017,41,-81,48
182,2017,41,-79,15
182,2017,41,-77,10
182,2017,41,-75,36
182,2017,41,-73,27
182,2017,41,-71,12
182,2017,41,13,2
182,2017,41,15,1
182,2017,41,17,2
182,2017,41,19,2
182,2017,41,21,4
182,2017,41,23,1
182,2017,43,-123,21
182,2017,43,-121,3
182,2017,43,-113,6
182,2017,43,-111,12
182,2017,43,-101,2
182,2017,43,-93,3
182,2017,43,-91,1
182,2017,43,-89,19
182,2017,43,-87,40
182,2017,43,-85,11
182,2017,43,-83,17
182,2017,43,-81,90
182,2017,43,-79,60
182,2017,43,-77,19
182,2017,43,-75,3
182,2017,43,-73,84
182,2017,43,-71,39
182,2017,43,-5,1
182,2017,43,-3,5
182,2017,43,11,1
182,2017,43,17,1
182,2017,45,-123,10
182,2017,45,-121,1
182,2017,45,-111,2
182,2017,45,-97,1
182,2017,45,-95,2
182,2017,45,-93,50
182,2017,45,-89,15
182,2017,45,-87,2
182,2017,45,-85,11
182,2017,45,-83,1
182,2017,45,-81,29
182,2017,45,-79,138
182,2017,45,-77,94
182,2017,45,-75,60
182,2017,45,-73,61
182,2017,45,-71,7
182,2017,45,-69,6
182,2017,45,-67,1
182,2017,45,-65,14
182,2017,45,-63,4
182,2017,45,-59,1
182,2017,45,7,3
182,2017,45,9,2
182,2017,45,11,12
182,2017,47,-123,10
182,2017,47,-121,2
182,2017,47,-117,3
182,2017,47,-101,2
182,2017,47,-95,7
182,2017,47,-93,7
182,2017,47,-91,4
182,2017,47,-89,2
182,2017,47,-87,15
182,2017,47,-85,12
182,2017,47,-83,30
182,2017,47,-81,1
182,2017,47,-79,4
182,2017,47,-75,1
182,2017,47,-65,20
182,2017,47,-63,2
182,2017,47,-61,9
182,2017,47,-3,1
182,2017,47,9,4
182,2017,47,11,3
182,2017,47,13,2
182,2017,47,15,1
182,2017,49,-123,15
182,2017,49,-121,4
182,2017,49,-117,2
182,2017,49,-113,1
182,2017,49,-103,1
182,2017,49,-99,1
182,2017,49,-97,3
182,2017,49,-95,2
182,2017,49,-89,11
182,2017,49,-87,2
182,2017,49,3,3
182,2017,49,9,7
182,2017,51,-115,2
182,2017,51,-113,1
182,2017,51,-105,1
182,2017,51,-97,2
182,2017,51,-81,1
182,2017,51,-1,3
182,2017,51,1,1
182,2017,51,5,4
182,2017,51,13,5
182,2017,53,-119,1
182,2017,53,-115,1
182,2017,53,-107,2
182,2017,53,-1,1
182,2017,53,1,1
182,2017,53,9,1
182,2017,53,23,1
182,2017,57,-121,1
182,2017,61,-151,1
182,2017,61,-135,1
182,2017,61,-113,1
182,2017,63,-137,1
182,2017,63,-115,3
182,2018,-31,31,1
182,2018,-29,31,3
182,2018,-27,27,1
182,2018,-27,153,1
182,2018,-25,-49,2
182,2018,-21,15,1
182,2018,-19,23,1
182,2018,-17,25,5
182,2018,-15,-47,2
182,2018,-15,25,1
182,2018,-15,27,10
182,2018,1,-75,1
182,2018,1,103,9
182,2018,3,101,1
182,2018,9,-83,2
182,2018,9,-79,2
182,2018,11,-85,2
182,2018,11,77,1
182,2018,13,-89,2
182,2018,13,-87,7
182,2018,15,-97,14
182,2018,15,-91,1
182,2018,15,-89,1
182,2018,15,-87,4
182,2018,15,77,1
182,2018,17,-97,2
182,2018,17,-93,11
182,2018,17,-89,1
182,2018,19,-105,3
182,2018,19,-103,3
182,2018,19,-101,5
182,2018,19,-99,38
182,2018,19,-97,48
182,2018,19,-93,1
182,2018,19,-75,1
182,2018,19,-65,1
182,2018,21,-105,6
182,2018,21,-103,4
182,2018,21,-101,10
182,2018,21,-99,7
182,2018,21,-97,2
182,2018,21,-89,4
182,2018,21,-87,2
182,2018,21,-81,1
182,2018,23,-107,5
182,2018,23,-105,1
182,2018,23,-103,1
182,2018,23,-99,2
182,2018,23,113,1
182,2018,23,115,6
182,2018,23,121,2
182,2018,25,-105,1
182,2018,25,-101,44
182,2018,25,-97,1
182,2018,25,-81,21
182,2018,25,121,1
182,2018,27,-99,16
182,2018,27,-97,6
182,2018,27,-83,10
182,2018,27,-81,38
182,2018,29,-111,1
182,2018,29,-103,2
182,2018,29,-99,20
182,2018,29,-97,12
182,2018,29,-95,31
182,2018,29,-93,1
182,2018,29,-91,7
182,2018,29,-83,41
182,2018,29,-81,65
182,2018,29,-17,2
182,2018,29,-15,1
182,2018,31,-111,6
182,2018,31,-109,7
182,2018,31,-107,1
182,2018,31,-105,1
182,2018,31,-103,5
182,2018,31,-101,3
182,2018,31,-99,16
182,2018,31,-97,55
182,2018,31,-95,18
182,2018,31,-93,15
182,2018,31,-91,11
182,2018,31,-89,31
182,2018,31,-87,5
182,2018,31,-85,2
182,2018,31,-83,5
182,2018,31,-81,6
182,2018,31,103,1
182,2018,33,-119,20
182,2018,33,-117,85
182,2018,33,-111,7
182,2018,33,-109,17
182,2018,33,-105,5
182,2018,33,-103,7
182,2018,33,-101,2
182,2018,33,-99,6
182,2018,33,-97,118
182,2018,33,-95,12
182,2018,33,-93,3
182,2018,33,-91,2
182,2018,33,-89,2
182,2018,33,-87,11
182,2018,33,-85,21
182,2018,33,-83,1
182,2018,33,-81,11
182,2018,33,-79,11
182,2018,35,-121,2
182,2018,35,-119,45
182,2018,35,-117,45
182,2018,35,-107,3
182,2018,35,-105,1
182,2018,35,-103,3
182,2018,35,-101,3
182,2018,35,-99,8
182,2018,35,-97,14
182,2018,35,-95,23
182,2018,35,-93,4
182,2018,35,-91,10
182,2018,35,-89,7
182,2018,35,-87,14
182,2018,35,-85,21
182,2018,35,-83,44
182,2018,35,-81,51
182,2018,35,-79,33
182,2018,35,-77,1
182,2018,35,25,1
182,2018,37,-123,81
182,2018,37,-121,24
182,2018,37,-119,15
182,2018,37,-115,7
182,2018,37,-113,1
182,2018,37,-111,1
182,2018,37,-107,1
182,2018,37,-99,3
182,2018,37,-97,6
182,2018,37,-95,15
182,2018,37,-93,11
182,2018,37,-91,3
182,2018,37,-89,8
182,2018,37,-87,25
182,2018,37,-85,12
182,2018,37,-83,8
182,2018,37,-81,20
182,2018,37,-79,10
182,2018,37,-77,21
182,2018,37,-5,5
182,2018,37,35,1
182,2018,37,127,7
182,2018,37,129,1
182,2018,37,139,1
182,2018,39,-123,51
182,2018,39,-121,41
182,2018,39,-119,6
182,2018,39,-117,3
182,2018,39,-111,9
182,2018,39,-107,10
182,2018,39,-105,39
182,2018,39,-103,2
182,2018,39,-95,12
182,2018,39,-93,35
182,2018,39,-91,21
182,2018,39,-89,10
182,2018,39,-87,15
182,2018,39,-85,83
182,2018,39,-83,43
182,2018,39,-81,2
182,2018,39,-79,15
182,2018,39,-77,133
182,2018,39,-75,19
182,2018,39,9,1
182,2018,41,-125,1
182,2018,41,-123,12
182,2018,41,-121,11
182,2018,41,-117,4
182,2018,41,-113,25
182,2018,41,-111,50
182,2018,41,-109,2
182,2018,41,-107,5
182,2018,41,-105,42
182,2018,41,-103,1
182,2018,41,-99,1
182,2018,41,-97,8
182,2018,41,-95,6
182,2018,41,-91,5
182,2018,41,-89,33
182,2018,41,-87,56
182,2018,41,-85,2
182,2018,41,-83,95
182,2018,41,-81,126
182,2018,41,-79,31
182,2018,41,-77,18
182,2018,41,-75,66
182,2018,41,-73,51
182,2018,41,-71,17
182,2018,41,3,3
182,2018,41,9,1
182,2018,41,13,6
182,2018,41,21,1
182,2018,41,45,1
182,2018,43,-125,3
182,2018,43,-123,8
182,2018,43,-121,1
182,2018,43,-119,5
182,2018,43,-117,1
182,2018,43,-115,2
182,2018,43,-113,11
182,2018,43,-111,2
182,2018,43,-107,2
182,2018,43,-95,4
182,2018,43,-93,3
182,2018,43,-91,6
182,2018,43,-89,49
182,2018,43,-87,31
182,2018,43,-85,31
182,2018,43,-83,35
182,2018,43,-81,163
182,2018,43,-79,106
182,2018,43,-77,27
182,2018,43,-75,12
182,2018,43,-73,68
182,2018,43,-71,55
182,2018,43,-69,1
182,2018,43,-65,2
182,2018,43,-7,1
182,2018,43,-3,2
182,2018,43,1,1
182,2018,43,7,1
182,2018,43,11,1
182,2018,43,13,1
182,2018,43,19,1
182,2018,43,21,1
182,2018,45,-123,24
182,2018,45,-121,10
182,2018,45,-117,3
182,2018,45,-111,9
182,2018,45,-107,3
182,2018,45,-101,1
182,2018,45,-97,1
182,2018,45,-95,5
182,2018,45,-93,122
182,2018,45,-91,2
182,2018,45,-89,9
182,2018,45,-87,22
182,2018,45,-85,12
182,2018,45,-83,2
182,2018,45,-81,69
182,2018,45,-79,234
182,2018,45,-77,87
182,2018,45,-75,49
182,2018,45,-73,61
182,2018,45,-71,10
182,2018,45,-69,7
182,2018,45,-67,8
182,2018,45,-65,13
182,2018,45,-63,10
182,2018,45,-61,1
182,2018,45,-1,4
182,2018,45,1,1
182,2018,45,7,2
182,2018,45,9,6
182,2018,45,13,2
182,2018,47,-123,19
182,2018,47,-121,4
182,2018,47,-119,1
182,2018,47,-117,4
182,2018,47,-111,2
182,2018,47,-109,1
182,2018,47,-107,1
182,2018,47,-103,1
182,2018,47,-97,11
182,2018,47,-95,28
182,2018,47,-93,6
182,2018,47,-91,16
182,2018,47,-89,2
182,2018,47,-87,4
182,2018,47,-85,17
182,2018,47,-83,38
182,2018,47,-81,18
182,2018,47,-79,12
182,2018,47,-77,1
182,2018,47,-75,3
182,2018,47,-71,3
182,2018,47,-67,1
182,2018,47,-65,1
182,2018,47,-63,7
182,2018,47,-61,10
182,2018,47,-59,1
182,2018,47,-53,7
182,2018,47,-3,1
182,2018,47,-1,2
182,2018,47,1,3
182,2018,47,3,3
182,2018,47,7,4
182,2018,47,9,2
182,2018,47,11,4
182,2018,47,13,4
182,2018,47,15,1
182,2018,49,-125,3
182,2018,49,-123,39
182,2018,49,-121,11
182,2018,49,-119,1
182,2018,49,-115,3
182,2018,49,-113,3
182,2018,49,-97,12
182,2018,49,-95,7
182,2018,49,-93,10
182,2018,49,-89,4
182,2018,49,-81,6
182,2018,49,-79,4
182,2018,49,-77,3
182,2018,49,-69,1
182,2018,49,-67,1
182,2018,49,-53,1
182,2018,49,-1,1
182,2018,49,1,1
182,2018,49,3,4
182,2018,49,5,3
182,2018,49,7,6
182,2018,49,9,12
182,2018,49,15,1
182,2018,49,17,3
182,2018,49,19,3
182,2018,49,21,1
182,2018,49,39,1
182,2018,51,-125,1
182,2018,51,-115,4
182,2018,51,-113,1
182,2018,51,-107,1
182,2018,51,-101,1
182,2018,51,-97,9
182,2018,51,-93,2
182,2018,51,-3,2
182,2018,51,-1,11
182,2018,51,1,2
182,2018,51,3,4
182,2018,51,5,5
182,2018,51,9,1
182,2018,51,13,1
182,2018,51,15,2
182,2018,51,17,2
182,2018,51,31,1
182,2018,53,-119,4
182,2018,53,-117,3
182,2018,53,-115,3
182,2018,53,-113,6
182,2018,53,-109,7
182,2018,53,-107,1
182,2018,53,-103,1
182,2018,53,-79,8
182,2018,53,-1,1
182,2018,53,1,4
182,2018,53,9,2
182,2018,53,11,2
182,2018,53,13,2
182,2018,53,15,1
182,2018,55,-101,1
182,2018,55,-1,1
182,2018,55,9,2
182,2018,55,13,4
182,2018,57,-117,4
182,2018,57,9,1
182,2018,57,11,5
182,2018,57,13,5
182,2018,57,15,1
182,2018,57,17,1
182,2018,59,17,1
182,2018,61,-149,2
182,2018,61,5,1
182,2018,61,11,1
182,2018,61,25,1
182,2018,63,-151,3
182,2018,63,-137,4
182,2018,63,-115,1
182,2018,65,-149,1
182,2018,65,-147,2
182,2018,65,-139,3
189,2015,1,103,1
189,2015,15,-97,6
189,2015,15,-93,5
189,2015,15,-87,1
189,2015,17,-95,101
189,2015,17,-93,45
189,2015,17,-91,1
189,2015,19,-105,2
189,2015,19,-99,21
189,2015,19,-97,16
189,2015,19,-95,2
189,2015,19,-91,2
189,2015,21,-105,2
189,2015,21,-103,1
189,2015,21,-101,11
189,2015,21,-99,7
189,2015,21,-97,3
189,2015,23,-107,3
189,2015,23,121,1
189,2015,25,-101,2
189,2015,25,-99,2
189,2015,27,-101,3
189,2015,27,-99,7
189,2015,27,-97,1
189,2015,27,-83,1
189,2015,27,-81,2
189,2015,29,-101,3
189,2015,29,-99,8
189,2015,29,-97,4
189,2015,29,-95,10
189,2015,29,-81,3
189,2015,31,-117,1
189,2015,31,-111,1
189,2015,31,-105,9
189,2015,31,-103,1
189,2015,31,-99,1
189,2015,31,-97,39
189,2015,31,-95,4
189,2015,31,-91,1
189,2015,31,-89,2
189,2015,31,-87,8
189,2015,33,-119,17
189,2015,33,-117,6
189,2015,33,-111,3
189,2015,33,-107,1
189,2015,33,-101,2
189,2015,33,-99,17
189,2015,33,-97,25
189,2015,33,-95,1
189,2015,33,-87,1
189,2015,33,-85,3
189,2015,33,-83,15
189,2015,33,-79,2
189,2015,33,-65,1
189,2015,35,-119,19
189,2015,35,-117,1
189,2015,35,-113,1
189,2015,35,-111,1
189,2015,35,-107,1
189,2015,35,-99,1
189,2015,35,-93,1
189,2015,35,-87,1
189,2015,35,-85,18
189,2015,35,-83,9
189,2015,35,-81,1
189,2015,35,-79,7
189,2015,35,-75,1
189,2015,37,-123,25
189,2015,37,-121,22
189,2015,37,-119,10
189,2015,37,-113,4
189,2015,37,-107,2
189,2015,37,-105,1
189,2015,37,-99,1
189,2015,37,-97,37
189,2015,37,-95,2
189,2015,37,-87,3
189,2015,37,-83,5
189,2015,37,-79,2
189,2015,37,-77,7
189,2015,39,-123,18
189,2015,39,-121,54
189,2015,39,-119,3
189,2015,39,-105,3
189,2015,39,-89,4
189,2015,39,-85,17
189,2015,39,-83,2
189,2015,39,-79,9
189,2015,39,-77,23
189,2015,39,-75,3
189,2015,41,-121,1
189,2015,41,-111,2
189,2015,41,-107,1
189,2015,41,-105,4
189,2015,41,-97,1
189,2015,41,-89,1
189,2015,41,-87,24
189,2015,41,-85,2
189,2015,41,-83,10
189,2015,41,-81,24
189,2015,41,-79,8
189,2015,41,-77,6
189,2015,41,-75,9
189,2015,41,-73,15
189,2015,41,-71,3
189,2015,41,1,2
189,2015,43,-113,1
189,2015,43,-91,5
189,2015,43,-89,8
189,2015,43,-87,4
189,2015,43,-85,12
189,2015,43,-83,1
189,2015,43,-81,14
189,2015,43,-79,7
189,2015,43,-77,3
189,2015,43,-75,1
189,2015,43,-73,61
189,2015,43,-71,26
189,2015,43,17,1
189,2015,45,-123,2
189,2015,45,-117,1
189,2015,45,-95,2
189,2015,45,-93,8
189,2015,45,-91,19
189,2015,45,-81,17
189,2015,45,-79,56
189,2015,45,-77,11
189,2015,45,-75,8
189,2015,45,-73,23
189,2015,45,-69,16
189,2015,45,-67,8
189,2015,45,-65,4
189,2015,45,7,1
189,2015,45,9,2
189,2015,45,15,1
189,2015,47,-123,2
189,2015,47,-121,3
189,2015,47,-117,2
189,2015,47,-115,2
189,2015,47,-97,1
189,2015,47,-93,1
189,2015,47,-91,4
189,2015,47,-87,1
189,2015,47,-85,3
189,2015,47,-83,1
189,2015,47,-81,3
189,2015,47,-79,22
189,2015,47,-73,2
189,2015,47,-65,3
189,2015,47,-61,3
189,2015,49,-123,3
189,2015,49,-121,1
189,2015,49,-115,1
189,2015,49,-97,2
189,2015,51,-97,1
189,2015,51,7,1
189,2015,51,13,1
189,2015,53,-113,1
189,2015,53,-107,1
189,2015,53,5,1
189,2015,53,11,1
189,2015,55,29,1
189,2015,55,37,2
189,2015,63,-127,2
189,2016,9,-83,1
189,2016,9,-79,3
189,2016,11,-85,4
189,2016,15,-97,17
189,2016,15,-93,1
189,2016,17,-97,5
189,2016,17,-93,10
189,2016,19,-105,1
189,2016,19,-101,1
189,2016,19,-99,11
189,2016,19,-97,11
189,2016,19,-95,7
189,2016,19,-89,3
189,2016,19,-71,6
189,2016,19,99,4
189,2016,21,-105,2
189,2016,21,-103,2
189,2016,21,-101,7
189,2016,21,-99,27
189,2016,21,-97,3
189,2016,21,-89,1
189,2016,21,99,3
189,2016,21,101,1
189,2016,23,-107,4
189,2016,23,-99,2
189,2016,23,115,3
189,2016,25,-109,1
189,2016,25,-103,2
189,2016,25,-101,41
189,2016,25,-99,7
189,2016,25,-81,1
189,2016,27,-99,12
189,2016,27,-83,15
189,2016,27,-81,3
189,2016,29,-101,1
189,2016,29,-99,8
189,2016,29,-97,7
189,2016,29,-95,16
189,2016,29,-91,2
189,2016,29,-83,3
189,2016,29,-81,16
189,2016,31,-97,20
189,2016,31,-95,5
189,2016,31,-89,4
189,2016,31,-87,1
189,2016,31,-85,1
189,2016,31,-81,2
189,2016,33,-119,2
189,2016,33,-117,66
189,2016,33,-105,2
189,2016,33,-99,1
189,2016,33,-97,36
189,2016,33,-95,1
189,2016,33,-93,3
189,2016,33,-89,3
189,2016,33,-87,1
189,2016,33,-85,1
189,2016,33,-83,4
189,2016,33,-81,2
189,2016,33,-79,3
189,2016,33,35,1
189,2016,35,-121,2
189,2016,35,-119,34
189,2016,35,-117,2
189,2016,35,-107,2
189,2016,35,-101,1
189,2016,35,-97,5
189,2016,35,-93,5
189,2016,35,-89,1
189,2016,35,-87,13
189,2016,35,-85,3
189,2016,35,-83,12
189,2016,35,-81,14
189,2016,35,-79,8
189,2016,35,73,1
189,2016,37,-123,31
189,2016,37,-121,22
189,2016,37,-119,13
189,2016,37,-115,6
189,2016,37,-113,1
189,2016,37,-107,2
189,2016,37,-97,2
189,2016,37,-95,5
189,2016,37,-93,1
189,2016,37,-91,1
189,2016,37,-87,3
189,2016,37,-83,1
189,2016,37,-81,3
189,2016,37,-79,7
189,2016,37,-77,7
189,2016,37,-5,1
189,2016,39,-123,23
189,2016,39,-121,45
189,2016,39,-119,1
189,2016,39,-109,31
189,2016,39,-107,3
189,2016,39,-105,27
189,2016,39,-97,1
189,2016,39,-91,7
189,2016,39,-89,3
189,2016,39,-85,16
189,2016,39,-83,5
189,2016,39,-79,12
189,2016,39,-77,37
189,2016,39,-75,5
189,2016,41,-123,2
189,2016,41,-121,1
189,2016,41,-119,2
189,2016,41,-115,2
189,2016,41,-113,2
189,2016,41,-111,11
189,2016,41,-107,2
189,2016,41,-105,9
189,2016,41,-97,1
189,2016,41,-89,3
189,2016,41,-87,16
189,2016,41,-85,5
189,2016,41,-83,3
189,2016,41,-81,25
189,2016,41,-79,6
189,2016,41,-77,8
189,2016,41,-75,18
189,2016,41,-73,10
189,2016,41,-71,3
189,2016,41,-69,1
189,2016,41,-9,1
189,2016,41,-7,1
189,2016,41,3,1
189,2016,41,9,4
189,2016,41,13,3
189,2016,41,21,1
189,2016,43,-123,2
189,2016,43,-121,1
189,2016,43,-119,1
189,2016,43,-115,1
189,2016,43,-103,1
189,2016,43,-89,6
189,2016,43,-87,3
189,2016,43,-85,8
189,2016,43,-83,1
189,2016,43,-81,6
189,2016,43,-79,25
189,2016,43,-77,4
189,2016,43,-73,19
189,2016,43,-71,33
189,2016,43,11,1
189,2016,45,-123,2
189,2016,45,-111,1
189,2016,45,-103,1
189,2016,45,-97,3
189,2016,45,-95,2
189,2016,45,-93,13
189,2016,45,-91,1
189,2016,45,-89,1
189,2016,45,-85,5
189,2016,45,-81,6
189,2016,45,-79,8
189,2016,45,-77,18
189,2016,45,-75,10
189,2016,45,-73,34
189,2016,45,-71,9
189,2016,45,-69,1
189,2016,45,-65,3
189,2016,45,7,1
189,2016,45,9,2
189,2016,45,13,2
189,2016,45,21,1
189,2016,47,-125,2
189,2016,47,-123,3
189,2016,47,-121,2
189,2016,47,-117,4
189,2016,47,-115,1
189,2016,47,-113,4
189,2016,47,-101,2
189,2016,47,-91,8
189,2016,47,-87,1
189,2016,47,-85,2
189,2016,47,-83,2
189,2016,47,-61,4
189,2016,47,9,1
189,2016,47,13,1
189,2016,49,-125,1
189,2016,49,-123,3
189,2016,49,-113,1
189,2016,49,-105,1
189,2016,49,-97,1
189,2016,49,-95,1
189,2016,49,-93,1
189,2016,49,-89,1
189,2016,49,-83,1
189,2016,49,-81,1
189,2016,49,-79,2
189,2016,49,9,1
189,2016,51,-105,1
189,2016,51,-97,1
189,2016,51,-93,3
189,2016,51,5,1
189,2016,51,7,2
189,2016,51,13,2
189,2016,53,-119,2
189,2016,53,7,1
189,2016,63,-151,1
189,2016,65,-165,3
189,2016,65,-147,1
189,2017,-33,153,1
189,2017,-29,147,1
189,2017,-27,31,1
189,2017,-25,17,2
189,2017,1,103,10
189,2017,5,-75,1
189,2017,7,81,1
189,2017,9,-85,37
189,2017,9,-83,2
189,2017,9,-75,2
189,2017,11,-85,25
189,2017,11,-83,1
189,2017,11,77,5
189,2017,13,-85,20
189,2017,13,77,1
189,2017,13,145,1
189,2017,15,-97,39
189,2017,15,-91,2
189,2017,15,-89,1
189,2017,17,-99,1
189,2017,17,-97,8
189,2017,17,-93,26
189,2017,17,-91,5
189,2017,17,-67,1
189,2017,17,121,1
189,2017,19,-103,3
189,2017,19,-101,1
189,2017,19,-99,16
189,2017,19,-97,22
189,2017,19,-95,12
189,2017,19,-91,1
189,2017,19,-67,2
189,2017,21,-105,3
189,2017,21,-103,2
189,2017,21,-101,3
189,2017,21,-99,13
189,2017,21,-97,14
189,2017,21,-89,4
189,2017,21,-87,3
189,2017,21,73,2
189,2017,23,-107,11
189,2017,23,-101,1
189,2017,23,-99,32
189,2017,25,-101,12
189,2017,25,-99,8
189,2017,25,-81,8
189,2017,25,121,1
189,2017,27,-109,1
189,2017,27,-101,3
189,2017,27,-99,15
189,2017,27,-97,9
189,2017,27,-83,2
189,2017,27,-81,27
189,2017,29,-111,3
189,2017,29,-105,1
189,2017,29,-103,1
189,2017,29,-101,11
189,2017,29,-99,7
189,2017,29,-97,4
189,2017,29,-95,27
189,2017,29,-91,3
189,2017,29,-83,7
189,2017,29,-81,19
189,2017,31,-115,1
189,2017,31,-111,7
189,2017,31,-109,7
189,2017,31,-105,2
189,2017,31,-103,7
189,2017,31,-99,4
189,2017,31,-97,29
189,2017,31,-95,36
189,2017,31,-93,4
189,2017,31,-91,5
189,2017,31,-89,3
189,2017,31,-87,4
189,2017,31,-85,4
189,2017,31,-83,2
189,2017,31,-81,1
189,2017,33,-119,23
189,2017,33,-117,56
189,2017,33,-113,1
189,2017,33,-111,13
189,2017,33,-109,9
189,2017,33,-107,3
189,2017,33,-99,7
189,2017,33,-97,61
189,2017,33,-95,5
189,2017,33,-93,14
189,2017,33,-89,1
189,2017,33,-87,10
189,2017,33,-85,30
189,2017,33,-83,1
189,2017,33,-81,2
189,2017,33,-79,1
189,2017,33,-77,1
189,2017,35,-121,2
189,2017,35,-119,55
189,2017,35,-117,17
189,2017,35,-113,3
189,2017,35,-111,2
189,2017,35,-107,4
189,2017,35,-105,1
189,2017,35,-101,1
189,2017,35,-97,4
189,2017,35,-95,4
189,2017,35,-93,3
189,2017,35,-89,2
189,2017,35,-87,7
189,2017,35,-85,9
189,2017,35,-83,25
189,2017,35,-81,10
189,2017,35,-79,25
189,2017,35,-77,3
189,2017,35,-75,20
189,2017,37,-123,72
189,2017,37,-121,16
189,2017,37,-119,26
189,2017,37,-115,13
189,2017,37,-113,3
189,2017,37,-107,9
189,2017,37,-105,8
189,2017,37,-103,1
189,2017,37,-99,2
189,2017,37,-97,1
189,2017,37,-95,5
189,2017,37,-93,10
189,2017,37,-89,10
189,2017,37,-87,16
189,2017,37,-85,2
189,2017,37,-83,10
189,2017,37,-81,8
189,2017,37,-79,14
189,2017,37,-77,16
189,2017,37,127,2
189,2017,39,-123,29
189,2017,39,-121,43
189,2017,39,-119,9
189,2017,39,-107,1
189,2017,39,-105,23
189,2017,39,-95,3
189,2017,39,-93,12
189,2017,39,-91,4
189,2017,39,-89,3
189,2017,39,-87,7
189,2017,39,-85,41
189,2017,39,-83,33
189,2017,39,-81,1
189,2017,39,-79,15
189,2017,39,-77,111
189,2017,39,-75,24
189,2017,39,3,1
189,2017,41,-125,2
189,2017,41,-123,4
189,2017,41,-121,4
189,2017,41,-111,10
189,2017,41,-107,3
189,2017,41,-105,15
189,2017,41,-97,2
189,2017,41,-95,2
189,2017,41,-93,7
189,2017,41,-91,1
189,2017,41,-89,13
189,2017,41,-87,54
189,2017,41,-85,6
189,2017,41,-83,23
189,2017,41,-81,74
189,2017,41,-79,9
189,2017,41,-77,10
189,2017,41,-75,64
189,2017,41,-73,42
189,2017,41,-71,7
189,2017,41,-1,1
189,2017,41,15,3
189,2017,41,19,1
189,2017,41,21,1
189,2017,41,23,1
189,2017,43,-123,14
189,2017,43,-121,1
189,2017,43,-119,3
189,2017,43,-117,2
189,2017,43,-113,10
189,2017,43,-107,2
189,2017,43,-103,1
189,2017,43,-99,1
189,2017,43,-97,2
189,2017,43,-95,2
189,2017,43,-91,4
189,2017,43,-89,29
189,2017,43,-87,6
189,2017,43,-85,9
189,2017,43,-83,12
189,2017,43,-81,93
189,2017,43,-79,28
189,2017,43,-77,14
189,2017,43,-75,2
189,2017,43,-73,48
189,2017,43,-71,28
189,2017,43,-69,1
189,2017,43,-3,2
189,2017,43,3,1
189,2017,45,-125,1
189,2017,45,-123,4
189,2017,45,-121,1
189,2017,45,-111,26
189,2017,45,-109,2
189,2017,45,-103,1
189,2017,45,-101,1
189,2017,45,-97,1
189,2017,45,-95,3
189,2017,45,-93,58
189,2017,45,-91,1
189,2017,45,-89,2
189,2017,45,-87,1
189,2017,45,-85,1
189,2017,45,-81,14
189,2017,45,-79,46
189,2017,45,-77,43
189,2017,45,-75,33
189,2017,45,-73,44
189,2017,45,-71,23
189,2017,45,-69,1
189,2017,45,-65,5
189,2017,45,-63,1
189,2017,45,-1,1
189,2017,45,1,1
189,2017,45,7,1
189,2017,45,11,7
189,2017,47,-123,10
189,2017,47,-121,2
189,2017,47,-117,3
189,2017,47,-113,1
189,2017,47,-101,3
189,2017,47,-97,7
189,2017,47,-95,2
189,2017,47,-93,2
189,2017,47,-91,7
189,2017,47,-85,2
189,2017,47,-83,7
189,2017,47,-81,2
189,2017,47,-79,2
189,2017,47,-75,1
189,2017,47,-71,5
189,2017,47,-67,1
189,2017,47,-65,3
189,2017,47,-61,1
189,2017,47,9,1
189,2017,49,-123,3
189,2017,49,-121,3
189,2017,49,-117,6
189,2017,49,-115,9
189,2017,49,-113,17
189,2017,49,-97,3
189,2017,49,-93,2
189,2017,49,-91,1
189,2017,49,-89,4
189,2017,49,-83,13
189,2017,49,-81,3
189,2017,49,-67,1
189,2017,49,-57,1
189,2017,49,1,2
189,2017,49,7,4
189,2017,49,9,3
189,2017,49,19,1
189,2017,51,-115,1
189,2017,51,-113,3
189,2017,51,-105,2
189,2017,51,-93,4
189,2017,51,-1,1
189,2017,51,5,1
189,2017,51,7,2
189,2017,51,9,8
189,2017,51,13,1
189,2017,53,-113,2
189,2017,53,-107,3
189,2017,53,1,1
189,2017,57,17,1
189,2017,59,-123,2
189,2017,61,-151,1
189,2017,61,-149,1
189,2017,61,-137,1
189,2017,63,-115,10
189,2017,63,7,1
189,2017,65,-147,1
189,2017,71,-79,1
189,2018,-35,23,1
189,2018,-33,23,1
189,2018,-29,-49,2
189,2018,-29,33,1
189,2018,-27,153,1
189,2018,-25,-49,1
189,2018,-19,17,1
189,2018,-15,27,6
189,2018,-9,-55,3
189,2018,-3,35,1
189,2018,1,103,15
189,2018,1,111,1
189,2018,3,101,1
189,2018,9,-85,3
189,2018,9,-83,4
189,2018,9,-81,11
189,2018,9,-79,4
189,2018,11,-85,1
189,2018,13,-87,1
189,2018,13,77,1
189,2018,15,-97,17
189,2018,15,-91,6
189,2018,15,-87,1
189,2018,15,-61,1
189,2018,15,77,1
189,2018,17,-101,2
189,2018,17,-97,4
189,2018,17,-95,1
189,2018,17,-93,8
189,2018,17,-89,2
189,2018,19,-105,5
189,2018,19,-103,10
189,2018,19,-101,1
189,2018,19,-99,47
189,2018,19,-97,53
189,2018,19,-95,1
189,2018,19,-93,3
189,2018,19,-89,6
189,2018,19,-77,1
189,2018,19,-75,10
189,2018,19,-65,1
189,2018,19,73,2
189,2018,19,83,1
189,2018,21,-105,12
189,2018,21,-103,10
189,2018,21,-101,4
189,2018,21,-99,8
189,2018,21,-97,3
189,2018,21,-89,4
189,2018,21,-87,9
189,2018,21,101,1
189,2018,23,-107,4
189,2018,23,-105,1
189,2018,23,-101,1
189,2018,23,-99,6
189,2018,23,-81,1
189,2018,23,-75,8
189,2018,23,113,1
189,2018,23,115,4
189,2018,23,121,4
189,2018,25,-107,2
189,2018,25,-103,1
189,2018,25,-101,37
189,2018,25,-99,5
189,2018,25,-97,2
189,2018,25,-81,21
189,2018,25,121,1
189,2018,27,-101,2
189,2018,27,-99,43
189,2018,27,-97,29
189,2018,27,-83,11
189,2018,27,-81,19
189,2018,29,-105,2
189,2018,29,-101,1
189,2018,29,-99,19
189,2018,29,-97,5
189,2018,29,-95,78
189,2018,29,-93,1
189,2018,29,-91,6
189,2018,29,-83,33
189,2018,29,-81,82
189,2018,29,-17,1
189,2018,29,-15,1
189,2018,31,-117,1
189,2018,31,-111,68
189,2018,31,-109,2
189,2018,31,-103,8
189,2018,31,-99,5
189,2018,31,-97,50
189,2018,31,-95,17
189,2018,31,-93,13
189,2018,31,-91,20
189,2018,31,-89,19
189,2018,31,-87,7
189,2018,31,-85,4
189,2018,31,-83,6
189,2018,31,-81,7
189,2018,33,-119,31
189,2018,33,-117,71
189,2018,33,-115,2
189,2018,33,-111,14
189,2018,33,-105,2
189,2018,33,-103,1
189,2018,33,-101,8
189,2018,33,-99,3
189,2018,33,-97,137
189,2018,33,-95,2
189,2018,33,-93,7
189,2018,33,-91,2
189,2018,33,-89,7
189,2018,33,-87,10
189,2018,33,-85,39
189,2018,33,-83,6
189,2018,33,-81,4
189,2018,33,-79,7
189,2018,35,-121,1
189,2018,35,-119,51
189,2018,35,-117,22
189,2018,35,-111,4
189,2018,35,-107,2
189,2018,35,-105,1
189,2018,35,-103,3
189,2018,35,-97,9
189,2018,35,-95,47
189,2018,35,-93,4
189,2018,35,-91,6
189,2018,35,-89,25
189,2018,35,-87,23
189,2018,35,-85,18
189,2018,35,-83,55
189,2018,35,-81,29
189,2018,35,-79,50
189,2018,35,-77,5
189,2018,35,-75,3
189,2018,35,27,1
189,2018,37,-123,120
189,2018,37,-121,48
189,2018,37,-119,14
189,2018,37,-117,1
189,2018,37,-115,1
189,2018,37,-109,1
189,2018,37,-107,4
189,2018,37,-99,5
189,2018,37,-97,12
189,2018,37,-95,19
189,2018,37,-93,10
189,2018,37,-91,12
189,2018,37,-89,6
189,2018,37,-87,35
189,2018,37,-85,16
189,2018,37,-83,2
189,2018,37,-81,29
189,2018,37,-79,63
189,2018,37,-77,28
189,2018,37,-75,6
189,2018,37,35,2
189,2018,37,127,2
189,2018,37,141,1
189,2018,39,-123,30
189,2018,39,-121,28
189,2018,39,-119,6
189,2018,39,-115,2
189,2018,39,-109,1
189,2018,39,-107,5
189,2018,39,-105,25
189,2018,39,-103,1
189,2018,39,-97,2
189,2018,39,-95,9
189,2018,39,-93,18
189,2018,39,-91,19
189,2018,39,-89,11
189,2018,39,-87,19
189,2018,39,-85,87
189,2018,39,-83,36
189,2018,39,-81,4
189,2018,39,-79,28
189,2018,39,-77,157
189,2018,39,-75,29
189,2018,39,-3,1
189,2018,39,1,1
189,2018,41,-125,3
189,2018,41,-123,3
189,2018,41,-121,9
189,2018,41,-115,1
189,2018,41,-113,1
189,2018,41,-111,43
189,2018,41,-107,1
189,2018,41,-105,60
189,2018,41,-101,2
189,2018,41,-97,11
189,2018,41,-95,4
189,2018,41,-93,2
189,2018,41,-91,4
189,2018,41,-89,56
189,2018,41,-87,62
189,2018,41,-85,9
189,2018,41,-83,67
189,2018,41,-81,155
189,2018,41,-79,24
189,2018,41,-77,20
189,2018,41,-75,54
189,2018,41,-73,86
189,2018,41,-71,21
189,2018,41,-69,2
189,2018,41,-7,1
189,2018,41,3,1
189,2018,41,9,1
189,2018,41,13,3
189,2018,41,15,2
189,2018,41,23,3
189,2018,41,45,4
189,2018,43,-123,6
189,2018,43,-121,1
189,2018,43,-113,6
189,2018,43,-111,1
189,2018,43,-97,3
189,2018,43,-95,1
189,2018,43,-93,4
189,2018,43,-91,6
189,2018,43,-89,47
189,2018,43,-87,27
189,2018,43,-85,41
189,2018,43,-83,22
189,2018,43,-81,170
189,2018,43,-79,104
189,2018,43,-77,53
189,2018,43,-75,7
189,2018,43,-73,96
189,2018,43,-71,53
189,2018,43,-3,2
189,2018,43,-1,2
189,2018,43,1,2
189,2018,43,3,1
189,2018,43,5,1
189,2018,43,7,1
189,2018,43,9,1
189,2018,43,11,1
189,2018,43,13,1
189,2018,45,-125,2
189,2018,45,-123,28
189,2018,45,-121,16
189,2018,45,-119,1
189,2018,45,-117,2
189,2018,45,-111,3
189,2018,45,-107,4
189,2018,45,-101,2
189,2018,45,-97,1
189,2018,45,-95,2
189,2018,45,-93,81
189,2018,45,-89,27
189,2018,45,-87,19
189,2018,45,-85,17
189,2018,45,-83,1
189,2018,45,-81,91
189,2018,45,-79,111
189,2018,45,-77,125
189,2018,45,-75,34
189,2018,45,-73,66
189,2018,45,-71,11
189,2018,45,-69,12
189,2018,45,-67,4
189,2018,45,-65,6
189,2018,45,-63,6
189,2018,45,-61,2
189,2018,45,-1,1
189,2018,45,3,3
189,2018,45,7,5
189,2018,45,9,5
189,2018,45,11,1
189,2018,47,-123,28
189,2018,47,-121,3
189,2018,47,-117,1
189,2018,47,-115,5
189,2018,47,-101,1
189,2018,47,-99,1
189,2018,47,-97,2
189,2018,47,-93,6
189,2018,47,-91,34
189,2018,47,-87,19
189,2018,47,-85,7
189,2018,47,-83,2
189,2018,47,-81,14
189,2018,47,-79,7
189,2018,47,-77,5
189,2018,47,-75,2
189,2018,47,-71,1
189,2018,47,-69,1
189,2018,47,-65,4
189,2018,47,-63,5
189,2018,47,-61,3
189,2018,47,-53,1
189,2018,47,-3,1
189,2018,47,3,2
189,2018,47,5,2
189,2018,47,7,3
189,2018,47,9,6
189,2018,47,11,1
189,2018,47,13,1
189,2018,47,15,4
189,2018,47,131,1
189,2018,49,-125,6
189,2018,49,-123,17
189,2018,49,-121,14
189,2018,49,-119,4
189,2018,49,-117,5
189,2018,49,-115,3
189,2018,49,-103,1
189,2018,49,-101,1
189,2018,49,-97,21
189,2018,49,-95,9
189,2018,49,-93,4
189,2018,49,-91,2
189,2018,49,-89,17
189,2018,49,-87,1
189,2018,49,-81,3
189,2018,49,-79,3
189,2018,49,-65,1
189,2018,49,-3,3
189,2018,49,3,1
189,2018,49,7,7
189,2018,49,9,4
189,2018,49,11,2
189,2018,49,21,1
189,2018,51,-107,2
189,2018,51,-103,1
189,2018,51,-101,1
189,2018,51,-99,4
189,2018,51,-97,2
189,2018,51,-95,4
189,2018,51,-93,4
189,2018,51,-81,3
189,2018,51,-77,3
189,2018,51,-3,1
189,2018,51,-1,8
189,2018,51,1,7
189,2018,51,3,3
189,2018,51,5,8
189,2018,51,7,3
189,2018,51,55,1
189,2018,53,-117,2
189,2018,53,-113,2
189,2018,53,-77,1
189,2018,53,-59,1
189,2018,53,-3,5
189,2018,53,-1,2
189,2018,53,5,2
189,2018,53,7,2
189,2018,53,9,1
189,2018,53,11,2
189,2018,55,-113,1
189,2018,55,-97,4
189,2018,55,-1,1
189,2018,55,9,1
189,2018,55,13,3
189,2018,55,23,1
189,2018,55,37,1
189,2018,55,39,1
189,2018,57,-95,2
189,2018,57,11,26
189,2018,59,11,1
189,2018,59,19,1
189,2018,61,-151,1
189,2018,61,-139,1
189,2018,61,-135,1
189,2018,61,-129,2
189,2018,61,31,1
189,2018,63,-129,2
189,2018,63,-105,2
189,2018,63,27,1
189,2018,67,-137,1
189,2018,71,-125,1
196,2015,-33,23,1
196,2015,-29,31,1
196,2015,-25,25,9
196,2015,-3,35,1
196,2015,9,-85,2
196,2015,11,-83,4
196,2015,15,-97,26
196,2015,15,-93,2
196,2015,17,-99,2
196,2015,17,-97,6
196,2015,17,-95,7
196,2015,17,-93,6
196,2015,17,-91,3
196,2015,19,-99,5
196,2015,19,-97,24
196,2015,19,-89,2
196,2015,19,73,1
196,2015,21,-105,4
196,2015,21,-101,14
196,2015,21,-99,4
196,2015,21,-97,8
196,2015,21,-89,1
196,2015,21,-87,1
196,2015,23,-107,20
196,2015,25,-101,5
196,2015,25,-99,1
196,2015,25,-81,3
196,2015,27,-101,1
196,2015,27,-99,11
196,2015,27,-97,1
196,2015,27,-81,21
196,2015,29,-103,1
196,2015,29,-99,4
196,2015,29,-97,16
196,2015,29,-95,16
196,2015,29,-83,1
196,2015,31,-111,4
196,2015,31,-109,1
196,2015,31,-103,4
196,2015,31,-99,3
196,2015,31,-97,25
196,2015,31,-95,5
196,2015,31,-93,5
196,2015,31,-91,5
196,2015,31,-87,6
196,2015,33,-119,17
196,2015,33,-117,17
196,2015,33,-111,1
196,2015,33,-103,1
196,2015,33,-99,4
196,2015,33,-97,55
196,2015,33,-85,1
196,2015,33,-81,1
196,2015,33,-79,1
196,2015,33,-65,1
196,2015,35,-121,3
196,2015,35,-119,39
196,2015,35,-117,5
196,2015,35,-115,1
196,2015,35,-109,1
196,2015,35,-107,1
196,2015,35,-97,4
196,2015,35,-93,2
196,2015,35,-89,1
196,2015,35,-87,7
196,2015,35,-85,3
196,2015,35,-83,5
196,2015,35,-81,1
196,2015,35,-79,10
196,2015,37,-123,39
196,2015,37,-121,11
196,2015,37,-119,3
196,2015,37,-111,3
196,2015,37,-107,8
196,2015,37,-97,7
196,2015,37,-95,4
196,2015,37,-87,13
196,2015,37,-83,3
196,2015,37,-81,6
196,2015,37,-79,10
196,2015,37,-77,4
196,2015,39,-123,71
196,2015,39,-121,51
196,2015,39,-119,4
196,2015,39,-105,4
196,2015,39,-93,3
196,2015,39,-91,1
196,2015,39,-89,7
196,2015,39,-87,19
196,2015,39,-85,16
196,2015,39,-83,2
196,2015,39,-79,3
196,2015,39,-77,34
196,2015,39,-75,3
196,2015,41,-125,1
196,2015,41,-123,11
196,2015,41,-121,17
196,2015,41,-111,4
196,2015,41,-107,2
196,2015,41,-105,2
196,2015,41,-89,7
196,2015,41,-87,16
196,2015,41,-85,1
196,2015,41,-83,19
196,2015,41,-81,28
196,2015,41,-79,5
196,2015,41,-77,2
196,2015,41,-75,9
196,2015,41,-73,5
196,2015,41,-71,8
196,2015,41,23,1
196,2015,43,-123,8
196,2015,43,-121,8
196,2015,43,-113,1
196,2015,43,-97,1
196,2015,43,-93,1
196,2015,43,-89,4
196,2015,43,-87,4
196,2015,43,-83,20
196,2015,43,-81,3
196,2015,43,-79,19
196,2015,43,-77,1
196,2015,43,-73,66
196,2015,43,-71,5
196,2015,45,-123,2
196,2015,45,-119,1
196,2015,45,-117,2
196,2015,45,-95,1
196,2015,45,-93,5
196,2015,45,-91,8
196,2015,45,-89,1
196,2015,45,-85,3
196,2015,45,-81,1
196,2015,45,-79,7
196,2015,45,-77,12
196,2015,45,-75,4
196,2015,45,-73,18
196,2015,45,-69,1
196,2015,45,-65,2
196,2015,45,-61,1
196,2015,45,7,1
196,2015,45,25,1
196,2015,47,-121,3
196,2015,47,-117,1
196,2015,47,-95,3
196,2015,47,-91,4
196,2015,47,-85,1
196,2015,47,-81,2
196,2015,47,-79,2
196,2015,47,-71,1
196,2015,47,-65,3
196,2015,47,13,1
196,2015,49,-123,5
196,2015,49,-121,1
196,2015,49,3,1
196,2015,49,7,1
196,2015,51,-125,1
196,2015,51,-101,1
196,2015,51,7,3
196,2015,51,13,1
196,2015,51,23,1
196,2015,53,11,1
196,2015,55,13,1
196,2016,-35,19,1
196,2016,-29,31,1
196,2016,-25,27,3
196,2016,-23,29,3
196,2016,-9,115,1
196,2016,1,103,1
196,2016,7,3,1
196,2016,9,-85,3
196,2016,9,-79,6
196,2016,11,-87,1
196,2016,11,-85,1
196,2016,11,-83,1
196,2016,13,-89,1
196,2016,13,75,1
196,2016,15,-97,10
196,2016,15,-95,4
196,2016,15,101,2
196,2016,17,-101,1
196,2016,17,-97,6
196,2016,17,-93,24
196,2016,17,-91,3
196,2016,17,-89,1
196,2016,17,99,2
196,2016,19,-105,3
196,2016,19,-101,2
196,2016,19,-99,36
196,2016,19,-97,23
196,2016,19,-95,11
196,2016,19,-89,8
196,2016,19,-71,2
196,2016,21,-105,18
196,2016,21,-103,4
196,2016,21,-101,5
196,2016,21,-99,23
196,2016,21,-91,2
196,2016,21,-87,2
196,2016,21,75,1
196,2016,23,-107,6
196,2016,23,-101,1
196,2016,23,115,4
196,2016,25,-109,1
196,2016,25,-103,1
196,2016,25,-101,71
196,2016,25,-99,1
196,2016,27,-113,1
196,2016,27,-101,3
196,2016,27,-99,25
196,2016,27,-97,19
196,2016,27,-83,2
196,2016,27,-81,1
196,2016,27,91,1
196,2016,29,-101,2
196,2016,29,-99,8
196,2016,29,-97,5
196,2016,29,-95,10
196,2016,29,-93,1
196,2016,29,-91,1
196,2016,29,-85,1
196,2016,29,-83,1
196,2016,29,-81,3
196,2016,31,-111,4
196,2016,31,-109,4
196,2016,31,-103,1
196,2016,31,-99,6
196,2016,31,-97,34
196,2016,31,-95,11
196,2016,31,-93,1
196,2016,31,-91,1
196,2016,31,-85,5
196,2016,31,-83,6
196,2016,31,79,1
196,2016,33,-119,11
196,2016,33,-117,34
196,2016,33,-115,1
196,2016,33,-111,7
196,2016,33,-109,3
196,2016,33,-97,59
196,2016,33,-93,1
196,2016,33,-89,1
196,2016,33,-87,2
196,2016,33,-83,9
196,2016,33,-81,1
196,2016,35,-121,1
196,2016,35,-119,12
196,2016,35,-117,7
196,2016,35,-107,8
196,2016,35,-97,16
196,2016,35,-95,2
196,2016,35,-93,8
196,2016,35,-89,2
196,2016,35,-85,5
196,2016,35,-83,6
196,2016,35,-81,6
196,2016,35,-79,8
196,2016,35,-77,9
196,2016,37,-123,35
196,2016,37,-121,12
196,2016,37,-115,1
196,2016,37,-109,1
196,2016,37,-107,10
196,2016,37,-105,4
196,2016,37,-97,3
196,2016,37,-95,1
196,2016,37,-93,1
196,2016,37,-89,5
196,2016,37,-87,1
196,2016,37,-85,1
196,2016,37,-83,2
196,2016,37,-81,10
196,2016,37,-79,4
196,2016,37,-77,4
196,2016,37,127,1
196,2016,39,-123,43
196,2016,39,-121,35
196,2016,39,-119,2
196,2016,39,-115,4
196,2016,39,-109,3
196,2016,39,-107,2
196,2016,39,-105,14
196,2016,39,-97,1
196,2016,39,-95,2
196,2016,39,-93,1
196,2016,39,-91,12
196,2016,39,-89,6
196,2016,39,-87,1
196,2016,39,-85,17
196,2016,39,-83,7
196,2016,39,-81,6
196,2016,39,-79,13
196,2016,39,-77,58
196,2016,39,-75,11
196,2016,41,-123,2
196,2016,41,-121,7
196,2016,41,-117,1
196,2016,41,-111,8
196,2016,41,-109,1
196,2016,41,-107,3
196,2016,41,-105,49
196,2016,41,-103,1
196,2016,41,-97,3
196,2016,41,-95,1
196,2016,41,-91,1
196,2016,41,-89,13
196,2016,41,-87,30
196,2016,41,-83,12
196,2016,41,-81,15
196,2016,41,-79,4
196,2016,41,-77,7
196,2016,41,-75,22
196,2016,41,-73,9
196,2016,41,-71,20
196,2016,41,3,1
196,2016,41,15,3
196,2016,43,-117,1
196,2016,43,-113,1
196,2016,43,-111,1
196,2016,43,-91,6
196,2016,43,-89,20
196,2016,43,-87,7
196,2016,43,-83,2
196,2016,43,-81,35
196,2016,43,-79,23
196,2016,43,-77,22
196,2016,43,-75,3
196,2016,43,-73,35
196,2016,43,-71,60
196,2016,43,-5,1
196,2016,43,-3,1
196,2016,43,11,1
196,2016,43,13,1
196,2016,45,-125,1
196,2016,45,-123,4
196,2016,45,-117,1
196,2016,45,-111,1
196,2016,45,-97,3
196,2016,45,-93,12
196,2016,45,-91,3
196,2016,45,-89,4
196,2016,45,-85,2
196,2016,45,-81,1
196,2016,45,-79,33
196,2016,45,-77,13
196,2016,45,-75,13
196,2016,45,-73,44
196,2016,45,-69,3
196,2016,45,-65,3
196,2016,45,-63,1
196,2016,45,7,1
196,2016,45,9,2
196,2016,45,21,1
196,2016,47,-125,2
196,2016,47,-123,9
196,2016,47,-121,1
196,2016,47,-117,3
196,2016,47,-115,4
196,2016,47,-113,5
196,2016,47,-109,1
196,2016,47,-103,2
196,2016,47,-95,3
196,2016,47,-93,3
196,2016,47,-91,4
196,2016,47,-89,2
196,2016,47,-87,1
196,2016,47,-85,2
196,2016,47,-81,3
196,2016,47,-69,1
196,2016,47,-63,1
196,2016,47,-53,1
196,2016,47,11,1
196,2016,49,-125,4
196,2016,49,-123,3
196,2016,49,-117,2
196,2016,49,-113,22
196,2016,49,-97,1
196,2016,49,-93,1
196,2016,49,-89,2
196,2016,49,-83,2
196,2016,49,-3,1
196,2016,49,3,1
196,2016,49,7,1
196,2016,49,9,9
196,2016,51,-101,1
196,2016,51,-99,1
196,2016,51,-93,3
196,2016,51,-1,1
196,2016,51,3,1
196,2016,51,5,1
196,2016,51,7,2
196,2016,53,-119,1
196,2016,53,-117,1
196,2016,53,-113,2
196,2016,53,5,4
196,2016,53,7,1
196,2016,57,-101,1
196,2016,61,-149,1
196,2016,61,25,1
196,2017,-31,153,1
196,2017,-17,169,1
196,2017,-7,39,2
196,2017,-5,39,4
196,2017,1,103,12
196,2017,5,-75,1
196,2017,9,-85,1
196,2017,9,-83,2
196,2017,9,-79,1
196,2017,11,-87,9
196,2017,11,-85,16
196,2017,11,-83,1
196,2017,13,-87,7
196,2017,13,-85,1
196,2017,13,101,1
196,2017,15,-97,20
196,2017,15,-93,1
196,2017,17,-101,13
196,2017,17,-97,2
196,2017,17,-95,11
196,2017,17,-93,5
196,2017,17,-91,7
196,2017,17,79,1
196,2017,19,-103,4
196,2017,19,-101,2
196,2017,19,-99,25
196,2017,19,-97,24
196,2017,19,-95,11
196,2017,19,-93,1
196,2017,19,-71,2
196,2017,19,-67,1
196,2017,19,83,2
196,2017,21,-105,8
196,2017,21,-103,1
196,2017,21,-101,2
196,2017,21,-99,9
196,2017,21,-97,20
196,2017,21,-89,1
196,2017,21,-87,11
196,2017,23,-107,9
196,2017,23,-99,1
196,2017,23,113,1
196,2017,23,115,3
196,2017,25,-107,2
196,2017,25,-105,1
196,2017,25,-103,1
196,2017,25,-101,105
196,2017,25,-99,1
196,2017,25,-81,8
196,2017,25,113,1
196,2017,25,117,1
196,2017,25,121,5
196,2017,27,-109,1
196,2017,27,-101,2
196,2017,27,-99,15
196,2017,27,-97,11
196,2017,27,-81,20
196,2017,29,-111,1
196,2017,29,-101,1
196,2017,29,-99,22
196,2017,29,-97,9
196,2017,29,-95,15
196,2017,29,-91,5
196,2017,29,-83,8
196,2017,29,-81,16
196,2017,31,-117,1
196,2017,31,-111,15
196,2017,31,-109,9
196,2017,31,-107,1
196,2017,31,-103,5
196,2017,31,-101,3
196,2017,31,-99,4
196,2017,31,-97,22
196,2017,31,-95,17
196,2017,31,-93,1
196,2017,31,-91,9
196,2017,31,-89,1
196,2017,31,-87,2
196,2017,31,-85,1
196,2017,31,-83,31
196,2017,31,-81,1
196,2017,33,-119,16
196,2017,33,-117,59
196,2017,33,-111,7
196,2017,33,-109,9
196,2017,33,-107,2
196,2017,33,-103,1
196,2017,33,-99,3
196,2017,33,-97,62
196,2017,33,-95,2
196,2017,33,-93,11
196,2017,33,-89,3
196,2017,33,-87,15
196,2017,33,-85,16
196,2017,33,-83,16
196,2017,33,-81,1
196,2017,35,-121,2
196,2017,35,-119,79
196,2017,35,-117,10
196,2017,35,-111,8
196,2017,35,-109,13
196,2017,35,-107,8
196,2017,35,-105,2
196,2017,35,-97,7
196,2017,35,-95,11
196,2017,35,-93,7
196,2017,35,-89,1
196,2017,35,-87,11
196,2017,35,-85,11
196,2017,35,-83,34
196,2017,35,-81,5
196,2017,35,-79,32
196,2017,35,-77,7
196,2017,35,-75,4
196,2017,37,-123,64
196,2017,37,-121,22
196,2017,37,-119,20
196,2017,37,-115,2
196,2017,37,-113,11
196,2017,37,-107,5
196,2017,37,-105,7
196,2017,37,-97,1
196,2017,37,-95,2
196,2017,37,-93,1
196,2017,37,-89,5
196,2017,37,-87,13
196,2017,37,-85,8
196,2017,37,-83,21
196,2017,37,-81,13
196,2017,37,-79,9
196,2017,37,-77,15
196,2017,37,127,2
196,2017,39,-123,44
196,2017,39,-121,45
196,2017,39,-119,14
196,2017,39,-117,12
196,2017,39,-115,2
196,2017,39,-107,2
196,2017,39,-105,31
196,2017,39,-103,1
196,2017,39,-95,4
196,2017,39,-93,10
196,2017,39,-91,6
196,2017,39,-89,2
196,2017,39,-87,15
196,2017,39,-85,24
196,2017,39,-83,21
196,2017,39,-81,1
196,2017,39,-79,13
196,2017,39,-77,125
196,2017,39,-75,26
196,2017,41,-125,2
196,2017,41,-123,8
196,2017,41,-121,2
196,2017,41,-111,10
196,2017,41,-105,19
196,2017,41,-103,1
196,2017,41,-97,4
196,2017,41,-93,2
196,2017,41,-91,2
196,2017,41,-89,19
196,2017,41,-87,73
196,2017,41,-85,4
196,2017,41,-83,80
196,2017,41,-81,89
196,2017,41,-79,19
196,2017,41,-77,10
196,2017,41,-75,62
196,2017,41,-73,71
196,2017,41,-71,8
196,2017,41,-69,1
196,2017,41,-3,1
196,2017,41,-1,1
196,2017,41,15,1
196,2017,43,-123,6
196,2017,43,-121,3
196,2017,43,-119,1
196,2017,43,-115,2
196,2017,43,-113,3
196,2017,43,-111,4
196,2017,43,-107,1
196,2017,43,-93,3
196,2017,43,-91,2
196,2017,43,-89,42
196,2017,43,-87,12
196,2017,43,-85,7
196,2017,43,-83,17
196,2017,43,-81,127
196,2017,43,-79,82
196,2017,43,-77,28
196,2017,43,-75,1
196,2017,43,-73,83
196,2017,43,-71,46
196,2017,43,-69,1
196,2017,43,-65,4
196,2017,43,3,1
196,2017,43,5,1
196,2017,43,13,1
196,2017,45,-125,1
196,2017,45,-123,10
196,2017,45,-121,2
196,2017,45,-111,32
196,2017,45,-107,1
196,2017,45,-103,1
196,2017,45,-97,3
196,2017,45,-95,6
196,2017,45,-93,32
196,2017,45,-91,2
196,2017,45,-89,2
196,2017,45,-85,4
196,2017,45,-83,1
196,2017,45,-81,3
196,2017,45,-79,49
196,2017,45,-77,78
196,2017,45,-75,21
196,2017,45,-73,65
196,2017,45,-71,28
196,2017,45,-69,4
196,2017,45,-67,1
196,2017,45,-65,9
196,2017,45,-63,3
196,2017,45,7,2
196,2017,45,9,2
196,2017,45,11,7
196,2017,47,-123,16
196,2017,47,-121,12
196,2017,47,-119,1
196,2017,47,-117,4
196,2017,47,-113,4
196,2017,47,-103,1
196,2017,47,-95,7
196,2017,47,-93,1
196,2017,47,-91,10
196,2017,47,-89,2
196,2017,47,-87,5
196,2017,47,-85,3
196,2017,47,-83,4
196,2017,47,-81,3
196,2017,47,-79,1
196,2017,47,-75,1
196,2017,47,-65,3
196,2017,47,-61,7
196,2017,47,-53,1
196,2017,47,7,2
196,2017,47,9,1
196,2017,47,11,1
196,2017,47,13,3
196,2017,49,-123,7
196,2017,49,-121,2
196,2017,49,-119,1
196,2017,49,-117,1
196,2017,49,-115,1
196,2017,49,-113,7
196,2017,49,-105,1
196,2017,49,-99,1
196,2017,49,-97,3
196,2017,49,-95,11
196,2017,49,-93,3
196,2017,49,-89,53
196,2017,49,-87,6
196,2017,49,-83,7
196,2017,49,-81,9
196,2017,49,-53,1
196,2017,49,3,2
196,2017,49,7,1
196,2017,49,9,5
196,2017,51,-121,1
196,2017,51,-119,3
196,2017,51,-115,9
196,2017,51,-105,6
196,2017,51,-97,2
196,2017,51,-93,4
196,2017,51,-3,2
196,2017,51,1,2
196,2017,51,5,6
196,2017,53,-119,1
196,2017,53,-117,1
196,2017,53,-9,1
196,2017,53,-1,1
196,2017,53,1,7
196,2017,53,9,1
196,2017,53,11,1
196,2017,53,23,1
196,2017,55,25,1
196,2017,57,17,1
196,2017,61,-149,1
196,2017,61,-137,1
196,2017,65,-147,1
196,2017,69,-149,1
196,2018,-31,31,2
196,2018,-29,31,3
196,2018,-27,153,1
196,2018,-25,-49,8
196,2018,-9,-55,1
196,2018,-9,115,1
196,2018,1,103,3
196,2018,5,-75,1
196,2018,9,-83,10
196,2018,11,-85,1
196,2018,13,-89,1
196,2018,13,-87,1
196,2018,15,-97,2
196,2018,15,-91,2
196,2018,15,-87,2
196,2018,17,-97,7
196,2018,17,-95,1
196,2018,17,-93,14
196,2018,17,-89,2
196,2018,17,-77,1
196,2018,19,-155,1
196,2018,19,-105,4
196,2018,19,-103,11
196,2018,19,-101,5
196,2018,19,-99,86
196,2018,19,-97,59
196,2018,19,-89,1
196,2018,19,-75,8
196,2018,19,-67,1
196,2018,19,-65,2
196,2018,19,99,1
196,2018,21,-105,8
196,2018,21,-103,6
196,2018,21,-101,8
196,2018,21,-99,19
196,2018,21,-97,11
196,2018,21,-91,11
196,2018,21,-89,26
196,2018,21,-87,1
196,2018,23,-111,1
196,2018,23,-107,13
196,2018,23,-101,4
196,2018,23,-99,1
196,2018,23,-97,1
196,2018,23,-79,1
196,2018,23,115,15
196,2018,23,121,1
196,2018,25,-109,1
196,2018,25,-107,4
196,2018,25,-101,33
196,2018,25,-99,4
196,2018,25,-97,4
196,2018,25,-81,26
196,2018,25,-77,1
196,2018,25,121,2
196,2018,27,-99,21
196,2018,27,-97,17
196,2018,27,-83,4
196,2018,27,-81,14
196,2018,27,91,1
196,2018,29,-99,20
196,2018,29,-97,20
196,2018,29,-95,32
196,2018,29,-93,2
196,2018,29,-83,29
196,2018,29,-81,31
196,2018,29,-17,1
196,2018,31,-111,5
196,2018,31,-109,3
196,2018,31,-103,6
196,2018,31,-101,1
196,2018,31,-99,10
196,2018,31,-97,51
196,2018,31,-95,27
196,2018,31,-93,7
196,2018,31,-91,12
196,2018,31,-89,33
196,2018,31,-87,4
196,2018,31,-85,9
196,2018,31,-83,5
196,2018,31,-81,3
196,2018,33,-119,29
196,2018,33,-117,55
196,2018,33,-113,1
196,2018,33,-111,12
196,2018,33,-109,1
196,2018,33,-107,4
196,2018,33,-105,1
196,2018,33,-103,3
196,2018,33,-101,1
196,2018,33,-99,5
196,2018,33,-97,94
196,2018,33,-95,3
196,2018,33,-93,8
196,2018,33,-91,4
196,2018,33,-89,7
196,2018,33,-87,16
196,2018,33,-85,22
196,2018,33,-83,5
196,2018,33,-81,15
196,2018,33,-79,4
196,2018,33,35,1
196,2018,35,-121,6
196,2018,35,-119,61
196,2018,35,-117,24
196,2018,35,-109,2
196,2018,35,-107,2
196,2018,35,-105,3
196,2018,35,-101,2
196,2018,35,-99,13
196,2018,35,-97,6
196,2018,35,-95,28
196,2018,35,-93,5
196,2018,35,-91,32
196,2018,35,-89,18
196,2018,35,-87,38
196,2018,35,-85,42
196,2018,35,-83,57
196,2018,35,-81,22
196,2018,35,-79,40
196,2018,35,-77,3
196,2018,35,-75,1
196,2018,37,-123,86
196,2018,37,-121,24
196,2018,37,-119,30
196,2018,37,-115,1
196,2018,37,-113,1
196,2018,37,-107,1
196,2018,37,-105,14
196,2018,37,-103,1
196,2018,37,-99,3
196,2018,37,-97,7
196,2018,37,-95,9
196,2018,37,-93,17
196,2018,37,-91,4
196,2018,37,-89,14
196,2018,37,-87,28
196,2018,37,-85,14
196,2018,37,-83,7
196,2018,37,-81,20
196,2018,37,-79,37
196,2018,37,-77,11
196,2018,37,-75,6
196,2018,37,-7,1
196,2018,37,127,6
196,2018,39,-123,21
196,2018,39,-121,34
196,2018,39,-119,18
196,2018,39,-115,1
196,2018,39,-113,1
196,2018,39,-111,1
196,2018,39,-107,9
196,2018,39,-105,27
196,2018,39,-97,5
196,2018,39,-95,20
196,2018,39,-93,34
196,2018,39,-91,28
196,2018,39,-89,22
196,2018,39,-87,16
196,2018,39,-85,110
196,2018,39,-83,19
196,2018,39,-81,13
196,2018,39,-79,22
196,2018,39,-77,116
196,2018,39,-75,11
196,2018,39,-9,3
196,2018,41,-125,1
196,2018,41,-123,7
196,2018,41,-121,3
196,2018,41,-119,1
196,2018,41,-113,1
196,2018,41,-111,45
196,2018,41,-107,3
196,2018,41,-105,9
196,2018,41,-103,1
196,2018,41,-97,15
196,2018,41,-95,8
196,2018,41,-93,5
196,2018,41,-91,7
196,2018,41,-89,33
196,2018,41,-87,64
196,2018,41,-85,10
196,2018,41,-83,105
196,2018,41,-81,152
196,2018,41,-79,59
196,2018,41,-77,24
196,2018,41,-75,121
196,2018,41,-73,138
196,2018,41,-71,18
196,2018,41,-69,1
196,2018,41,3,1
196,2018,41,9,1
196,2018,41,21,1
196,2018,41,23,1
196,2018,43,-123,8
196,2018,43,-121,2
196,2018,43,-117,2
196,2018,43,-115,3
196,2018,43,-113,10
196,2018,43,-111,16
196,2018,43,-103,1
196,2018,43,-99,1
196,2018,43,-97,3
196,2018,43,-93,3
196,2018,43,-91,8
196,2018,43,-89,64
196,2018,43,-87,17
196,2018,43,-85,31
196,2018,43,-83,55
196,2018,43,-81,177
196,2018,43,-79,155
196,2018,43,-77,41
196,2018,43,-75,19
196,2018,43,-73,100
196,2018,43,-71,56
196,2018,43,-69,1
196,2018,43,-7,1
196,2018,43,1,1
196,2018,43,11,1
196,2018,43,43,1
196,2018,45,-125,1
196,2018,45,-123,33
196,2018,45,-121,9
196,2018,45,-117,4
196,2018,45,-113,1
196,2018,45,-111,15
196,2018,45,-101,6
196,2018,45,-97,5
196,2018,45,-95,4
196,2018,45,-93,64
196,2018,45,-91,8
196,2018,45,-89,3
196,2018,45,-87,16
196,2018,45,-85,17
196,2018,45,-83,2
196,2018,45,-81,30
196,2018,45,-79,123
196,2018,45,-77,108
196,2018,45,-75,51
196,2018,45,-73,125
196,2018,45,-71,5
196,2018,45,-69,6
196,2018,45,-67,2
196,2018,45,-65,6
196,2018,45,-63,3
196,2018,45,3,1
196,2018,45,7,9
196,2018,45,9,3
196,2018,45,11,1
196,2018,45,13,1
196,2018,47,-123,15
196,2018,47,-121,2
196,2018,47,-117,1
196,2018,47,-105,1
196,2018,47,-97,1
196,2018,47,-95,12
196,2018,47,-93,21
196,2018,47,-91,11
196,2018,47,-87,9
196,2018,47,-85,15
196,2018,47,-83,3
196,2018,47,-81,7
196,2018,47,-79,2
196,2018,47,-77,2
196,2018,47,-75,1
196,2018,47,-73,2
196,2018,47,-63,2
196,2018,47,-61,3
196,2018,47,-53,12
196,2018,47,-3,1
196,2018,47,1,1
196,2018,47,3,2
196,2018,47,9,1
196,2018,47,11,5
196,2018,47,13,1
196,2018,47,15,3
196,2018,49,-125,4
196,2018,49,-123,17
196,2018,49,-121,9
196,2018,49,-119,5
196,2018,49,-117,2
196,2018,49,-115,1
196,2018,49,-113,1
196,2018,49,-111,1
196,2018,49,-109,1
196,2018,49,-107,2
196,2018,49,-103,3
196,2018,49,-101,1
196,2018,49,-99,3
196,2018,49,-97,9
196,2018,49,-93,2
196,2018,49,-89,21
196,2018,49,-87,1
196,2018,49,-81,1
196,2018,49,-67,1
196,2018,49,-57,1
196,2018,49,-1,1
196,2018,49,1,1
196,2018,49,9,2
196,2018,49,19,1
196,2018,51,-119,1
196,2018,51,-117,8
196,2018,51,-115,5
196,2018,51,-107,4
196,2018,51,-105,1
196,2018,51,-99,2
196,2018,51,-97,1
196,2018,51,-95,1
196,2018,51,-93,2
196,2018,51,-81,8
196,2018,51,-3,8
196,2018,51,-1,5
196,2018,51,1,3
196,2018,51,5,5
196,2018,51,11,2
196,2018,51,15,2
196,2018,51,19,1
196,2018,51,71,1
196,2018,53,-117,1
196,2018,53,-113,4
196,2018,53,-107,1
196,2018,53,-105,1
196,2018,53,-103,2
196,2018,53,-3,3
196,2018,53,-1,4
196,2018,53,1,2
196,2018,53,5,1
196,2018,53,7,1
196,2018,53,9,1
196,2018,55,-109,1
196,2018,55,-3,4
196,2018,55,-1,10
196,2018,55,9,2
196,2018,55,39,1
196,2018,55,57,1
196,2018,57,-5,1
196,2018,57,-3,1
196,2018,57,9,1
196,2018,57,11,1
196,2018,57,17,2
196,2018,57,25,2
196,2018,61,-149,1
196,2018,63,-149,2
196,2018,63,-137,1
196,2018,63,7,1
196,2018,65,-149,2
203,2015,-33,23,1
203,2015,1,103,1
203,2015,9,-85,3
203,2015,9,-83,1
203,2015,13,77,1
203,2015,15,-97,16
203,2015,17,-99,3
203,2015,17,-97,7
203,2015,17,-95,2
203,2015,17,-93,10
203,2015,17,-91,1
203,2015,17,-89,5
203,2015,19,-103,1
203,2015,19,-101,1
203,2015,19,-99,10
203,2015,19,-97,5
203,2015,19,-67,1
203,2015,19,75,4
203,2015,21,-105,2
203,2015,21,-103,6
203,2015,21,-101,17
203,2015,21,-99,5
203,2015,21,73,2
203,2015,23,-107,24
203,2015,23,-99,2
203,2015,23,-81,1
203,2015,23,121,1
203,2015,25,-109,2
203,2015,25,-101,5
203,2015,25,-99,3
203,2015,25,-97,6
203,2015,25,-81,3
203,2015,27,-99,8
203,2015,27,-97,4
203,2015,27,-81,4
203,2015,29,-99,5
203,2015,29,-97,6
203,2015,29,-95,10
203,2015,29,-93,2
203,2015,29,-83,1
203,2015,29,-81,3
203,2015,31,-111,81
203,2015,31,-109,4
203,2015,31,-107,1
203,2015,31,-105,6
203,2015,31,-99,4
203,2015,31,-97,16
203,2015,31,-95,7
203,2015,31,-93,1
203,2015,31,-91,2
203,2015,33,-119,4
203,2015,33,-117,3
203,2015,33,-113,2
203,2015,33,-111,15
203,2015,33,-107,2
203,2015,33,-97,60
203,2015,33,-95,1
203,2015,33,-87,1
203,2015,33,-81,2
203,2015,35,-121,12
203,2015,35,-119,48
203,2015,35,-111,11
203,2015,35,-109,1
203,2015,35,-95,1
203,2015,35,-93,2
203,2015,35,-89,9
203,2015,35,-87,7
203,2015,35,-85,3
203,2015,35,-83,4
203,2015,35,-81,4
203,2015,37,-123,30
203,2015,37,-121,29
203,2015,37,-119,15
203,2015,37,-115,1
203,2015,37,-113,7
203,2015,37,-107,7
203,2015,37,-97,3
203,2015,37,-87,3
203,2015,37,-81,4
203,2015,37,-79,1
203,2015,37,-77,4
203,2015,37,-75,5
203,2015,39,-123,11
203,2015,39,-121,58
203,2015,39,-119,4
203,2015,39,-107,1
203,2015,39,-105,8
203,2015,39,-93,1
203,2015,39,-91,2
203,2015,39,-89,1
203,2015,39,-87,3
203,2015,39,-85,8
203,2015,39,-79,9
203,2015,39,-77,29
203,2015,39,-75,10
203,2015,41,-123,5
203,2015,41,-121,1
203,2015,41,-111,1
203,2015,41,-107,2
203,2015,41,-105,2
203,2015,41,-103,2
203,2015,41,-97,3
203,2015,41,-95,2
203,2015,41,-89,2
203,2015,41,-87,21
203,2015,41,-85,1
203,2015,41,-83,10
203,2015,41,-81,44
203,2015,41,-79,9
203,2015,41,-75,4
203,2015,41,-73,16
203,2015,41,-71,2
203,2015,41,1,2
203,2015,41,21,1
203,2015,43,-115,3
203,2015,43,-89,3
203,2015,43,-87,5
203,2015,43,-85,2
203,2015,43,-83,4
203,2015,43,-81,4
203,2015,43,-79,9
203,2015,43,-77,1
203,2015,43,-75,1
203,2015,43,-73,48
203,2015,43,-71,3
203,2015,43,23,1
203,2015,45,-123,1
203,2015,45,-113,1
203,2015,45,-91,1
203,2015,45,-85,1
203,2015,45,-83,1
203,2015,45,-81,3
203,2015,45,-79,1
203,2015,45,-77,8
203,2015,45,-75,6
203,2015,45,-73,28
203,2015,45,-65,6
203,2015,45,-63,2
203,2015,45,7,3
203,2015,45,9,2
203,2015,47,-123,4
203,2015,47,-85,1
203,2015,47,-65,1
203,2015,49,-117,1
203,2015,49,-115,1
203,2015,49,-95,1
203,2015,49,-93,1
203,2015,51,-101,2
203,2015,51,-99,2
203,2015,51,-3,1
203,2015,51,7,8
203,2015,53,-113,1
203,2015,53,1,1
203,2015,55,-107,1
203,2015,55,13,1
203,2015,61,-119,1
203,2016,-27,29,1
203,2016,-27,33,1
203,2016,7,99,1
203,2016,9,-85,2
203,2016,9,-83,3
203,2016,9,-79,1
203,2016,11,-85,7
203,2016,13,-89,1
203,2016,13,77,1
203,2016,13,99,3
203,2016,15,-97,31
203,2016,15,-95,8
203,2016,15,-93,3
203,2016,15,-91,1
203,2016,17,-97,4
203,2016,17,-93,12
203,2016,17,-91,1
203,2016,19,-105,8
203,2016,19,-101,4
203,2016,19,-99,15
203,2016,19,-97,22
203,2016,19,-95,2
203,2016,19,-89,2
203,2016,19,73,4
203,2016,21,-105,6
203,2016,21,-103,7
203,2016,21,-101,22
203,2016,21,-99,39
203,2016,21,-97,4
203,2016,21,-91,4
203,2016,21,-89,3
203,2016,21,-87,2
203,2016,23,-107,16
203,2016,23,-101,4
203,2016,23,-97,4
203,2016,23,87,1
203,2016,25,-109,1
203,2016,25,-103,1
203,2016,25,-101,24
203,2016,25,-99,2
203,2016,25,-97,3
203,2016,25,-81,10
203,2016,25,-77,1
203,2016,25,93,1
203,2016,25,95,1
203,2016,27,-99,41
203,2016,27,-97,19
203,2016,27,-81,3
203,2016,29,-109,1
203,2016,29,-103,1
203,2016,29,-99,5
203,2016,29,-97,5
203,2016,29,-95,4
203,2016,29,-81,8
203,2016,31,-117,1
203,2016,31,-111,5
203,2016,31,-109,11
203,2016,31,-107,1
203,2016,31,-105,86
203,2016,31,-103,3
203,2016,31,-99,8
203,2016,31,-97,26
203,2016,31,-95,6
203,2016,31,-93,1
203,2016,31,-85,1
203,2016,31,-83,3
203,2016,33,-119,19
203,2016,33,-117,27
203,2016,33,-111,11
203,2016,33,-109,3
203,2016,33,-107,1
203,2016,33,-103,2
203,2016,33,-97,53
203,2016,33,-95,1
203,2016,33,-87,7
203,2016,33,-85,1
203,2016,33,-83,3
203,2016,33,-81,1
203,2016,33,-79,1
203,2016,35,-119,7
203,2016,35,-117,7
203,2016,35,-111,2
203,2016,35,-101,4
203,2016,35,-97,2
203,2016,35,-95,1
203,2016,35,-93,1
203,2016,35,-89,5
203,2016,35,-87,10
203,2016,35,-85,3
203,2016,35,-83,5
203,2016,35,-81,8
203,2016,35,-79,9
203,2016,35,127,1
203,2016,35,139,1
203,2016,37,-123,37
203,2016,37,-121,15
203,2016,37,-119,75
203,2016,37,-107,2
203,2016,37,-105,17
203,2016,37,-103,4
203,2016,37,-97,6
203,2016,37,-95,2
203,2016,37,-93,7
203,2016,37,-89,2
203,2016,37,-85,1
203,2016,37,-83,2
203,2016,37,-81,10
203,2016,37,-79,6
203,2016,37,-77,6
203,2016,39,-123,28
203,2016,39,-121,60
203,2016,39,-119,26
203,2016,39,-115,27
203,2016,39,-111,3
203,2016,39,-109,6
203,2016,39,-107,2
203,2016,39,-105,5
203,2016,39,-95,1
203,2016,39,-91,4
203,2016,39,-89,7
203,2016,39,-87,2
203,2016,39,-85,3
203,2016,39,-83,2
203,2016,39,-79,11
203,2016,39,-77,54
203,2016,39,-75,10
203,2016,39,-9,1
203,2016,41,-125,6
203,2016,41,-123,2
203,2016,41,-121,21
203,2016,41,-117,1
203,2016,41,-113,1
203,2016,41,-109,6
203,2016,41,-107,3
203,2016,41,-105,7
203,2016,41,-103,1
203,2016,41,-97,1
203,2016,41,-95,1
203,2016,41,-93,1
203,2016,41,-89,17
203,2016,41,-87,11
203,2016,41,-85,1
203,2016,41,-83,10
203,2016,41,-81,33
203,2016,41,-77,4
203,2016,41,-75,34
203,2016,41,-73,21
203,2016,41,-71,21
203,2016,41,-9,2
203,2016,41,-7,1
203,2016,41,21,1
203,2016,43,-123,1
203,2016,43,-121,1
203,2016,43,-103,6
203,2016,43,-97,1
203,2016,43,-89,26
203,2016,43,-87,3
203,2016,43,-85,1
203,2016,43,-83,8
203,2016,43,-81,13
203,2016,43,-79,9
203,2016,43,-77,11
203,2016,43,-75,4
203,2016,43,-73,40
203,2016,43,-71,20
203,2016,43,-3,1
203,2016,43,7,2
203,2016,43,11,1
203,2016,43,75,1
203,2016,43,77,2
203,2016,45,-123,3
203,2016,45,-121,2
203,2016,45,-97,1
203,2016,45,-93,6
203,2016,45,-91,6
203,2016,45,-85,2
203,2016,45,-81,8
203,2016,45,-79,30
203,2016,45,-77,4
203,2016,45,-75,14
203,2016,45,-73,20
203,2016,45,-71,4
203,2016,45,-69,21
203,2016,45,-67,1
203,2016,45,1,5
203,2016,45,5,1
203,2016,45,7,2
203,2016,45,9,1
203,2016,47,-123,11
203,2016,47,-121,3
203,2016,47,-117,2
203,2016,47,-115,2
203,2016,47,-105,1
203,2016,47,-95,1
203,2016,47,-91,1
203,2016,47,-85,2
203,2016,47,-65,1
203,2016,47,-61,1
203,2016,47,7,1
203,2016,47,9,2
203,2016,49,-127,1
203,2016,49,-125,1
203,2016,49,-123,1
203,2016,49,-117,1
203,2016,49,-113,5
203,2016,49,-97,1
203,2016,49,-89,1
203,2016,49,7,3
203,2016,49,9,2
203,2016,51,-115,1
203,2016,51,-93,1
203,2016,51,5,1
203,2016,51,7,2
203,2016,51,13,2
203,2016,53,-3,1
203,2016,53,-1,1
203,2016,53,5,1
203,2016,55,13,1
203,2016,59,11,1
203,2016,59,17,4
203,2016,65,-147,2
203,2017,-31,153,1
203,2017,-29,31,1
203,2017,-27,27,1
203,2017,-27,153,1
203,2017,-23,133,1
203,2017,-7,37,1
203,2017,-7,39,2
203,2017,-7,107,3
203,2017,1,103,2
203,2017,9,-85,1
203,2017,9,-83,2
203,2017,9,-79,5
203,2017,9,77,1
203,2017,11,-87,30
203,2017,11,-85,9
203,2017,11,-83,2
203,2017,13,-89,1
203,2017,13,-87,2
203,2017,13,-85,1
203,2017,15,-97,49
203,2017,17,-101,1
203,2017,17,-97,6
203,2017,17,-93,44
203,2017,17,-91,17
203,2017,17,-89,9
203,2017,17,79,1
203,2017,19,-105,2
203,2017,19,-103,10
203,2017,19,-101,8
203,2017,19,-99,26
203,2017,19,-97,6
203,2017,19,-95,9
203,2017,19,-93,2
203,2017,19,-77,1
203,2017,19,-71,2
203,2017,21,-105,12
203,2017,21,-103,9
203,2017,21,-101,5
203,2017,21,-99,7
203,2017,21,-97,3
203,2017,21,-91,1
203,2017,21,-89,6
203,2017,21,-87,6
203,2017,21,-81,65
203,2017,23,-107,8
203,2017,23,-99,1
203,2017,23,-97,1
203,2017,23,-83,19
203,2017,23,-81,9
203,2017,23,113,7
203,2017,23,115,1
203,2017,25,-107,1
203,2017,25,-105,2
203,2017,25,-101,12
203,2017,25,-99,1
203,2017,25,-81,11
203,2017,27,-99,7
203,2017,27,-97,13
203,2017,27,-83,6
203,2017,27,-81,1
203,2017,29,-111,2
203,2017,29,-103,5
203,2017,29,-99,5
203,2017,29,-97,1
203,2017,29,-95,36
203,2017,29,-91,1
203,2017,29,-83,13
203,2017,29,-81,17
203,2017,31,-111,38
203,2017,31,-109,5
203,2017,31,-107,3
203,2017,31,-105,3
203,2017,31,-103,13
203,2017,31,-101,1
203,2017,31,-99,6
203,2017,31,-97,19
203,2017,31,-95,9
203,2017,31,-93,4
203,2017,31,-91,20
203,2017,31,-87,3
203,2017,31,-85,3
203,2017,31,-83,1
203,2017,33,-119,18
203,2017,33,-117,82
203,2017,33,-113,1
203,2017,33,-111,28
203,2017,33,-109,1
203,2017,33,-107,2
203,2017,33,-105,2
203,2017,33,-103,1
203,2017,33,-101,8
203,2017,33,-99,8
203,2017,33,-97,71
203,2017,33,-95,17
203,2017,33,-93,14
203,2017,33,-89,2
203,2017,33,-87,24
203,2017,33,-85,13
203,2017,33,-83,2
203,2017,33,-81,16
203,2017,33,-79,1
203,2017,33,35,1
203,2017,35,-121,1
203,2017,35,-119,46
203,2017,35,-117,20
203,2017,35,-113,3
203,2017,35,-111,1
203,2017,35,-109,2
203,2017,35,-107,6
203,2017,35,-99,1
203,2017,35,-97,3
203,2017,35,-95,11
203,2017,35,-93,3
203,2017,35,-91,4
203,2017,35,-89,7
203,2017,35,-87,13
203,2017,35,-85,15
203,2017,35,-83,27
203,2017,35,-81,12
203,2017,35,-79,38
203,2017,35,-77,6
203,2017,35,-75,14
203,2017,37,-123,53
203,2017,37,-121,7
203,2017,37,-119,87
203,2017,37,-117,2
203,2017,37,-115,14
203,2017,37,-113,3
203,2017,37,-109,1
203,2017,37,-107,8
203,2017,37,-105,4
203,2017,37,-103,1
203,2017,37,-99,2
203,2017,37,-95,1
203,2017,37,-93,2
203,2017,37,-87,22
203,2017,37,-85,1
203,2017,37,-83,2
203,2017,37,-81,8
203,2017,37,-79,9
203,2017,37,-77,12
203,2017,37,-75,3
203,2017,37,127,1
203,2017,39,-123,34
203,2017,39,-121,19
203,2017,39,-119,96
203,2017,39,-113,2
203,2017,39,-111,1
203,2017,39,-109,2
203,2017,39,-107,3
203,2017,39,-105,22
203,2017,39,-103,1
203,2017,39,-97,3
203,2017,39,-93,26
203,2017,39,-91,31
203,2017,39,-89,4
203,2017,39,-87,23
203,2017,39,-85,22
203,2017,39,-83,12
203,2017,39,-81,6
203,2017,39,-79,13
203,2017,39,-77,157
203,2017,39,-75,43
203,2017,41,-125,1
203,2017,41,-123,9
203,2017,41,-121,14
203,2017,41,-111,16
203,2017,41,-107,8
203,2017,41,-105,30
203,2017,41,-103,1
203,2017,41,-97,6
203,2017,41,-95,4
203,2017,41,-93,1
203,2017,41,-91,3
203,2017,41,-89,16
203,2017,41,-87,83
203,2017,41,-85,3
203,2017,41,-83,17
203,2017,41,-81,110
203,2017,41,-79,7
203,2017,41,-77,9
203,2017,41,-75,78
203,2017,41,-73,70
203,2017,41,-71,10
203,2017,41,13,1
203,2017,41,15,1
203,2017,43,-123,9
203,2017,43,-119,1
203,2017,43,-117,2
203,2017,43,-113,4
203,2017,43,-95,1
203,2017,43,-93,1
203,2017,43,-91,12
203,2017,43,-89,33
203,2017,43,-87,17
203,2017,43,-85,22
203,2017,43,-83,26
203,2017,43,-81,68
203,2017,43,-79,73
203,2017,43,-77,28
203,2017,43,-75,4
203,2017,43,-73,73
203,2017,43,-71,41
203,2017,43,-69,1
203,2017,43,-3,1
203,2017,43,13,1
203,2017,45,-125,3
203,2017,45,-123,4
203,2017,45,-121,3
203,2017,45,-117,1
203,2017,45,-115,1
203,2017,45,-111,17
203,2017,45,-97,7
203,2017,45,-93,67
203,2017,45,-89,1
203,2017,45,-87,4
203,2017,45,-85,7
203,2017,45,-81,13
203,2017,45,-79,62
203,2017,45,-77,58
203,2017,45,-75,22
203,2017,45,-73,89
203,2017,45,-71,12
203,2017,45,-69,11
203,2017,45,-67,6
203,2017,45,-65,7
203,2017,45,-63,2
203,2017,45,7,2
203,2017,45,9,4
203,2017,45,11,3
203,2017,45,13,1
203,2017,47,-123,14
203,2017,47,-121,15
203,2017,47,-117,4
203,2017,47,-115,1
203,2017,47,-113,10
203,2017,47,-101,2
203,2017,47,-97,1
203,2017,47,-95,10
203,2017,47,-93,9
203,2017,47,-91,8
203,2017,47,-89,1
203,2017,47,-87,5
203,2017,47,-83,1
203,2017,47,-81,2
203,2017,47,-71,3
203,2017,47,-67,3
203,2017,47,-65,4
203,2017,47,-61,1
203,2017,47,-53,2
203,2017,47,-1,1
203,2017,47,1,2
203,2017,47,9,1
203,2017,47,39,1
203,2017,49,-125,1
203,2017,49,-123,5
203,2017,49,-121,13
203,2017,49,-119,1
203,2017,49,-117,2
203,2017,49,-113,1
203,2017,49,-109,12
203,2017,49,-97,10
203,2017,49,-95,3
203,2017,49,-93,6
203,2017,49,-89,4
203,2017,49,-81,1
203,2017,49,-55,1
203,2017,49,3,3
203,2017,49,9,2
203,2017,49,17,2
203,2017,51,-121,1
203,2017,51,-97,9
203,2017,51,-95,3
203,2017,51,-93,1
203,2017,51,-3,3
203,2017,51,-1,1
203,2017,51,1,1
203,2017,51,5,1
203,2017,51,7,1
203,2017,51,11,4
203,2017,53,-115,2
203,2017,53,-113,1
203,2017,53,-111,3
203,2017,53,-103,1
203,2017,53,-9,1
203,2017,53,-5,1
203,2017,53,-3,2
203,2017,53,1,5
203,2017,53,7,2
203,2017,55,31,1
203,2017,57,-135,1
203,2017,57,9,1
203,2017,59,19,1
203,2017,61,-149,1
203,2017,63,-123,1
203,2017,63,-115,1
203,2017,65,-149,1
203,2017,65,-51,1
203,2017,69,-133,1
203,2018,-35,23,1
203,2018,-31,31,2
203,2018,-31,115,3
203,2018,-31,153,2
203,2018,-29,31,1
203,2018,-29,153,1
203,2018,-27,29,1
203,2018,-25,-49,6
203,2018,-25,29,3
203,2018,-25,31,2
203,2018,-15,-47,1
203,2018,-15,29,1
203,2018,1,103,6
203,2018,7,-75,1
203,2018,9,-85,3
203,2018,9,-79,9
203,2018,9,-75,1
203,2018,11,-85,3
203,2018,11,77,1
203,2018,13,-87,2
203,2018,13,77,8
203,2018,15,-97,9
203,2018,15,-89,4
203,2018,15,-87,4
203,2018,17,-101,2
203,2018,17,-99,2
203,2018,17,-97,12
203,2018,17,-95,1
203,2018,17,-93,6
203,2018,17,-89,1
203,2018,17,-67,1
203,2018,19,-105,12
203,2018,19,-103,5
203,2018,19,-101,56
203,2018,19,-99,90
203,2018,19,-97,106
203,2018,19,-95,2
203,2018,19,-93,1
203,2018,19,-75,2
203,2018,19,-69,1
203,2018,19,-65,1
203,2018,21,-105,14
203,2018,21,-103,20
203,2018,21,-101,18
203,2018,21,-99,7
203,2018,21,-97,3
203,2018,21,-91,14
203,2018,21,-89,19
203,2018,21,81,1
203,2018,23,-111,2
203,2018,23,-109,1
203,2018,23,-107,11
203,2018,23,-101,2
203,2018,23,87,5
203,2018,23,115,6
203,2018,23,121,2
203,2018,25,-109,1
203,2018,25,-107,1
203,2018,25,-103,1
203,2018,25,-101,67
203,2018,25,-99,2
203,2018,25,-97,1
203,2018,25,-81,20
203,2018,25,121,2
203,2018,27,-99,63
203,2018,27,-97,31
203,2018,27,-83,9
203,2018,27,-81,24
203,2018,27,79,1
203,2018,27,99,4
203,2018,29,-107,1
203,2018,29,-101,1
203,2018,29,-99,38
203,2018,29,-97,7
203,2018,29,-95,45
203,2018,29,-91,1
203,2018,29,-89,1
203,2018,29,-83,47
203,2018,29,-81,38
203,2018,29,-15,1
203,2018,29,49,5
203,2018,29,99,4
203,2018,31,-111,13
203,2018,31,-109,10
203,2018,31,-107,1
203,2018,31,-105,1
203,2018,31,-103,8
203,2018,31,-101,2
203,2018,31,-99,10
203,2018,31,-97,50
203,2018,31,-95,11
203,2018,31,-93,15
203,2018,31,-91,11
203,2018,31,-89,28
203,2018,31,-87,5
203,2018,31,-85,4
203,2018,31,-83,2
203,2018,31,-81,4
203,2018,33,-119,25
203,2018,33,-117,64
203,2018,33,-111,20
203,2018,33,-109,3
203,2018,33,-107,3
203,2018,33,-103,2
203,2018,33,-101,11
203,2018,33,-99,41
203,2018,33,-97,111
203,2018,33,-95,5
203,2018,33,-93,12
203,2018,33,-91,3
203,2018,33,-89,12
203,2018,33,-87,21
203,2018,33,-85,21
203,2018,33,-83,6
203,2018,33,-81,22
203,2018,33,-79,5
203,2018,35,-121,4
203,2018,35,-119,52
203,2018,35,-117,14
203,2018,35,-113,2
203,2018,35,-111,4
203,2018,35,-109,2
203,2018,35,-107,13
203,2018,35,-101,15
203,2018,35,-99,3
203,2018,35,-97,12
203,2018,35,-95,36
203,2018,35,-93,12
203,2018,35,-91,10
203,2018,35,-89,18
203,2018,35,-87,27
203,2018,35,-85,28
203,2018,35,-83,69
203,2018,35,-81,25
203,2018,35,-79,43
203,2018,35,-77,11
203,2018,35,25,1
203,2018,35,33,1
203,2018,35,127,3
203,2018,35,133,1
203,2018,37,-123,72
203,2018,37,-121,40
203,2018,37,-119,161
203,2018,37,-115,1
203,2018,37,-113,3
203,2018,37,-109,2
203,2018,37,-105,1
203,2018,37,-99,7
203,2018,37,-97,4
203,2018,37,-95,27
203,2018,37,-93,16
203,2018,37,-91,6
203,2018,37,-89,4
203,2018,37,-87,31
203,2018,37,-85,17
203,2018,37,-83,32
203,2018,37,-81,16
203,2018,37,-79,22
203,2018,37,-77,38
203,2018,37,-75,1
203,2018,37,23,1
203,2018,37,35,2
203,2018,37,127,1
203,2018,37,139,1
203,2018,39,-123,34
203,2018,39,-121,46
203,2018,39,-119,60
203,2018,39,-117,4
203,2018,39,-115,1
203,2018,39,-113,1
203,2018,39,-109,1
203,2018,39,-107,6
203,2018,39,-105,13
203,2018,39,-103,10
203,2018,39,-97,1
203,2018,39,-95,19
203,2018,39,-93,25
203,2018,39,-91,41
203,2018,39,-89,11
203,2018,39,-87,54
203,2018,39,-85,106
203,2018,39,-83,30
203,2018,39,-81,2
203,2018,39,-79,16
203,2018,39,-77,203
203,2018,39,-75,46
203,2018,39,-9,1
203,2018,39,21,1
203,2018,41,-125,1
203,2018,41,-123,6
203,2018,41,-121,3
203,2018,41,-117,3
203,2018,41,-113,1
203,2018,41,-111,25
203,2018,41,-107,1
203,2018,41,-105,17
203,2018,41,-101,1
203,2018,41,-97,23
203,2018,41,-95,6
203,2018,41,-93,10
203,2018,41,-91,1
203,2018,41,-89,39
203,2018,41,-87,121
203,2018,41,-85,9
203,2018,41,-83,104
203,2018,41,-81,212
203,2018,41,-79,38
203,2018,41,-77,17
203,2018,41,-75,118
203,2018,41,-73,93
203,2018,41,-71,15
203,2018,41,-69,2
203,2018,41,-9,1
203,2018,41,3,2
203,2018,41,13,2
203,2018,41,15,2
203,2018,41,17,1
203,2018,41,45,1
203,2018,43,-125,1
203,2018,43,-123,4
203,2018,43,-121,5
203,2018,43,-115,1
203,2018,43,-113,1
203,2018,43,-111,8
203,2018,43,-107,1
203,2018,43,-101,1
203,2018,43,-97,5
203,2018,43,-95,1
203,2018,43,-93,6
203,2018,43,-91,6
203,2018,43,-89,72
203,2018,43,-87,27
203,2018,43,-85,44
203,2018,43,-83,53
203,2018,43,-81,116
203,2018,43,-79,90
203,2018,43,-77,36
203,2018,43,-75,8
203,2018,43,-73,77
203,2018,43,-71,33
203,2018,43,-69,3
203,2018,43,-67,1
203,2018,43,-1,1
203,2018,43,1,1
203,2018,43,3,1
203,2018,43,5,1
203,2018,43,7,2
203,2018,43,11,1
203,2018,45,-125,4
203,2018,45,-123,15
203,2018,45,-121,3
203,2018,45,-117,3
203,2018,45,-113,3
203,2018,45,-111,7
203,2018,45,-95,8
203,2018,45,-93,85
203,2018,45,-91,5
203,2018,45,-89,3
203,2018,45,-87,11
203,2018,45,-85,14
203,2018,45,-83,8
203,2018,45,-81,25
203,2018,45,-79,102
203,2018,45,-77,61
203,2018,45,-75,76
203,2018,45,-73,90
203,2018,45,-71,5
203,2018,45,-69,13
203,2018,45,-67,5
203,2018,45,-65,2
203,2018,45,-63,6
203,2018,45,-61,1
203,2018,45,7,4
203,2018,45,9,2
203,2018,47,-123,20
203,2018,47,-121,21
203,2018,47,-117,3
203,2018,47,-113,1
203,2018,47,-111,3
203,2018,47,-97,3
203,2018,47,-95,11
203,2018,47,-93,5
203,2018,47,-91,5
203,2018,47,-87,3
203,2018,47,-85,10
203,2018,47,-83,5
203,2018,47,-81,5
203,2018,47,-79,13
203,2018,47,-75,3
203,2018,47,-71,1
203,2018,47,-63,3
203,2018,47,-61,9
203,2018,47,-59,1
203,2018,47,-53,1
203,2018,47,3,1
203,2018,47,7,1
203,2018,47,9,6
203,2018,47,11,1
203,2018,47,15,1
203,2018,49,-125,3
203,2018,49,-123,13
203,2018,49,-121,8
203,2018,49,-119,6
203,2018,49,-117,2
203,2018,49,-115,1
203,2018,49,-113,3
203,2018,49,-109,1
203,2018,49,-101,1
203,2018,49,-99,1
203,2018,49,-97,5
203,2018,49,-95,22
203,2018,49,-93,4
203,2018,49,-89,17
203,2018,49,-87,5
203,2018,49,-81,2
203,2018,49,-57,1
203,2018,49,-55,1
203,2018,49,-53,2
203,2018,49,-3,1
203,2018,49,-1,1
203,2018,49,1,1
203,2018,49,3,1
203,2018,49,5,2
203,2018,49,9,2
203,2018,49,15,1
203,2018,51,-125,2
203,2018,51,-115,2
203,2018,51,-109,1
203,2018,51,-107,1
203,2018,51,-105,1
203,2018,51,-97,1
203,2018,51,-93,1
203,2018,51,-5,1
203,2018,51,-3,2
203,2018,51,-1,8
203,2018,51,1,1
203,2018,51,3,2
203,2018,51,5,3
203,2018,51,7,2
203,2018,51,13,1
203,2018,51,19,1
203,2018,53,-117,1
203,2018,53,-113,1
203,2018,53,-3,4
203,2018,53,-1,2
203,2018,53,1,2
203,2018,53,5,2
203,2018,53,7,2
203,2018,53,11,1
203,2018,55,-111,2
203,2018,55,-1,3
203,2018,55,7,2
203,2018,55,9,1
203,2018,55,11,1
203,2018,55,13,1
203,2018,55,37,1
203,2018,57,-105,1
203,2018,57,9,1
203,2018,57,11,2
203,2018,61,-135,1
203,2018,61,11,1
203,2018,61,25,2
203,2018,65,-139,1
203,2018,65,-101,1
210,2015,-31,31,1
210,2015,-29,31,1
210,2015,1,103,1
210,2015,9,-85,1
210,2015,9,-83,1
210,2015,9,-79,1
210,2015,11,-85,3
210,2015,15,-97,18
210,2015,15,-93,1
210,2015,17,-97,5
210,2015,17,-95,3
210,2015,17,-93,7
210,2015,17,-91,2
210,2015,17,-89,16
210,2015,19,-101,1
210,2015,19,-99,25
210,2015,19,-97,3
210,2015,19,-95,1
210,2015,19,-89,1
210,2015,19,73,1
210,2015,21,-105,9
210,2015,21,-103,4
210,2015,21,-101,6
210,2015,21,-99,10
210,2015,21,-97,1
210,2015,21,-91,1
210,2015,21,-89,59
210,2015,21,-87,1
210,2015,23,-107,32
210,2015,23,-101,2
210,2015,23,-99,1
210,2015,23,121,1
210,2015,25,-101,6
210,2015,25,-81,1
210,2015,25,93,1
210,2015,27,-99,4
210,2015,27,-97,6
210,2015,27,-81,4
210,2015,29,-111,1
210,2015,29,-103,1
210,2015,29,-99,3
210,2015,29,-97,3
210,2015,29,-95,20
210,2015,29,-81,22
210,2015,31,-111,15
210,2015,31,-107,1
210,2015,31,-105,29
210,2015,31,-103,1
210,2015,31,-99,2
210,2015,31,-97,9
210,2015,31,-95,5
210,2015,31,-93,1
210,2015,31,-91,4
210,2015,31,-87,4
210,2015,31,-85,1
210,2015,31,-81,1
210,2015,33,-119,5
210,2015,33,-117,15
210,2015,33,-111,1
210,2015,33,-107,1
210,2015,33,-105,1
210,2015,33,-101,1
210,2015,33,-99,1
210,2015,33,-97,58
210,2015,33,-95,3
210,2015,33,-93,1
210,2015,33,-85,2
210,2015,33,-83,4
210,2015,33,-81,5
210,2015,35,-119,15
210,2015,35,-117,11
210,2015,35,-115,2
210,2015,35,-113,4
210,2015,35,-111,1
210,2015,35,-109,2
210,2015,35,-99,3
210,2015,35,-97,11
210,2015,35,-95,40
210,2015,35,-87,21
210,2015,35,-85,1
210,2015,35,-83,3
210,2015,35,-81,9
210,2015,35,-79,15
210,2015,35,-77,1
210,2015,37,-123,25
210,2015,37,-121,3
210,2015,37,-119,2
210,2015,37,-115,2
210,2015,37,-113,4
210,2015,37,-97,7
210,2015,37,-95,3
210,2015,37,-87,1
210,2015,37,-81,3
210,2015,37,-79,3
210,2015,37,-77,2
210,2015,37,-25,1
210,2015,39,-123,18
210,2015,39,-121,21
210,2015,39,-119,10
210,2015,39,-115,1
210,2015,39,-105,8
210,2015,39,-93,1
210,2015,39,-91,5
210,2015,39,-89,10
210,2015,39,-87,1
210,2015,39,-85,10
210,2015,39,-83,3
210,2015,39,-81,2
210,2015,39,-79,2
210,2015,39,-77,43
210,2015,39,-75,2
210,2015,41,-107,3
210,2015,41,-105,1
210,2015,41,-97,1
210,2015,41,-93,1
210,2015,41,-89,11
210,2015,41,-87,42
210,2015,41,-83,20
210,2015,41,-81,28
210,2015,41,-79,4
210,2015,41,-77,7
210,2015,41,-75,9
210,2015,41,-73,6
210,2015,41,-71,1
210,2015,41,-7,1
210,2015,43,-93,1
210,2015,43,-89,2
210,2015,43,-85,5
210,2015,43,-83,21
210,2015,43,-81,2
210,2015,43,-79,6
210,2015,43,-75,1
210,2015,43,-73,23
210,2015,43,-71,7
210,2015,43,23,2
210,2015,45,-123,1
210,2015,45,-115,3
210,2015,45,-95,1
210,2015,45,-93,3
210,2015,45,-91,2
210,2015,45,-87,2
210,2015,45,-85,1
210,2015,45,-83,1
210,2015,45,-81,2
210,2015,45,-79,3
210,2015,45,-77,6
210,2015,45,-75,6
210,2015,45,-73,36
210,2015,45,-71,4
210,2015,45,-69,4
210,2015,45,-65,3
210,2015,45,11,1
210,2015,47,-123,6
210,2015,47,-121,6
210,2015,47,-113,1
210,2015,47,-101,2
210,2015,47,-95,1
210,2015,47,-89,1
210,2015,47,-87,1
210,2015,47,-85,1
210,2015,47,-83,1
210,2015,47,-71,1
210,2015,47,5,1
210,2015,47,11,1
210,2015,49,-123,2
210,2015,49,-117,1
210,2015,49,3,1
210,2015,51,-119,1
210,2015,51,7,5
210,2015,53,13,1
210,2015,61,21,1
210,2016,9,-79,1
210,2016,11,-61,1
210,2016,13,-87,2
210,2016,13,101,2
210,2016,15,-97,11
210,2016,15,-95,12
210,2016,15,-87,2
210,2016,17,-97,11
210,2016,17,-95,1
210,2016,17,-93,4
210,2016,17,-91,2
210,2016,19,-155,1
210,2016,19,-105,2
210,2016,19,-103,2
210,2016,19,-101,2
210,2016,19,-99,72
210,2016,19,-97,56
210,2016,19,-95,8
210,2016,19,-93,2
210,2016,19,-89,7
210,2016,19,-71,6
210,2016,19,-69,11
210,2016,19,73,5
210,2016,21,-105,3
210,2016,21,-103,13
210,2016,21,-101,11
210,2016,21,-99,39
210,2016,21,-97,3
210,2016,21,-87,1
210,2016,23,-107,13
210,2016,23,-101,4
210,2016,23,-99,9
210,2016,23,87,2
210,2016,23,115,1
210,2016,25,-107,1
210,2016,25,-101,24
210,2016,25,-99,2
210,2016,25,-81,8
210,2016,27,-99,23
210,2016,27,-97,3
210,2016,27,-83,2
210,2016,27,-81,2
210,2016,29,-107,1
210,2016,29,-101,7
210,2016,29,-99,11
210,2016,29,-97,6
210,2016,29,-95,12
210,2016,29,-81,1
210,2016,31,-117,1
210,2016,31,-111,9
210,2016,31,-109,1
210,2016,31,-105,17
210,2016,31,-99,10
210,2016,31,-97,27
210,2016,31,-93,1
210,2016,31,-91,5
210,2016,31,-89,2
210,2016,31,-87,9
210,2016,31,-85,30
210,2016,31,-83,14
210,2016,33,-119,8
210,2016,33,-117,55
210,2016,33,-111,6
210,2016,33,-109,2
210,2016,33,-99,1
210,2016,33,-97,54
210,2016,33,-95,1
210,2016,33,-87,10
210,2016,33,-85,5
210,2016,33,-83,8
210,2016,33,-81,1
210,2016,35,-119,16
210,2016,35,-117,4
210,2016,35,-107,4
210,2016,35,-105,3
210,2016,35,-101,2
210,2016,35,-99,1
210,2016,35,-97,1
210,2016,35,-95,1
210,2016,35,-93,4
210,2016,35,-87,21
210,2016,35,-85,5
210,2016,35,-83,6
210,2016,35,-81,5
210,2016,35,-79,20
210,2016,37,-123,53
210,2016,37,-121,13
210,2016,37,-119,77
210,2016,37,-107,5
210,2016,37,-105,18
210,2016,37,-103,2
210,2016,37,-97,4
210,2016,37,-95,7
210,2016,37,-93,6
210,2016,37,-89,3
210,2016,37,-87,2
210,2016,37,-85,2
210,2016,37,-83,3
210,2016,37,-81,4
210,2016,37,-79,10
210,2016,37,-77,10
210,2016,37,-75,5
210,2016,37,127,1
210,2016,39,-123,36
210,2016,39,-121,6
210,2016,39,-119,17
210,2016,39,-117,4
210,2016,39,-111,4
210,2016,39,-107,8
210,2016,39,-105,6
210,2016,39,-103,1
210,2016,39,-93,4
210,2016,39,-91,5
210,2016,39,-89,5
210,2016,39,-87,2
210,2016,39,-85,22
210,2016,39,-83,4
210,2016,39,-81,22
210,2016,39,-79,11
210,2016,39,-77,65
210,2016,39,-75,23
210,2016,41,-125,4
210,2016,41,-123,6
210,2016,41,-121,1
210,2016,41,-119,1
210,2016,41,-111,5
210,2016,41,-109,1
210,2016,41,-107,13
210,2016,41,-105,18
210,2016,41,-101,2
210,2016,41,-95,2
210,2016,41,-93,1
210,2016,41,-91,2
210,2016,41,-89,24
210,2016,41,-87,21
210,2016,41,-85,1
210,2016,41,-83,6
210,2016,41,-81,31
210,2016,41,-79,4
210,2016,41,-77,6
210,2016,41,-75,39
210,2016,41,-73,25
210,2016,41,-71,7
210,2016,41,-9,2
210,2016,41,15,1
210,2016,41,23,1
210,2016,43,-121,1
210,2016,43,-113,4
210,2016,43,-107,3
210,2016,43,-99,1
210,2016,43,-91,2
210,2016,43,-89,57
210,2016,43,-87,11
210,2016,43,-85,6
210,2016,43,-83,15
210,2016,43,-81,18
210,2016,43,-79,19
210,2016,43,-77,9
210,2016,43,-75,3
210,2016,43,-73,29
210,2016,43,-71,16
210,2016,43,3,1
210,2016,45,-125,4
210,2016,45,-111,13
210,2016,45,-97,16
210,2016,45,-93,14
210,2016,45,-91,1
210,2016,45,-89,1
210,2016,45,-87,1
210,2016,45,-85,2
210,2016,45,-81,1
210,2016,45,-79,36
210,2016,45,-77,3
210,2016,45,-75,8
210,2016,45,-73,30
210,2016,45,-69,1
210,2016,45,-65,2
210,2016,45,1,2
210,2016,45,3,1
210,2016,45,5,1
210,2016,45,11,3
210,2016,47,-123,1
210,2016,47,-121,6
210,2016,47,-117,14
210,2016,47,-97,1
210,2016,47,-95,2
210,2016,47,-93,1
210,2016,47,-91,1
210,2016,47,-85,1
210,2016,47,-63,2
210,2016,47,-53,1
210,2016,47,-1,2
210,2016,47,5,1
210,2016,49,-123,2
210,2016,49,-117,3
210,2016,49,-113,1
210,2016,49,-97,1
210,2016,51,-93,2
210,2016,51,7,1
210,2016,51,9,1
210,2016,51,13,1
210,2016,53,-1,1
210,2016,61,25,2
210,2017,-27,153,1
210,2017,-25,31,1
210,2017,-7,107,6
210,2017,1,7,1
210,2017,1,103,7
210,2017,3,101,8
210,2017,5,-75,1
210,2017,7,-75,1
210,2017,9,-85,2
210,2017,9,-81,1
210,2017,9,-79,3
210,2017,9,77,1
210,2017,11,-87,12
210,2017,11,-85,15
210,2017,13,77,6
210,2017,15,-97,30
210,2017,15,-93,3
210,2017,15,-91,2
210,2017,15,-89,1
210,2017,17,-97,3
210,2017,17,-93,26
210,2017,17,-91,5
210,2017,17,-89,4
210,2017,19,-105,4
210,2017,19,-103,3
210,2017,19,-101,11
210,2017,19,-99,52
210,2017,19,-97,25
210,2017,19,-95,2
210,2017,19,-89,1
210,2017,19,-77,2
210,2017,19,-67,2
210,2017,21,-105,6
210,2017,21,-103,7
210,2017,21,-101,10
210,2017,21,-99,10
210,2017,21,-97,2
210,2017,21,-89,7
210,2017,21,-87,5
210,2017,21,-79,22
210,2017,21,-77,21
210,2017,23,-107,7
210,2017,23,-101,1
210,2017,23,-99,3
210,2017,23,-97,4
210,2017,23,87,1
210,2017,23,109,1
210,2017,25,-107,1
210,2017,25,-103,3
210,2017,25,-101,24
210,2017,25,-99,3
210,2017,27,-109,1
210,2017,27,-99,49
210,2017,27,-97,24
210,2017,27,-83,6
210,2017,27,-81,11
210,2017,29,-111,2
210,2017,29,-107,1
210,2017,29,-99,11
210,2017,29,-95,29
210,2017,29,-83,41
210,2017,29,-81,19
210,2017,31,-117,1
210,2017,31,-111,39
210,2017,31,-109,3
210,2017,31,-103,1
210,2017,31,-99,6
210,2017,31,-97,26
210,2017,31,-95,8
210,2017,31,-93,1
210,2017,31,-91,8
210,2017,31,-89,3
210,2017,31,-87,1
210,2017,31,-85,6
210,2017,31,-83,2
210,2017,31,-81,1
210,2017,33,-119,3
210,2017,33,-117,55
210,2017,33,-115,5
210,2017,33,-111,21
210,2017,33,-109,10
210,2017,33,-107,4
210,2017,33,-105,2
210,2017,33,-99,12
210,2017,33,-97,125
210,2017,33,-95,2
210,2017,33,-93,5
210,2017,33,-87,16
210,2017,33,-85,9
210,2017,33,-83,5
210,2017,33,-81,28
210,2017,33,-79,6
210,2017,35,-121,1
210,2017,35,-119,68
210,2017,35,-117,13
210,2017,35,-113,22
210,2017,35,-111,6
210,2017,35,-109,1
210,2017,35,-107,2
210,2017,35,-101,1
210,2017,35,-97,7
210,2017,35,-95,23
210,2017,35,-93,22
210,2017,35,-89,4
210,2017,35,-87,18
210,2017,35,-85,10
210,2017,35,-83,53
210,2017,35,-81,38
210,2017,35,-79,42
210,2017,35,-77,5
210,2017,35,-75,17
210,2017,37,-123,61
210,2017,37,-121,16
210,2017,37,-119,57
210,2017,37,-115,7
210,2017,37,-111,1
210,2017,37,-107,4
210,2017,37,-105,9
210,2017,37,-101,1
210,2017,37,-97,4
210,2017,37,-95,4
210,2017,37,-93,10
210,2017,37,-91,24
210,2017,37,-89,2
210,2017,37,-87,7
210,2017,37,-85,4
210,2017,37,-83,28
210,2017,37,-81,7
210,2017,37,-79,16
210,2017,37,-77,28
210,2017,37,-75,2
210,2017,37,141,1
210,2017,39,-123,26
210,2017,39,-121,21
210,2017,39,-119,13
210,2017,39,-115,1
210,2017,39,-109,2
210,2017,39,-107,3
210,2017,39,-105,18
210,2017,39,-97,1
210,2017,39,-95,5
210,2017,39,-93,8
210,2017,39,-91,39
210,2017,39,-89,9
210,2017,39,-87,18
210,2017,39,-85,33
210,2017,39,-83,34
210,2017,39,-81,5
210,2017,39,-79,30
210,2017,39,-77,204
210,2017,39,-75,36
210,2017,41,-125,4
210,2017,41,-123,23
210,2017,41,-121,11
210,2017,41,-111,18
210,2017,41,-107,3
210,2017,41,-105,11
210,2017,41,-99,2
210,2017,41,-97,6
210,2017,41,-95,5
210,2017,41,-93,5
210,2017,41,-91,3
210,2017,41,-89,17
210,2017,41,-87,70
210,2017,41,-83,37
210,2017,41,-81,97
210,2017,41,-79,29
210,2017,41,-77,24
210,2017,41,-75,105
210,2017,41,-73,84
210,2017,41,-71,21
210,2017,41,-69,3
210,2017,41,-1,1
210,2017,41,1,1
210,2017,41,3,1
210,2017,41,21,1
210,2017,43,-125,1
210,2017,43,-123,14
210,2017,43,-121,2
210,2017,43,-115,1
210,2017,43,-113,3
210,2017,43,-111,1
210,2017,43,-109,1
210,2017,43,-103,2
210,2017,43,-95,1
210,2017,43,-93,1
210,2017,43,-91,2
210,2017,43,-89,36
210,2017,43,-87,13
210,2017,43,-85,22
210,2017,43,-83,18
210,2017,43,-81,71
210,2017,43,-79,65
210,2017,43,-77,37
210,2017,43,-75,23
210,2017,43,-73,119
210,2017,43,-71,49
210,2017,43,-69,2
210,2017,43,-3,1
210,2017,43,3,5
210,2017,43,25,1
210,2017,43,45,1
210,2017,45,-125,9
210,2017,45,-123,5
210,2017,45,-121,8
210,2017,45,-119,1
210,2017,45,-111,16
210,2017,45,-97,4
210,2017,45,-95,3
210,2017,45,-93,39
210,2017,45,-91,9
210,2017,45,-89,5
210,2017,45,-85,16
210,2017,45,-83,3
210,2017,45,-81,32
210,2017,45,-79,45
210,2017,45,-77,44
210,2017,45,-75,20
210,2017,45,-73,59
210,2017,45,-71,3
210,2017,45,-69,11
210,2017,45,-67,8
210,2017,45,-65,13
210,2017,45,-63,6
210,2017,45,9,2
210,2017,45,11,2
210,2017,47,-123,9
210,2017,47,-121,2
210,2017,47,-117,1
210,2017,47,-115,2
210,2017,47,-105,1
210,2017,47,-95,7
210,2017,47,-93,1
210,2017,47,-91,4
210,2017,47,-87,1
210,2017,47,-85,4
210,2017,47,-83,2
210,2017,47,-79,3
210,2017,47,-73,1
210,2017,47,-65,9
210,2017,47,-63,3
210,2017,47,-61,1
210,2017,47,-53,1
210,2017,47,3,1
210,2017,47,5,1
210,2017,47,9,1
210,2017,47,11,2
210,2017,47,13,2
210,2017,49,-123,19
210,2017,49,-121,13
210,2017,49,-115,2
210,2017,49,-113,3
210,2017,49,-109,5
210,2017,49,-97,3
210,2017,49,-95,4
210,2017,49,-91,2
210,2017,49,-89,2
210,2017,49,-85,1
210,2017,49,3,4
210,2017,49,7,4
210,2017,49,9,1
210,2017,49,17,2
210,2017,49,19,2
210,2017,51,-115,1
210,2017,51,-107,2
210,2017,51,-95,3
210,2017,51,-3,1
210,2017,51,-1,3
210,2017,51,5,2
210,2017,51,15,1
210,2017,53,-113,3
210,2017,53,1,1
210,2017,53,7,1
210,2017,53,11,1
210,2017,53,23,1
210,2017,55,13,1
210,2017,57,13,1
210,2017,59,-155,1
210,2017,61,11,2
210,2017,63,-115,2
210,2017,65,-149,1
210,2017,65,-127,1
210,2017,69,-133,1
210,2018,-31,31,2
210,2018,-27,19,2
210,2018,-25,149,1
210,2018,-17,25,1
210,2018,-15,-47,1
210,2018,-15,27,3
210,2018,1,103,8
210,2018,3,-77,1
210,2018,9,-85,1
210,2018,9,-79,1
210,2018,11,-85,2
210,2018,11,-61,1
210,2018,11,77,2
210,2018,13,-89,1
210,2018,13,-87,7
210,2018,13,-61,1
210,2018,13,77,1
210,2018,13,79,1
210,2018,15,-97,21
210,2018,15,-91,1
210,2018,15,-89,3
210,2018,15,-87,2
210,2018,17,-97,1
210,2018,17,-93,28
210,2018,17,-89,1
210,2018,17,-87,1
210,2018,19,-101,17
210,2018,19,-99,52
210,2018,19,-97,31
210,2018,19,-91,2
210,2018,19,-89,2
210,2018,19,-75,2
210,2018,19,-65,2
210,2018,19,73,2
210,2018,21,-105,10
210,2018,21,-103,1
210,2018,21,-101,25
210,2018,21,-99,30
210,2018,21,-89,8
210,2018,21,-87,10
210,2018,23,-107,18
210,2018,23,-105,5
210,2018,23,-103,1
210,2018,23,-101,2
210,2018,23,-99,8
210,2018,23,87,3
210,2018,23,113,1
210,2018,23,115,2
210,2018,23,121,4
210,2018,25,-111,4
210,2018,25,-107,12
210,2018,25,-101,108
210,2018,25,-97,4
210,2018,25,-81,43
210,2018,25,87,6
210,2018,25,121,1
210,2018,27,-109,2
210,2018,27,-101,5
210,2018,27,-99,40
210,2018,27,-97,62
210,2018,27,-83,12
210,2018,27,-81,12
210,2018,27,89,2
210,2018,27,91,1
210,2018,29,-111,1
210,2018,29,-107,7
210,2018,29,-103,6
210,2018,29,-99,53
210,2018,29,-97,10
210,2018,29,-95,44
210,2018,29,-93,1
210,2018,29,-91,3
210,2018,29,-85,1
210,2018,29,-83,25
210,2018,29,-81,63
210,2018,29,-15,1
210,2018,31,-111,56
210,2018,31,-109,12
210,2018,31,-107,3
210,2018,31,-105,1
210,2018,31,-103,5
210,2018,31,-101,1
210,2018,31,-99,10
210,2018,31,-97,71
210,2018,31,-95,35
210,2018,31,-93,11
210,2018,31,-91,16
210,2018,31,-89,37
210,2018,31,-87,5
210,2018,31,-85,5
210,2018,31,-83,5
210,2018,31,-81,6
210,2018,33,-119,33
210,2018,33,-117,53
210,2018,33,-113,1
210,2018,33,-111,20
210,2018,33,-109,3
210,2018,33,-107,3
210,2018,33,-103,8
210,2018,33,-101,7
210,2018,33,-99,3
210,2018,33,-97,94
210,2018,33,-95,9
210,2018,33,-93,10
210,2018,33,-91,2
210,2018,33,-89,6
210,2018,33,-87,9
210,2018,33,-85,22
210,2018,33,-83,11
210,2018,33,-81,20
210,2018,33,-79,6
210,2018,33,35,1
210,2018,33,133,1
210,2018,35,-121,1
210,2018,35,-119,49
210,2018,35,-117,13
210,2018,35,-111,1
210,2018,35,-107,3
210,2018,35,-105,1
210,2018,35,-101,1
210,2018,35,-97,24
210,2018,35,-95,79
210,2018,35,-93,13
210,2018,35,-91,7
210,2018,35,-89,10
210,2018,35,-87,15
210,2018,35,-85,28
210,2018,35,-83,36
210,2018,35,-81,26
210,2018,35,-79,51
210,2018,35,-77,7
210,2018,35,-75,1
210,2018,35,25,1
210,2018,37,-123,82
210,2018,37,-121,21
210,2018,37,-119,96
210,2018,37,-117,1
210,2018,37,-113,1
210,2018,37,-109,1
210,2018,37,-107,1
210,2018,37,-105,4
210,2018,37,-99,6
210,2018,37,-97,5
210,2018,37,-95,10
210,2018,37,-93,14
210,2018,37,-91,3
210,2018,37,-89,13
210,2018,37,-87,34
210,2018,37,-85,16
210,2018,37,-83,13
210,2018,37,-81,23
210,2018,37,-79,19
210,2018,37,-77,19
210,2018,37,-75,9
210,2018,37,25,1
210,2018,37,127,9
210,2018,39,-123,30
210,2018,39,-121,31
210,2018,39,-119,44
210,2018,39,-115,3
210,2018,39,-107,8
210,2018,39,-105,24
210,2018,39,-97,6
210,2018,39,-95,8
210,2018,39,-93,9
210,2018,39,-91,16
210,2018,39,-89,21
210,2018,39,-87,23
210,2018,39,-85,54
210,2018,39,-83,59
210,2018,39,-81,9
210,2018,39,-79,29
210,2018,39,-77,249
210,2018,39,-75,42
210,2018,39,-9,1
210,2018,39,-7,2
210,2018,39,21,1
210,2018,39,27,1
210,2018,41,-125,3
210,2018,41,-123,1
210,2018,41,-121,1
210,2018,41,-119,1
210,2018,41,-113,1
210,2018,41,-111,6
210,2018,41,-109,1
210,2018,41,-107,3
210,2018,41,-105,21
210,2018,41,-97,20
210,2018,41,-95,13
210,2018,41,-93,9
210,2018,41,-91,5
210,2018,41,-89,94
210,2018,41,-87,99
210,2018,41,-85,13
210,2018,41,-83,78
210,2018,41,-81,197
210,2018,41,-79,42
210,2018,41,-77,26
210,2018,41,-75,115
210,2018,41,-73,110
210,2018,41,-71,8
210,2018,41,-69,2
210,2018,41,-9,1
210,2018,41,-7,2
210,2018,41,-5,2
210,2018,41,-3,2
210,2018,43,-125,1
210,2018,43,-123,3
210,2018,43,-121,3
210,2018,43,-117,2
210,2018,43,-113,12
210,2018,43,-111,6
210,2018,43,-103,2
210,2018,43,-97,11
210,2018,43,-93,6
210,2018,43,-91,6
210,2018,43,-89,75
210,2018,43,-87,41
210,2018,43,-85,28
210,2018,43,-83,45
210,2018,43,-81,125
210,2018,43,-79,181
210,2018,43,-77,58
210,2018,43,-75,7
210,2018,43,-73,111
210,2018,43,-71,52
210,2018,43,-69,4
210,2018,43,-7,1
210,2018,43,3,1
210,2018,43,5,1
210,2018,43,9,1
210,2018,43,13,1
210,2018,45,-123,14
210,2018,45,-121,9
210,2018,45,-117,3
210,2018,45,-111,8
210,2018,45,-107,1
210,2018,45,-101,1
210,2018,45,-97,2
210,2018,45,-95,6
210,2018,45,-93,70
210,2018,45,-91,8
210,2018,45,-89,6
210,2018,45,-87,13
210,2018,45,-85,20
210,2018,45,-83,2
210,2018,45,-81,37
210,2018,45,-79,114
210,2018,45,-77,136
210,2018,45,-75,49
210,2018,45,-73,96
210,2018,45,-71,14
210,2018,45,-69,10
210,2018,45,-67,12
210,2018,45,-65,2
210,2018,45,-63,2
210,2018,45,-1,2
210,2018,45,5,1
210,2018,45,7,3
210,2018,45,9,1
210,2018,45,11,3
210,2018,47,-123,28
210,2018,47,-121,5
210,2018,47,-117,3
210,2018,47,-115,3
210,2018,47,-113,3
210,2018,47,-105,2
210,2018,47,-101,1
210,2018,47,-97,1
210,2018,47,-95,7
210,2018,47,-93,3
210,2018,47,-91,1
210,2018,47,-89,1
210,2018,47,-87,6
210,2018,47,-85,6
210,2018,47,-83,6
210,2018,47,-81,2
210,2018,47,-79,3
210,2018,47,-71,1
210,2018,47,-65,1
210,2018,47,-63,6
210,2018,47,-61,2
210,2018,47,-55,1
210,2018,47,-53,9
210,2018,47,3,1
210,2018,47,9,4
210,2018,47,11,4
210,2018,49,-125,3
210,2018,49,-123,8
210,2018,49,-121,13
210,2018,49,-119,2
210,2018,49,-117,2
210,2018,49,-115,4
210,2018,49,-113,1
210,2018,49,-109,2
210,2018,49,-107,1
210,2018,49,-97,5
210,2018,49,-95,5
210,2018,49,-93,3
210,2018,49,-91,3
210,2018,49,-89,5
210,2018,49,-87,5
210,2018,49,-85,1
210,2018,49,-81,1
210,2018,49,-79,1
210,2018,49,-65,1
210,2018,49,-55,1
210,2018,49,7,3
210,2018,49,9,2
210,2018,49,13,2
210,2018,49,17,1
210,2018,51,-125,3
210,2018,51,-115,2
210,2018,51,-107,1
210,2018,51,-99,1
210,2018,51,-97,3
210,2018,51,-93,1
210,2018,51,-81,16
210,2018,51,-9,1
210,2018,51,-3,3
210,2018,51,-1,8
210,2018,51,1,1
210,2018,51,3,2
210,2018,51,5,4
210,2018,51,7,1
210,2018,51,11,3
210,2018,51,15,1
210,2018,53,-7,1
210,2018,53,-5,1
210,2018,53,-1,5
210,2018,53,1,1
210,2018,53,27,1
210,2018,53,83,1
210,2018,55,-1,5
210,2018,55,9,2
210,2018,55,13,2
210,2018,55,23,1
210,2018,55,27,1
210,2018,55,37,1
210,2018,57,25,1
210,2018,59,11,1
210,2018,59,25,1
210,2018,61,-135,2
210,2018,65,-135,1
210,2018,69,-53,1
217,2015,-29,31,1
217,2015,-23,21,2
217,2015,7,-75,1
217,2015,7,39,1
217,2015,9,-85,1
217,2015,9,-83,1
217,2015,9,-79,1
217,2015,9,-77,5
217,2015,15,-97,13
217,2015,15,-95,9
217,2015,15,-91,1
217,2015,15,121,1
217,2015,17,-97,2
217,2015,17,-95,4
217,2015,17,-93,32
217,2015,17,-91,9
217,2015,17,-89,1
217,2015,19,-103,2
217,2015,19,-101,1
217,2015,19,-99,18
217,2015,19,-97,6
217,2015,19,-89,2
217,2015,19,73,1
217,2015,21,-105,4
217,2015,21,-103,1
217,2015,21,-101,4
217,2015,21,-99,7
217,2015,21,-89,4
217,2015,21,-87,2
217,2015,21,73,1
217,2015,23,-107,42
217,2015,25,-103,4
217,2015,25,-101,1
217,2015,25,-99,3
217,2015,25,-81,1
217,2015,27,-99,2
217,2015,27,-97,7
217,2015,27,-81,5
217,2015,29,-107,1
217,2015,29,-101,2
217,2015,29,-99,2
217,2015,29,-95,12
217,2015,29,-83,1
217,2015,29,-81,4
217,2015,31,-111,3
217,2015,31,-109,2
217,2015,31,-107,1
217,2015,31,-105,2
217,2015,31,-103,1
217,2015,31,-99,5
217,2015,31,-97,10
217,2015,31,-95,2
217,2015,31,-93,1
217,2015,31,-91,3
217,2015,31,-89,1
217,2015,33,-119,5
217,2015,33,-117,18
217,2015,33,-111,8
217,2015,33,-109,1
217,2015,33,-99,1
217,2015,33,-97,41
217,2015,33,-95,2
217,2015,33,-93,4
217,2015,33,-87,1
217,2015,33,-85,2
217,2015,33,-83,2
217,2015,33,-81,2
217,2015,33,-79,1
217,2015,33,-17,1
217,2015,35,-119,27
217,2015,35,-117,5
217,2015,35,-115,2
217,2015,35,-113,1
217,2015,35,-111,8
217,2015,35,-99,1
217,2015,35,-93,1
217,2015,35,-89,3
217,2015,35,-87,26
217,2015,35,-85,3
217,2015,35,-83,4
217,2015,35,-81,7
217,2015,35,-79,14
217,2015,35,-77,2
217,2015,35,-75,1
217,2015,37,-123,48
217,2015,37,-121,5
217,2015,37,-119,4
217,2015,37,-115,4
217,2015,37,-107,1
217,2015,37,-97,21
217,2015,37,-89,4
217,2015,37,-83,3
217,2015,37,-81,6
217,2015,37,-79,1
217,2015,37,-77,17
217,2015,39,-123,23
217,2015,39,-121,24
217,2015,39,-119,8
217,2015,39,-107,1
217,2015,39,-105,3
217,2015,39,-89,6
217,2015,39,-85,8
217,2015,39,-83,1
217,2015,39,-79,9
217,2015,39,-77,40
217,2015,39,-75,11
217,2015,41,-121,1
217,2015,41,-111,2
217,2015,41,-107,8
217,2015,41,-97,1
217,2015,41,-89,8
217,2015,41,-87,24
217,2015,41,-85,1
217,2015,41,-83,8
217,2015,41,-81,43
217,2015,41,-79,5
217,2015,41,-75,12
217,2015,41,-73,2
217,2015,41,-71,9
217,2015,41,1,2
217,2015,43,-103,2
217,2015,43,-97,1
217,2015,43,-87,9
217,2015,43,-83,14
217,2015,43,-81,5
217,2015,43,-79,12
217,2015,43,-73,29
217,2015,43,-71,6
217,2015,43,3,1
217,2015,45,-123,1
217,2015,45,-113,1
217,2015,45,-93,4
217,2015,45,-91,1
217,2015,45,-85,3
217,2015,45,-79,3
217,2015,45,-77,8
217,2015,45,-75,9
217,2015,45,-73,9
217,2015,45,-65,3
217,2015,45,-61,1
217,2015,45,5,1
217,2015,45,7,1
217,2015,47,-117,1
217,2015,47,-113,1
217,2015,47,-93,2
217,2015,47,-87,1
217,2015,47,-83,1
217,2015,47,-81,1
217,2015,47,-79,1
217,2015,47,-63,1
217,2015,47,-61,3
217,2015,47,13,1
217,2015,49,-123,2
217,2015,49,-119,1
217,2015,49,-107,1
217,2015,49,-103,1
217,2015,49,7,1
217,2015,51,7,8
217,2015,53,13,1
217,2015,59,7,1
217,2015,59,17,1
217,2016,-35,19,1
217,2016,-29,33,5
217,2016,5,117,1
217,2016,9,-85,1
217,2016,9,-83,2
217,2016,11,-85,3
217,2016,11,-61,1
217,2016,13,77,3
217,2016,13,81,2
217,2016,15,-97,9
217,2016,15,-95,13
217,2016,15,-93,1
217,2016,15,-91,1
217,2016,17,-97,9
217,2016,17,-93,2
217,2016,17,-89,2
217,2016,19,-105,1
217,2016,19,-103,2
217,2016,19,-101,3
217,2016,19,-99,40
217,2016,19,-97,42
217,2016,19,-95,6
217,2016,19,-91,1
217,2016,19,-89,2
217,2016,19,-75,1
217,2016,19,-71,1
217,2016,19,-65,1
217,2016,19,73,1
217,2016,21,-105,20
217,2016,21,-103,2
217,2016,21,-101,26
217,2016,21,-99,14
217,2016,21,-97,4
217,2016,21,-89,2
217,2016,21,-87,2
217,2016,21,73,2
217,2016,21,101,5
217,2016,23,-109,2
217,2016,23,-107,40
217,2016,23,-103,1
217,2016,23,-101,4
217,2016,23,-99,2
217,2016,23,115,1
217,2016,23,121,1
217,2016,25,-111,2
217,2016,25,-103,2
217,2016,25,-101,30
217,2016,25,-99,1
217,2016,25,-81,10
217,2016,25,-75,1
217,2016,27,-109,3
217,2016,27,-99,56
217,2016,27,-97,6
217,2016,27,-83,1
217,2016,27,-81,10
217,2016,29,-99,8
217,2016,29,-97,3
217,2016,29,-95,11
217,2016,29,-91,2
217,2016,29,-83,5
217,2016,29,-81,6
217,2016,31,-117,1
217,2016,31,-111,6
217,2016,31,-101,2
217,2016,31,-99,3
217,2016,31,-97,17
217,2016,31,-95,4
217,2016,31,-93,1
217,2016,31,-91,12
217,2016,31,-89,4
217,2016,31,-87,3
217,2016,31,-85,3
217,2016,31,-83,7
217,2016,31,-81,3
217,2016,31,121,1
217,2016,33,-119,4
217,2016,33,-117,21
217,2016,33,-111,8
217,2016,33,-109,2
217,2016,33,-99,2
217,2016,33,-97,64
217,2016,33,-95,2
217,2016,33,-93,2
217,2016,33,-87,17
217,2016,33,-85,13
217,2016,33,-83,4
217,2016,33,-81,2
217,2016,35,-121,1
217,2016,35,-119,20
217,2016,35,-117,2
217,2016,35,-113,1
217,2016,35,-107,8
217,2016,35,-105,5
217,2016,35,-97,1
217,2016,35,-95,1
217,2016,35,-93,5
217,2016,35,-91,1
217,2016,35,-89,1
217,2016,35,-87,24
217,2016,35,-85,15
217,2016,35,-83,16
217,2016,35,-81,9
217,2016,35,-79,26
217,2016,35,-77,6
217,2016,35,-75,2
217,2016,35,51,1
217,2016,37,-123,63
217,2016,37,-121,55
217,2016,37,-119,10
217,2016,37,-115,9
217,2016,37,-113,1
217,2016,37,-109,1
217,2016,37,-107,1
217,2016,37,-105,1
217,2016,37,-97,6
217,2016,37,-95,4
217,2016,37,-93,2
217,2016,37,-87,11
217,2016,37,-85,6
217,2016,37,-83,5
217,2016,37,-81,9
217,2016,37,-79,23
217,2016,37,-77,22
217,2016,37,127,1
217,2016,39,-123,15
217,2016,39,-121,14
217,2016,39,-119,3
217,2016,39,-115,2
217,2016,39,-109,19
217,2016,39,-107,1
217,2016,39,-105,2
217,2016,39,-95,14
217,2016,39,-93,4
217,2016,39,-91,4
217,2016,39,-89,19
217,2016,39,-87,13
217,2016,39,-85,23
217,2016,39,-83,4
217,2016,39,-81,3
217,2016,39,-79,17
217,2016,39,-77,124
217,2016,39,-75,17
217,2016,39,21,2
217,2016,41,-125,1
217,2016,41,-123,7
217,2016,41,-121,1
217,2016,41,-111,7
217,2016,41,-109,1
217,2016,41,-107,6
217,2016,41,-105,12
217,2016,41,-97,3
217,2016,41,-93,1
217,2016,41,-91,7
217,2016,41,-89,14
217,2016,41,-87,58
217,2016,41,-83,10
217,2016,41,-81,46
217,2016,41,-79,11
217,2016,41,-77,9
217,2016,41,-75,33
217,2016,41,-73,34
217,2016,41,-71,7
217,2016,43,-125,1
217,2016,43,-121,1
217,2016,43,-111,4
217,2016,43,-103,1
217,2016,43,-99,1
217,2016,43,-97,1
217,2016,43,-91,2
217,2016,43,-89,12
217,2016,43,-87,22
217,2016,43,-85,6
217,2016,43,-83,10
217,2016,43,-81,13
217,2016,43,-79,11
217,2016,43,-77,16
217,2016,43,-73,39
217,2016,43,-71,13
217,2016,43,-69,2
217,2016,43,-7,1
217,2016,43,-1,1
217,2016,43,3,3
217,2016,45,-123,3
217,2016,45,-117,3
217,2016,45,-115,1
217,2016,45,-111,1
217,2016,45,-97,8
217,2016,45,-95,1
217,2016,45,-93,10
217,2016,45,-89,1
217,2016,45,-83,7
217,2016,45,-81,8
217,2016,45,-79,3
217,2016,45,-77,3
217,2016,45,-75,4
217,2016,45,-73,31
217,2016,45,-69,6
217,2016,45,-67,5
217,2016,45,7,1
217,2016,45,9,1
217,2016,47,-123,10
217,2016,47,-121,11
217,2016,47,-117,8
217,2016,47,-113,1
217,2016,47,-109,1
217,2016,47,-107,1
217,2016,47,-95,3
217,2016,47,-85,1
217,2016,47,-3,1
217,2016,47,7,2
217,2016,49,-125,3
217,2016,49,-123,10
217,2016,49,-117,1
217,2016,49,-95,2
217,2016,49,-91,4
217,2016,49,-89,1
217,2016,49,1,1
217,2016,49,7,1
217,2016,49,9,6
217,2016,51,-119,1
217,2016,51,-105,1
217,2016,51,-99,1
217,2016,51,-97,2
217,2016,51,-95,1
217,2016,51,-93,3
217,2016,51,-5,1
217,2016,51,-1,3
217,2016,51,3,1
217,2016,51,7,2
217,2016,63,7,1
217,2017,-35,19,1
217,2017,-31,153,1
217,2017,-27,31,1
217,2017,-25,31,1
217,2017,-17,31,2
217,2017,-15,-47,1
217,2017,-15,29,1
217,2017,1,103,8
217,2017,7,-75,1
217,2017,9,-85,2
217,2017,9,-79,4
217,2017,11,-85,27
217,2017,11,-83,2
217,2017,13,-89,5
217,2017,13,-85,7
217,2017,15,-97,18
217,2017,15,-93,2
217,2017,15,-91,4
217,2017,17,-101,1
217,2017,17,-97,10
217,2017,17,-93,25
217,2017,17,-91,4
217,2017,17,-89,3
217,2017,19,-105,2
217,2017,19,-103,6
217,2017,19,-101,7
217,2017,19,-99,58
217,2017,19,-97,23
217,2017,19,-95,16
217,2017,19,-93,1
217,2017,21,-105,7
217,2017,21,-103,3
217,2017,21,-101,11
217,2017,21,-99,16
217,2017,21,-97,15
217,2017,21,-89,5
217,2017,21,-87,7
217,2017,21,-77,6
217,2017,23,-109,1
217,2017,23,-107,17
217,2017,23,-105,1
217,2017,23,-101,2
217,2017,23,-79,2
217,2017,23,115,2
217,2017,25,-107,1
217,2017,25,-101,20
217,2017,25,-99,8
217,2017,25,-97,1
217,2017,25,-81,6
217,2017,25,67,1
217,2017,27,-109,1
217,2017,27,-101,1
217,2017,27,-99,3
217,2017,27,-97,6
217,2017,27,-83,2
217,2017,27,-81,10
217,2017,29,-111,6
217,2017,29,-105,1
217,2017,29,-103,2
217,2017,29,-99,7
217,2017,29,-97,9
217,2017,29,-95,48
217,2017,29,-85,1
217,2017,29,-83,19
217,2017,29,-81,70
217,2017,31,-111,4
217,2017,31,-109,1
217,2017,31,-105,12
217,2017,31,-103,2
217,2017,31,-101,1
217,2017,31,-99,4
217,2017,31,-97,16
217,2017,31,-95,35
217,2017,31,-93,3
217,2017,31,-91,15
217,2017,31,-89,1
217,2017,31,-87,2
217,2017,31,-85,8
217,2017,31,-83,1
217,2017,31,-81,2
217,2017,33,-119,15
217,2017,33,-117,91
217,2017,33,-115,2
217,2017,33,-113,3
217,2017,33,-111,23
217,2017,33,-107,2
217,2017,33,-105,1
217,2017,33,-103,1
217,2017,33,-101,7
217,2017,33,-99,7
217,2017,33,-97,86
217,2017,33,-95,3
217,2017,33,-93,6
217,2017,33,-87,9
217,2017,33,-85,13
217,2017,33,-83,3
217,2017,33,-81,20
217,2017,33,-79,5
217,2017,35,-121,1
217,2017,35,-119,72
217,2017,35,-117,10
217,2017,35,-113,2
217,2017,35,-111,2
217,2017,35,-109,1
217,2017,35,-107,8
217,2017,35,-105,2
217,2017,35,-101,1
217,2017,35,-97,10
217,2017,35,-95,14
217,2017,35,-93,25
217,2017,35,-87,1
217,2017,35,-85,10
217,2017,35,-83,26
217,2017,35,-81,12
217,2017,35,-79,43
217,2017,35,-77,2
217,2017,35,-75,4
217,2017,37,-123,118
217,2017,37,-121,25
217,2017,37,-119,8
217,2017,37,-115,10
217,2017,37,-113,3
217,2017,37,-107,5
217,2017,37,-105,5
217,2017,37,-103,1
217,2017,37,-97,1
217,2017,37,-95,14
217,2017,37,-93,11
217,2017,37,-91,1
217,2017,37,-89,9
217,2017,37,-87,23
217,2017,37,-85,1
217,2017,37,-83,9
217,2017,37,-81,6
217,2017,37,-79,15
217,2017,37,-77,11
217,2017,37,-75,9
217,2017,37,-5,1
217,2017,39,-123,53
217,2017,39,-121,19
217,2017,39,-119,6
217,2017,39,-107,2
217,2017,39,-105,16
217,2017,39,-97,2
217,2017,39,-95,7
217,2017,39,-93,11
217,2017,39,-91,15
217,2017,39,-89,6
217,2017,39,-87,24
217,2017,39,-85,29
217,2017,39,-83,19
217,2017,39,-81,5
217,2017,39,-79,19
217,2017,39,-77,135
217,2017,39,-75,31
217,2017,41,-125,1
217,2017,41,-123,12
217,2017,41,-121,6
217,2017,41,-113,2
217,2017,41,-111,8
217,2017,41,-107,2
217,2017,41,-105,6
217,2017,41,-97,4
217,2017,41,-95,7
217,2017,41,-93,6
217,2017,41,-91,3
217,2017,41,-89,25
217,2017,41,-87,66
217,2017,41,-85,1
217,2017,41,-83,36
217,2017,41,-81,75
217,2017,41,-79,10
217,2017,41,-77,12
217,2017,41,-75,104
217,2017,41,-73,148
217,2017,41,-71,11
217,2017,41,-7,1
217,2017,41,-3,1
217,2017,41,17,1
217,2017,41,21,1
217,2017,41,23,2
217,2017,41,45,1
217,2017,43,-123,7
217,2017,43,-117,1
217,2017,43,-113,10
217,2017,43,-93,10
217,2017,43,-91,2
217,2017,43,-89,28
217,2017,43,-87,19
217,2017,43,-85,18
217,2017,43,-83,19
217,2017,43,-81,69
217,2017,43,-79,60
217,2017,43,-77,67
217,2017,43,-75,1
217,2017,43,-73,82
217,2017,43,-71,66
217,2017,43,-69,4
217,2017,45,-125,3
217,2017,45,-123,17
217,2017,45,-121,5
217,2017,45,-113,1
217,2017,45,-111,28
217,2017,45,-107,1
217,2017,45,-97,3
217,2017,45,-95,3
217,2017,45,-93,48
217,2017,45,-91,4
217,2017,45,-89,14
217,2017,45,-87,2
217,2017,45,-85,3
217,2017,45,-83,2
217,2017,45,-81,10
217,2017,45,-79,99
217,2017,45,-77,65
217,2017,45,-75,22
217,2017,45,-73,43
217,2017,45,-71,3
217,2017,45,-69,17
217,2017,45,-67,4
217,2017,45,-65,8
217,2017,45,-63,1
217,2017,45,-61,1
217,2017,45,7,1
217,2017,45,9,1
217,2017,45,11,1
217,2017,47,-123,17
217,2017,47,-121,18
217,2017,47,-119,1
217,2017,47,-117,2
217,2017,47,-113,2
217,2017,47,-97,1
217,2017,47,-95,11
217,2017,47,-93,3
217,2017,47,-91,5
217,2017,47,-89,7
217,2017,47,-87,2
217,2017,47,-85,3
217,2017,47,-83,2
217,2017,47,-81,1
217,2017,47,-79,1
217,2017,47,-73,1
217,2017,47,-65,2
217,2017,47,-63,6
217,2017,47,-53,2
217,2017,47,3,1
217,2017,47,11,1
217,2017,49,-125,2
217,2017,49,-123,14
217,2017,49,-119,1
217,2017,49,-117,3
217,2017,49,-115,1
217,2017,49,-107,2
217,2017,49,-97,2
217,2017,49,-95,2
217,2017,49,-93,1
217,2017,49,-89,1
217,2017,49,-69,1
217,2017,49,3,3
217,2017,49,7,3
217,2017,49,9,1
217,2017,49,11,1
217,2017,51,-125,1
217,2017,51,-117,1
217,2017,51,-115,1
217,2017,51,-97,1
217,2017,51,-93,1
217,2017,51,-3,3
217,2017,51,-1,3
217,2017,51,1,2
217,2017,51,13,1
217,2017,53,-105,1
217,2017,53,-95,1
217,2017,53,-9,2
217,2017,53,-3,1
217,2017,53,-1,1
217,2017,53,1,1
217,2017,53,7,6
217,2017,55,-123,1
217,2017,55,-1,2
217,2017,55,9,1
217,2017,55,13,1
217,2017,55,25,1
217,2017,57,-135,1
217,2017,57,-3,1
217,2017,57,19,1
217,2017,59,17,1
217,2017,61,-139,1
217,2017,61,25,1
217,2017,63,29,1
217,2018,-29,31,1
217,2018,-29,153,1
217,2018,-27,33,2
217,2018,-25,-49,13
217,2018,-25,25,1
217,2018,-25,29,1
217,2018,-25,31,1
217,2018,-25,151,2
217,2018,-23,-47,1
217,2018,-23,17,1
217,2018,-17,25,4
217,2018,1,37,2
217,2018,1,103,4
217,2018,3,101,2
217,2018,5,101,4
217,2018,7,-75,1
217,2018,9,-85,4
217,2018,9,-83,1
217,2018,9,-79,1
217,2018,9,77,1
217,2018,11,-85,1
217,2018,11,77,1
217,2018,13,-89,1
217,2018,13,-87,4
217,2018,13,77,4
217,2018,13,81,2
217,2018,15,-97,40
217,2018,15,-93,1
217,2018,15,-89,1
217,2018,15,-87,3
217,2018,17,-97,20
217,2018,17,-95,27
217,2018,17,-93,45
217,2018,17,-63,2
217,2018,17,73,1
217,2018,19,-105,1
217,2018,19,-103,2
217,2018,19,-101,8
217,2018,19,-99,86
217,2018,19,-97,33
217,2018,19,-95,28
217,2018,19,-93,1
217,2018,19,-81,1
217,2018,19,-69,1
217,2018,19,73,8
217,2018,21,-105,18
217,2018,21,-103,24
217,2018,21,-101,15
217,2018,21,-99,15
217,2018,21,-97,2
217,2018,21,-89,4
217,2018,23,-111,12
217,2018,23,-107,24
217,2018,23,-105,4
217,2018,23,-103,1
217,2018,23,-101,2
217,2018,23,-99,8
217,2018,23,113,1
217,2018,23,115,4
217,2018,23,121,1
217,2018,25,-107,1
217,2018,25,-101,64
217,2018,25,-81,18
217,2018,27,-101,3
217,2018,27,-99,47
217,2018,27,-97,43
217,2018,27,-83,6
217,2018,27,-81,20
217,2018,27,79,2
217,2018,29,-113,1
217,2018,29,-111,1
217,2018,29,-107,2
217,2018,29,-103,1
217,2018,29,-99,61
217,2018,29,-97,4
217,2018,29,-95,28
217,2018,29,-91,5
217,2018,29,-85,1
217,2018,29,-83,26
217,2018,29,-81,43
217,2018,31,-113,1
217,2018,31,-111,58
217,2018,31,-109,19
217,2018,31,-107,2
217,2018,31,-105,13
217,2018,31,-103,8
217,2018,31,-101,1
217,2018,31,-99,14
217,2018,31,-97,35
217,2018,31,-95,13
217,2018,31,-93,6
217,2018,31,-91,19
217,2018,31,-89,16
217,2018,31,-87,6
217,2018,31,-85,19
217,2018,31,-83,3
217,2018,31,-81,10
217,2018,33,-119,20
217,2018,33,-117,52
217,2018,33,-115,1
217,2018,33,-113,5
217,2018,33,-111,63
217,2018,33,-109,5
217,2018,33,-107,2
217,2018,33,-105,1
217,2018,33,-103,14
217,2018,33,-101,3
217,2018,33,-97,49
217,2018,33,-95,5
217,2018,33,-93,3
217,2018,33,-91,3
217,2018,33,-89,20
217,2018,33,-87,9
217,2018,33,-85,30
217,2018,33,-83,4
217,2018,33,-81,16
217,2018,33,-79,9
217,2018,35,-121,28
217,2018,35,-119,46
217,2018,35,-117,19
217,2018,35,-113,3
217,2018,35,-111,3
217,2018,35,-107,3
217,2018,35,-101,8
217,2018,35,-99,4
217,2018,35,-97,7
217,2018,35,-95,19
217,2018,35,-93,15
217,2018,35,-91,4
217,2018,35,-89,16
217,2018,35,-87,29
217,2018,35,-85,41
217,2018,35,-83,79
217,2018,35,-81,16
217,2018,35,-79,41
217,2018,35,-77,9
217,2018,35,25,1
217,2018,35,129,1
217,2018,37,-123,99
217,2018,37,-121,25
217,2018,37,-119,9
217,2018,37,-115,3
217,2018,37,-111,1
217,2018,37,-107,1
217,2018,37,-105,3
217,2018,37,-99,3
217,2018,37,-97,7
217,2018,37,-95,11
217,2018,37,-93,28
217,2018,37,-91,4
217,2018,37,-89,51
217,2018,37,-87,38
217,2018,37,-85,18
217,2018,37,-83,24
217,2018,37,-81,22
217,2018,37,-79,17
217,2018,37,-77,36
217,2018,37,-75,2
217,2018,37,127,5
217,2018,39,-123,30
217,2018,39,-121,29
217,2018,39,-119,8
217,2018,39,-115,4
217,2018,39,-109,1
217,2018,39,-107,3
217,2018,39,-105,29
217,2018,39,-103,2
217,2018,39,-97,8
217,2018,39,-95,23
217,2018,39,-93,7
217,2018,39,-91,34
217,2018,39,-89,13
217,2018,39,-87,28
217,2018,39,-85,78
217,2018,39,-83,34
217,2018,39,-81,18
217,2018,39,-79,30
217,2018,39,-77,182
217,2018,39,-75,49
217,2018,39,-9,2
217,2018,41,-125,4
217,2018,41,-123,2
217,2018,41,-121,1
217,2018,41,-111,18
217,2018,41,-107,5
217,2018,41,-105,18
217,2018,41,-103,6
217,2018,41,-97,11
217,2018,41,-95,11
217,2018,41,-93,6
217,2018,41,-91,3
217,2018,41,-89,62
217,2018,41,-87,140
217,2018,41,-85,24
217,2018,41,-83,53
217,2018,41,-81,143
217,2018,41,-79,29
217,2018,41,-77,60
217,2018,41,-75,128
217,2018,41,-73,196
217,2018,41,-71,16
217,2018,41,-3,1
217,2018,41,-1,2
217,2018,41,15,1
217,2018,41,21,2
217,2018,43,-125,1
217,2018,43,-123,2
217,2018,43,-121,2
217,2018,43,-115,1
217,2018,43,-111,4
217,2018,43,-103,3
217,2018,43,-99,1
217,2018,43,-97,6
217,2018,43,-93,7
217,2018,43,-91,5
217,2018,43,-89,74
217,2018,43,-87,34
217,2018,43,-85,31
217,2018,43,-83,29
217,2018,43,-81,122
217,2018,43,-79,135
217,2018,43,-77,22
217,2018,43,-75,5
217,2018,43,-73,89
217,2018,43,-71,48
217,2018,43,-69,1
217,2018,43,-65,1
217,2018,43,1,2
217,2018,43,3,1
217,2018,43,15,1
217,2018,43,23,1
217,2018,45,-123,7
217,2018,45,-119,1
217,2018,45,-115,1
217,2018,45,-111,11
217,2018,45,-109,1
217,2018,45,-107,1
217,2018,45,-95,9
217,2018,45,-93,80
217,2018,45,-91,5
217,2018,45,-89,3
217,2018,45,-87,13
217,2018,45,-85,10
217,2018,45,-81,36
217,2018,45,-79,116
217,2018,45,-77,91
217,2018,45,-75,41
217,2018,45,-73,85
217,2018,45,-71,9
217,2018,45,-69,11
217,2018,45,-67,5
217,2018,45,-65,12
217,2018,45,-63,4
217,2018,45,-1,2
217,2018,45,5,2
217,2018,45,7,7
217,2018,45,9,1
217,2018,45,11,4
217,2018,45,13,1
217,2018,47,-123,19
217,2018,47,-121,9
217,2018,47,-117,4
217,2018,47,-115,5
217,2018,47,-113,5
217,2018,47,-103,3
217,2018,47,-101,6
217,2018,47,-95,4
217,2018,47,-93,9
217,2018,47,-91,7
217,2018,47,-89,1
217,2018,47,-87,4
217,2018,47,-85,1
217,2018,47,-83,4
217,2018,47,-81,4
217,2018,47,-79,6
217,2018,47,-77,1
217,2018,47,-75,3
217,2018,47,-71,3
217,2018,47,-65,2
217,2018,47,-63,3
217,2018,47,-61,1
217,2018,47,-53,2
217,2018,47,-1,3
217,2018,47,9,3
217,2018,47,11,1
217,2018,49,-125,2
217,2018,49,-123,13
217,2018,49,-121,2
217,2018,49,-119,3
217,2018,49,-115,2
217,2018,49,-113,2
217,2018,49,-109,1
217,2018,49,-101,8
217,2018,49,-99,1
217,2018,49,-97,5
217,2018,49,-95,13
217,2018,49,-93,6
217,2018,49,-89,7
217,2018,49,-87,4
217,2018,49,-71,1
217,2018,49,-67,1
217,2018,49,-63,1
217,2018,49,-57,6
217,2018,49,-3,1
217,2018,49,3,2
217,2018,49,7,3
217,2018,49,9,1
217,2018,49,11,1
217,2018,49,13,1
217,2018,49,17,2
217,2018,49,27,1
217,2018,51,-125,1
217,2018,51,-121,1
217,2018,51,-117,1
217,2018,51,-105,1
217,2018,51,-93,6
217,2018,51,-9,2
217,2018,51,-3,6
217,2018,51,-1,1
217,2018,51,1,3
217,2018,51,3,4
217,2018,51,7,1
217,2018,51,13,1
217,2018,53,-115,1
217,2018,53,-113,1
217,2018,53,-107,1
217,2018,53,-105,1
217,2018,53,-7,1
217,2018,53,-1,5
217,2018,53,1,1
217,2018,53,7,1
217,2018,53,13,1
217,2018,53,15,1
217,2018,55,-123,4
217,2018,55,-3,3
217,2018,55,-1,3
217,2018,55,9,1
217,2018,55,13,1
217,2018,55,25,2
217,2018,55,33,1
217,2018,57,-91,1
217,2018,57,-3,5
217,2018,57,11,1
217,2018,57,15,1
217,2018,57,37,1
217,2018,59,17,1
217,2018,63,7,1
217,2018,65,-151,1
217,2018,65,-97,1
217,2018,69,-139,1
224,2015,-21,165,1
224,2015,1,103,1
224,2015,9,-77,2
224,2015,11,77,1
224,2015,15,-97,35
224,2015,17,-97,1
224,2015,17,-95,5
224,2015,17,-93,1
224,2015,19,-99,23
224,2015,19,-97,3
224,2015,21,-105,8
224,2015,21,-103,8
224,2015,21,-101,9
224,2015,21,-99,2
224,2015,23,-107,16
224,2015,23,-101,3
224,2015,23,115,1
224,2015,25,-107,6
224,2015,25,-103,21
224,2015,25,-101,3
224,2015,27,-99,10
224,2015,27,-83,1
224,2015,29,-109,1
224,2015,29,-99,2
224,2015,29,-97,2
224,2015,29,-95,19
224,2015,29,-81,1
224,2015,31,-111,40
224,2015,31,-105,3
224,2015,31,-103,7
224,2015,31,-97,5
224,2015,31,-95,4
224,2015,31,-93,1
224,2015,31,-89,7
224,2015,33,-119,1
224,2015,33,-117,13
224,2015,33,-113,3
224,2015,33,-111,1
224,2015,33,-105,2
224,2015,33,-99,3
224,2015,33,-97,43
224,2015,33,-95,8
224,2015,33,-93,1
224,2015,33,-87,3
224,2015,33,-85,3
224,2015,35,-119,5
224,2015,35,-117,1
224,2015,35,-115,2
224,2015,35,-113,1
224,2015,35,-105,1
224,2015,35,-97,2
224,2015,35,-95,1
224,2015,35,-93,3
224,2015,35,-89,2
224,2015,35,-87,6
224,2015,35,-85,1
224,2015,35,-83,11
224,2015,35,-81,19
224,2015,35,-79,21
224,2015,37,-123,29
224,2015,37,-121,23
224,2015,37,-119,2
224,2015,37,-115,5
224,2015,37,-113,1
224,2015,37,-111,1
224,2015,37,-105,1
224,2015,37,-97,6
224,2015,37,-87,7
224,2015,37,-83,1
224,2015,37,-81,7
224,2015,37,-79,7
224,2015,37,-77,17
224,2015,37,-75,7
224,2015,37,-25,1
224,2015,39,-123,21
224,2015,39,-121,11
224,2015,39,-111,3
224,2015,39,-105,13
224,2015,39,-95,1
224,2015,39,-91,1
224,2015,39,-89,5
224,2015,39,-85,17
224,2015,39,-79,4
224,2015,39,-77,36
224,2015,39,-75,4
224,2015,39,27,1
224,2015,41,-125,1
224,2015,41,-111,1
224,2015,41,-107,1
224,2015,41,-105,1
224,2015,41,-89,3
224,2015,41,-87,32
224,2015,41,-83,9
224,2015,41,-81,13
224,2015,41,-79,1
224,2015,41,-77,2
224,2015,41,-75,3
224,2015,41,-73,4
224,2015,41,1,2
224,2015,43,-123,1
224,2015,43,-113,2
224,2015,43,-93,2
224,2015,43,-91,1
224,2015,43,-89,5
224,2015,43,-87,4
224,2015,43,-85,3
224,2015,43,-83,9
224,2015,43,-81,4
224,2015,43,-79,7
224,2015,43,-77,1
224,2015,43,-73,21
224,2015,43,-5,6
224,2015,45,-111,1
224,2015,45,-97,1
224,2015,45,-91,1
224,2015,45,-85,5
224,2015,45,-81,4
224,2015,45,-79,5
224,2015,45,-77,4
224,2015,45,-75,6
224,2015,45,-73,22
224,2015,45,-71,1
224,2015,45,-65,2
224,2015,45,-61,4
224,2015,45,7,2
224,2015,45,11,1
224,2015,47,-91,1
224,2015,47,-85,2
224,2015,47,-83,1
224,2015,47,-81,1
224,2015,49,-123,1
224,2015,49,-121,2
224,2015,49,-119,1
224,2015,49,-117,1
224,2015,49,-95,1
224,2015,49,-89,1
224,2015,49,-83,1
224,2015,49,3,1
224,2015,51,-93,3
224,2015,51,-1,1
224,2015,51,7,5
224,2015,57,-119,1
224,2015,59,17,1
224,2015,61,-151,1
224,2016,-35,19,1
224,2016,-29,33,1
224,2016,1,103,1
224,2016,5,117,3
224,2016,9,-85,2
224,2016,9,-79,5
224,2016,11,-85,6
224,2016,11,1,1
224,2016,13,-87,5
224,2016,13,81,1
224,2016,15,-97,18
224,2016,15,-95,3
224,2016,15,-93,6
224,2016,17,-97,2
224,2016,17,-95,1
224,2016,17,-93,18
224,2016,17,-91,1
224,2016,19,-105,11
224,2016,19,-101,1
224,2016,19,-99,52
224,2016,19,-97,55
224,2016,19,-95,6
224,2016,19,-89,3
224,2016,19,-71,7
224,2016,19,73,1
224,2016,21,-105,15
224,2016,21,-103,1
224,2016,21,-101,28
224,2016,21,-99,14
224,2016,21,-89,1
224,2016,21,-87,2
224,2016,21,101,2
224,2016,23,-107,31
224,2016,25,-103,1
224,2016,25,-101,26
224,2016,25,-99,1
224,2016,25,-81,8
224,2016,27,-109,1
224,2016,27,-101,3
224,2016,27,-99,15
224,2016,27,-97,16
224,2016,27,-83,2
224,2016,27,-81,3
224,2016,29,-113,3
224,2016,29,-111,2
224,2016,29,-103,3
224,2016,29,-101,1
224,2016,29,-99,3
224,2016,29,-97,26
224,2016,29,-95,11
224,2016,29,-91,2
224,2016,29,-83,2
224,2016,29,-81,6
224,2016,31,-111,60
224,2016,31,-109,24
224,2016,31,-107,1
224,2016,31,-103,2
224,2016,31,-99,4
224,2016,31,-97,17
224,2016,31,-95,2
224,2016,31,-93,3
224,2016,31,-91,1
224,2016,31,-85,2
224,2016,31,-83,1
224,2016,31,-81,8
224,2016,33,-119,2
224,2016,33,-117,27
224,2016,33,-115,2
224,2016,33,-113,1
224,2016,33,-111,15
224,2016,33,-109,1
224,2016,33,-105,1
224,2016,33,-99,2
224,2016,33,-97,58
224,2016,33,-95,2
224,2016,33,-93,2
224,2016,33,-87,8
224,2016,33,-85,20
224,2016,33,-83,9
224,2016,33,-81,1
224,2016,35,-121,1
224,2016,35,-119,19
224,2016,35,-117,2
224,2016,35,-111,2
224,2016,35,-109,2
224,2016,35,-107,3
224,2016,35,-101,2
224,2016,35,-97,22
224,2016,35,-95,1
224,2016,35,-93,1
224,2016,35,-91,1
224,2016,35,-89,2
224,2016,35,-87,31
224,2016,35,-85,8
224,2016,35,-83,45
224,2016,35,-81,12
224,2016,35,-79,23
224,2016,35,-75,1
224,2016,37,-123,70
224,2016,37,-121,15
224,2016,37,-119,11
224,2016,37,-107,3
224,2016,37,-99,1
224,2016,37,-97,1
224,2016,37,-95,3
224,2016,37,-93,2
224,2016,37,-89,5
224,2016,37,-87,20
224,2016,37,-85,3
224,2016,37,-83,3
224,2016,37,-81,8
224,2016,37,-79,9
224,2016,37,-77,38
224,2016,37,127,2
224,2016,39,-123,28
224,2016,39,-121,6
224,2016,39,-119,1
224,2016,39,-109,2
224,2016,39,-105,9
224,2016,39,-97,1
224,2016,39,-95,8
224,2016,39,-93,2
224,2016,39,-91,11
224,2016,39,-89,6
224,2016,39,-87,8
224,2016,39,-85,16
224,2016,39,-83,13
224,2016,39,-79,23
224,2016,39,-77,66
224,2016,39,-75,13
224,2016,39,141,2
224,2016,41,-121,1
224,2016,41,-111,3
224,2016,41,-109,1
224,2016,41,-107,2
224,2016,41,-105,2
224,2016,41,-103,1
224,2016,41,-97,2
224,2016,41,-95,2
224,2016,41,-93,2
224,2016,41,-91,5
224,2016,41,-89,12
224,2016,41,-87,20
224,2016,41,-85,2
224,2016,41,-83,7
224,2016,41,-81,22
224,2016,41,-79,5
224,2016,41,-77,14
224,2016,41,-75,28
224,2016,41,-73,33
224,2016,41,-71,6
224,2016,41,-7,1
224,2016,41,13,1
224,2016,43,-123,13
224,2016,43,-119,1
224,2016,43,-105,1
224,2016,43,-93,1
224,2016,43,-91,2
224,2016,43,-89,12
224,2016,43,-87,10
224,2016,43,-85,11
224,2016,43,-83,10
224,2016,43,-81,13
224,2016,43,-79,18
224,2016,43,-77,5
224,2016,43,-75,2
224,2016,43,-73,27
224,2016,43,-71,8
224,2016,43,1,1
224,2016,45,-125,4
224,2016,45,-123,6
224,2016,45,-111,2
224,2016,45,-103,1
224,2016,45,-97,9
224,2016,45,-95,1
224,2016,45,-93,13
224,2016,45,-91,1
224,2016,45,-89,1
224,2016,45,-87,3
224,2016,45,-85,1
224,2016,45,-81,3
224,2016,45,-79,6
224,2016,45,-77,7
224,2016,45,-75,6
224,2016,45,-73,29
224,2016,45,-69,2
224,2016,45,-67,2
224,2016,45,-63,1
224,2016,45,-61,2
224,2016,45,3,1
224,2016,45,5,1
224,2016,45,7,2
224,2016,45,9,1
224,2016,45,25,1
224,2016,47,-123,12
224,2016,47,-121,4
224,2016,47,-117,2
224,2016,47,-111,1
224,2016,47,-93,2
224,2016,47,-91,1
224,2016,47,-79,1
224,2016,47,-71,1
224,2016,47,-61,1
224,2016,47,9,1
224,2016,49,-125,2
224,2016,49,-123,11
224,2016,49,-121,2
224,2016,49,-117,4
224,2016,49,-107,1
224,2016,49,-105,2
224,2016,49,-97,4
224,2016,49,-89,2
224,2016,49,3,2
224,2016,49,9,4
224,2016,49,17,1
224,2016,51,-97,1
224,2016,51,-3,1
224,2016,51,3,2
224,2016,51,7,1
224,2016,51,9,1
224,2016,53,-107,1
224,2016,53,11,1
224,2016,57,13,1
224,2016,57,17,1
224,2016,59,11,3
224,2016,59,23,1
224,2016,61,-135,1
224,2016,63,-69,9
224,2016,65,-147,1
224,2017,-39,145,1
224,2017,-31,153,3
224,2017,-25,-55,1
224,2017,-17,-63,1
224,2017,-7,107,1
224,2017,1,103,14
224,2017,7,-81,1
224,2017,9,-85,4
224,2017,9,-83,1
224,2017,11,-85,35
224,2017,13,-89,1
224,2017,13,-85,12
224,2017,15,-97,24
224,2017,15,-93,1
224,2017,15,-91,4
224,2017,15,-89,1
224,2017,15,77,1
224,2017,17,-99,1
224,2017,17,-97,20
224,2017,17,-93,17
224,2017,17,-91,6
224,2017,19,-105,4
224,2017,19,-103,10
224,2017,19,-101,5
224,2017,19,-99,44
224,2017,19,-97,26
224,2017,19,-95,7
224,2017,19,-93,1
224,2017,19,-89,1
224,2017,19,-69,2
224,2017,19,-67,1
224,2017,19,75,1
224,2017,21,-157,1
224,2017,21,-105,10
224,2017,21,-103,2
224,2017,21,-101,6
224,2017,21,-99,15
224,2017,21,-97,30
224,2017,21,-89,6
224,2017,21,-87,2
224,2017,23,-107,47
224,2017,23,-101,1
224,2017,23,-99,2
224,2017,23,-97,3
224,2017,23,115,1
224,2017,25,-111,1
224,2017,25,-101,22
224,2017,25,-81,3
224,2017,27,-109,3
224,2017,27,-99,21
224,2017,27,-97,6
224,2017,27,-83,5
224,2017,27,-81,7
224,2017,29,-111,11
224,2017,29,-107,1
224,2017,29,-101,57
224,2017,29,-99,3
224,2017,29,-97,1
224,2017,29,-95,48
224,2017,29,-91,1
224,2017,29,-83,32
224,2017,29,-81,19
224,2017,31,-111,37
224,2017,31,-109,8
224,2017,31,-105,10
224,2017,31,-101,1
224,2017,31,-99,2
224,2017,31,-97,20
224,2017,31,-95,34
224,2017,31,-93,11
224,2017,31,-91,5
224,2017,31,-87,4
224,2017,31,-85,8
224,2017,31,-83,2
224,2017,31,-81,17
224,2017,33,-119,15
224,2017,33,-117,29
224,2017,33,-111,16
224,2017,33,-109,8
224,2017,33,-107,1
224,2017,33,-103,6
224,2017,33,-101,3
224,2017,33,-99,2
224,2017,33,-97,85
224,2017,33,-95,24
224,2017,33,-93,5
224,2017,33,-89,2
224,2017,33,-87,15
224,2017,33,-85,18
224,2017,33,-83,6
224,2017,33,-81,22
224,2017,33,-79,3
224,2017,33,35,1
224,2017,35,-119,73
224,2017,35,-117,19
224,2017,35,-113,2
224,2017,35,-111,5
224,2017,35,-107,6
224,2017,35,-105,1
224,2017,35,-97,1
224,2017,35,-95,18
224,2017,35,-93,16
224,2017,35,-91,2
224,2017,35,-87,5
224,2017,35,-85,31
224,2017,35,-83,26
224,2017,35,-81,14
224,2017,35,-79,25
224,2017,35,-75,12
224,2017,37,-123,95
224,2017,37,-121,34
224,2017,37,-119,14
224,2017,37,-115,7
224,2017,37,-107,4
224,2017,37,-105,3
224,2017,37,-103,2
224,2017,37,-101,1
224,2017,37,-97,3
224,2017,37,-95,5
224,2017,37,-93,4
224,2017,37,-91,10
224,2017,37,-89,2
224,2017,37,-87,18
224,2017,37,-85,9
224,2017,37,-83,3
224,2017,37,-81,10
224,2017,37,-79,34
224,2017,37,-77,18
224,2017,37,-75,2
224,2017,37,-5,1
224,2017,37,27,1
224,2017,37,127,1
224,2017,39,-123,61
224,2017,39,-121,17
224,2017,39,-119,3
224,2017,39,-105,21
224,2017,39,-103,4
224,2017,39,-97,5
224,2017,39,-95,8
224,2017,39,-93,14
224,2017,39,-91,34
224,2017,39,-89,5
224,2017,39,-87,22
224,2017,39,-85,40
224,2017,39,-83,22
224,2017,39,-81,5
224,2017,39,-79,15
224,2017,39,-77,201
224,2017,39,-75,45
224,2017,39,-9,1
224,2017,41,-125,5
224,2017,41,-123,6
224,2017,41,-121,3
224,2017,41,-115,2
224,2017,41,-111,7
224,2017,41,-105,14
224,2017,41,-99,3
224,2017,41,-97,3
224,2017,41,-93,3
224,2017,41,-89,16
224,2017,41,-87,90
224,2017,41,-85,8
224,2017,41,-83,38
224,2017,41,-81,89
224,2017,41,-79,9
224,2017,41,-77,30
224,2017,41,-75,105
224,2017,41,-73,111
224,2017,41,-71,8
224,2017,41,-69,9
224,2017,41,15,1
224,2017,43,-123,7
224,2017,43,-121,2
224,2017,43,-117,5
224,2017,43,-113,5
224,2017,43,-111,1
224,2017,43,-109,2
224,2017,43,-97,1
224,2017,43,-95,4
224,2017,43,-93,15
224,2017,43,-91,11
224,2017,43,-89,10
224,2017,43,-87,15
224,2017,43,-85,11
224,2017,43,-83,41
224,2017,43,-81,68
224,2017,43,-79,39
224,2017,43,-77,16
224,2017,43,-75,6
224,2017,43,-73,52
224,2017,43,-71,35
224,2017,43,-69,5
224,2017,43,-67,1
224,2017,43,-65,2
224,2017,43,-7,1
224,2017,45,-123,16
224,2017,45,-121,1
224,2017,45,-115,10
224,2017,45,-113,1
224,2017,45,-111,15
224,2017,45,-109,2
224,2017,45,-107,2
224,2017,45,-97,1
224,2017,45,-95,2
224,2017,45,-93,28
224,2017,45,-89,16
224,2017,45,-87,1
224,2017,45,-85,4
224,2017,45,-83,1
224,2017,45,-81,8
224,2017,45,-79,22
224,2017,45,-77,33
224,2017,45,-75,16
224,2017,45,-73,57
224,2017,45,-69,4
224,2017,45,-67,11
224,2017,45,-65,17
224,2017,45,-63,7
224,2017,45,-61,2
224,2017,45,-59,1
224,2017,45,5,4
224,2017,45,9,3
224,2017,45,11,5
224,2017,47,-125,1
224,2017,47,-123,12
224,2017,47,-121,10
224,2017,47,-117,4
224,2017,47,-115,4
224,2017,47,-113,1
224,2017,47,-93,2
224,2017,47,-91,3
224,2017,47,-89,1
224,2017,47,-87,7
224,2017,47,-85,1
224,2017,47,-81,1
224,2017,47,-79,3
224,2017,47,-65,2
224,2017,47,-63,1
224,2017,47,-61,18
224,2017,47,-59,1
224,2017,47,-53,1
224,2017,47,-3,1
224,2017,47,3,1
224,2017,49,-125,1
224,2017,49,-123,13
224,2017,49,-119,1
224,2017,49,-117,1
224,2017,49,-115,1
224,2017,49,-113,1
224,2017,49,-109,1
224,2017,49,-97,1
224,2017,49,7,1
224,2017,49,9,2
224,2017,49,11,2
224,2017,51,-115,1
224,2017,51,-109,1
224,2017,51,-105,1
224,2017,51,-99,1
224,2017,51,-97,4
224,2017,51,-93,1
224,2017,51,-3,2
224,2017,51,-1,5
224,2017,51,1,1
224,2017,51,3,3
224,2017,51,5,3
224,2017,51,15,1
224,2017,53,-107,2
224,2017,55,-5,2
224,2017,55,23,1
224,2017,55,37,1
224,2017,61,-113,1
224,2017,61,11,1
224,2017,65,-147,1
224,2017,65,-139,1
224,2018,-31,31,1
224,2018,-27,-49,1
224,2018,-25,-49,8
224,2018,-23,-45,1
224,2018,-23,17,1
224,2018,1,103,2
224,2018,5,-75,1
224,2018,5,101,1
224,2018,9,-85,12
224,2018,9,-83,1
224,2018,9,-79,4
224,2018,11,-85,4
224,2018,15,-97,4
224,2018,15,-89,3
224,2018,17,-101,1
224,2018,17,-99,1
224,2018,17,-97,12
224,2018,17,-95,1
224,2018,17,-93,21
224,2018,17,-89,6
224,2018,17,99,6
224,2018,19,-105,5
224,2018,19,-103,2
224,2018,19,-101,1
224,2018,19,-99,72
224,2018,19,-97,10
224,2018,19,-95,17
224,2018,19,-89,2
224,2018,19,-75,3
224,2018,19,73,1
224,2018,21,-105,23
224,2018,21,-103,4
224,2018,21,-101,25
224,2018,21,-99,12
224,2018,21,-97,1
224,2018,21,-89,14
224,2018,21,-87,1
224,2018,23,-109,3
224,2018,23,-107,36
224,2018,23,-101,7
224,2018,23,115,9
224,2018,23,121,2
224,2018,25,-101,55
224,2018,25,-81,12
224,2018,27,-99,17
224,2018,27,-97,42
224,2018,27,-83,5
224,2018,27,-81,33
224,2018,27,-19,1
224,2018,27,79,1
224,2018,29,-111,2
224,2018,29,-107,7
224,2018,29,-105,1
224,2018,29,-103,10
224,2018,29,-101,18
224,2018,29,-99,30
224,2018,29,-97,30
224,2018,29,-95,32
224,2018,29,-93,1
224,2018,29,-91,3
224,2018,29,-89,1
224,2018,29,-85,1
224,2018,29,-83,36
224,2018,29,-81,57
224,2018,29,77,1
224,2018,29,113,1
224,2018,31,-111,15
224,2018,31,-109,6
224,2018,31,-105,4
224,2018,31,-103,4
224,2018,31,-97,32
224,2018,31,-95,28
224,2018,31,-93,17
224,2018,31,-91,24
224,2018,31,-89,35
224,2018,31,-87,4
224,2018,31,-85,23
224,2018,31,-83,8
224,2018,31,-81,7
224,2018,33,-119,37
224,2018,33,-117,54
224,2018,33,-113,12
224,2018,33,-111,18
224,2018,33,-109,1
224,2018,33,-107,4
224,2018,33,-103,7
224,2018,33,-101,1
224,2018,33,-99,2
224,2018,33,-97,87
224,2018,33,-95,4
224,2018,33,-93,5
224,2018,33,-91,4
224,2018,33,-89,3
224,2018,33,-87,25
224,2018,33,-85,25
224,2018,33,-83,12
224,2018,33,-81,4
224,2018,33,-79,3
224,2018,35,-121,3
224,2018,35,-119,37
224,2018,35,-117,16
224,2018,35,-113,2
224,2018,35,-111,5
224,2018,35,-109,1
224,2018,35,-107,1
224,2018,35,-97,11
224,2018,35,-95,6
224,2018,35,-93,13
224,2018,35,-91,7
224,2018,35,-89,15
224,2018,35,-87,28
224,2018,35,-85,40
224,2018,35,-83,41
224,2018,35,-81,23
224,2018,35,-79,47
224,2018,35,-77,6
224,2018,37,-123,79
224,2018,37,-121,29
224,2018,37,-119,2
224,2018,37,-115,2
224,2018,37,-113,1
224,2018,37,-99,9
224,2018,37,-97,25
224,2018,37,-95,19
224,2018,37,-93,5
224,2018,37,-91,2
224,2018,37,-89,12
224,2018,37,-87,28
224,2018,37,-85,19
224,2018,37,-83,12
224,2018,37,-81,9
224,2018,37,-79,9
224,2018,37,-77,29
224,2018,37,-75,3
224,2018,37,-5,1
224,2018,37,127,2
224,2018,39,-123,21
224,2018,39,-121,43
224,2018,39,-119,2
224,2018,39,-115,2
224,2018,39,-107,5
224,2018,39,-105,14
224,2018,39,-101,1
224,2018,39,-99,2
224,2018,39,-97,11
224,2018,39,-95,17
224,2018,39,-93,23
224,2018,39,-91,46
224,2018,39,-89,13
224,2018,39,-87,17
224,2018,39,-85,76
224,2018,39,-83,59
224,2018,39,-81,6
224,2018,39,-79,31
224,2018,39,-77,235
224,2018,39,-75,64
224,2018,39,-9,3
224,2018,41,-125,5
224,2018,41,-123,4
224,2018,41,-121,3
224,2018,41,-119,1
224,2018,41,-115,1
224,2018,41,-113,1
224,2018,41,-111,21
224,2018,41,-109,1
224,2018,41,-105,18
224,2018,41,-99,4
224,2018,41,-97,11
224,2018,41,-95,10
224,2018,41,-93,14
224,2018,41,-91,24
224,2018,41,-89,52
224,2018,41,-87,122
224,2018,41,-85,31
224,2018,41,-83,59
224,2018,41,-81,158
224,2018,41,-79,41
224,2018,41,-77,42
224,2018,41,-75,148
224,2018,41,-73,196
224,2018,41,-71,21
224,2018,41,-69,1
224,2018,41,-5,2
224,2018,41,25,1
224,2018,43,-123,3
224,2018,43,-117,1
224,2018,43,-113,2
224,2018,43,-111,15
224,2018,43,-103,2
224,2018,43,-101,2
224,2018,43,-99,1
224,2018,43,-97,4
224,2018,43,-93,5
224,2018,43,-91,6
224,2018,43,-89,57
224,2018,43,-87,18
224,2018,43,-85,39
224,2018,43,-83,48
224,2018,43,-81,90
224,2018,43,-79,160
224,2018,43,-77,35
224,2018,43,-75,8
224,2018,43,-73,88
224,2018,43,-71,69
224,2018,43,-69,11
224,2018,43,-65,1
224,2018,43,5,1
224,2018,43,13,1
224,2018,43,15,1
224,2018,43,43,2
224,2018,45,-123,13
224,2018,45,-117,2
224,2018,45,-111,4
224,2018,45,-107,1
224,2018,45,-105,1
224,2018,45,-95,9
224,2018,45,-93,54
224,2018,45,-91,2
224,2018,45,-89,7
224,2018,45,-87,11
224,2018,45,-85,4
224,2018,45,-83,5
224,2018,45,-81,24
224,2018,45,-79,88
224,2018,45,-77,100
224,2018,45,-75,25
224,2018,45,-73,63
224,2018,45,-71,2
224,2018,45,-69,8
224,2018,45,-67,7
224,2018,45,-65,9
224,2018,45,-63,1
224,2018,45,-61,1
224,2018,45,5,6
224,2018,45,7,1
224,2018,45,9,2
224,2018,45,11,4
224,2018,47,-123,8
224,2018,47,-121,18
224,2018,47,-119,1
224,2018,47,-117,8
224,2018,47,-115,2
224,2018,47,-113,2
224,2018,47,-103,3
224,2018,47,-101,2
224,2018,47,-99,9
224,2018,47,-97,4
224,2018,47,-95,1
224,2018,47,-93,2
224,2018,47,-91,5
224,2018,47,-89,1
224,2018,47,-87,4
224,2018,47,-85,4
224,2018,47,-83,1
224,2018,47,-79,2
224,2018,47,-75,1
224,2018,47,-71,1
224,2018,47,-65,7
224,2018,47,-63,2
224,2018,47,-61,3
224,2018,47,-53,1
224,2018,47,9,4
224,2018,47,11,1
224,2018,47,19,1
224,2018,49,-125,1
224,2018,49,-123,18
224,2018,49,-121,6
224,2018,49,-119,10
224,2018,49,-107,2
224,2018,49,-101,3
224,2018,49,-97,7
224,2018,49,-95,1
224,2018,49,-93,1
224,2018,49,-91,1
224,2018,49,-89,5
224,2018,49,-81,2
224,2018,49,-79,5
224,2018,49,-77,2
224,2018,49,-69,2
224,2018,49,-57,1
224,2018,49,9,1
224,2018,49,15,2
224,2018,49,17,1
224,2018,51,-125,1
224,2018,51,-115,2
224,2018,51,-113,1
224,2018,51,-107,1
224,2018,51,-105,1
224,2018,51,-99,1
224,2018,51,-81,1
224,2018,51,-5,1
224,2018,51,-3,1
224,2018,51,-1,6
224,2018,51,3,2
224,2018,51,5,4
224,2018,51,7,3
224,2018,51,13,1
224,2018,51,37,1
224,2018,53,-125,1
224,2018,53,-115,3
224,2018,53,-111,1
224,2018,53,-107,1
224,2018,53,-73,2
224,2018,53,-3,1
224,2018,53,-1,2
224,2018,53,5,1
224,2018,53,7,1
224,2018,53,9,1
224,2018,53,83,1
224,2018,55,-121,1
224,2018,55,-1,3
224,2018,55,9,1
224,2018,55,13,1
224,2018,55,23,1
224,2018,55,37,1
224,2018,59,11,1
224,2018,61,-137,1
224,2018,61,25,1
224,2018,63,-115,1
224,2018,65,-135,1
224,2018,69,-133,1
231,2015,-33,23,1
231,2015,-21,167,1
231,2015,15,-97,8
231,2015,15,-93,1
231,2015,17,-99,1
231,2015,17,-95,5
231,2015,17,-93,15
231,2015,17,-91,14
231,2015,19,-101,2
231,2015,19,-99,5
231,2015,19,-97,18
231,2015,21,-105,1
231,2015,21,-103,10
231,2015,21,-101,1
231,2015,21,-99,7
231,2015,21,-89,2
231,2015,23,-107,16
231,2015,23,-101,1
231,2015,23,115,2
231,2015,25,-101,4
231,2015,25,-99,11
231,2015,25,-81,1
231,2015,27,-99,6
231,2015,27,-97,6
231,2015,27,-83,2
231,2015,29,-111,5
231,2015,29,-101,1
231,2015,29,-99,1
231,2015,29,-97,2
231,2015,29,-95,8
231,2015,29,-85,1
231,2015,31,-111,20
231,2015,31,-109,1
231,2015,31,-99,3
231,2015,31,-97,10
231,2015,31,-95,2
231,2015,31,-87,1
231,2015,31,-83,1
231,2015,33,-119,1
231,2015,33,-117,7
231,2015,33,-115,1
231,2015,33,-111,3
231,2015,33,-109,2
231,2015,33,-97,23
231,2015,33,-95,1
231,2015,33,-93,5
231,2015,33,-87,1
231,2015,33,-85,3
231,2015,33,-83,14
231,2015,33,-81,2
231,2015,35,-121,1
231,2015,35,-119,22
231,2015,35,-113,8
231,2015,35,-111,8
231,2015,35,-107,4
231,2015,35,-105,2
231,2015,35,-101,1
231,2015,35,-97,8
231,2015,35,-93,2
231,2015,35,-89,4
231,2015,35,-87,29
231,2015,35,-85,12
231,2015,35,-83,20
231,2015,35,-81,4
231,2015,35,-79,3
231,2015,35,51,1
231,2015,37,-123,36
231,2015,37,-121,7
231,2015,37,-115,2
231,2015,37,-111,1
231,2015,37,-105,9
231,2015,37,-103,1
231,2015,37,-97,8
231,2015,37,-95,4
231,2015,37,-87,7
231,2015,37,-83,1
231,2015,37,-81,5
231,2015,37,-79,6
231,2015,37,-77,14
231,2015,37,-75,4
231,2015,39,-123,13
231,2015,39,-121,18
231,2015,39,-119,3
231,2015,39,-105,4
231,2015,39,-95,4
231,2015,39,-93,2
231,2015,39,-89,5
231,2015,39,-85,20
231,2015,39,-83,2
231,2015,39,-79,5
231,2015,39,-77,76
231,2015,39,-75,4
231,2015,41,-125,1
231,2015,41,-111,4
231,2015,41,-105,3
231,2015,41,-89,20
231,2015,41,-87,1
231,2015,41,-83,2
231,2015,41,-81,26
231,2015,41,-79,2
231,2015,41,-77,2
231,2015,41,-75,8
231,2015,41,-73,5
231,2015,41,-71,5
231,2015,43,-119,1
231,2015,43,-95,1
231,2015,43,-91,1
231,2015,43,-89,3
231,2015,43,-87,2
231,2015,43,-85,1
231,2015,43,-83,3
231,2015,43,-81,1
231,2015,43,-79,12
231,2015,43,-77,2
231,2015,43,-73,23
231,2015,43,-71,1
231,2015,45,-111,1
231,2015,45,-97,3
231,2015,45,-81,9
231,2015,45,-77,1
231,2015,45,-75,8
231,2015,45,-73,18
231,2015,45,-71,1
231,2015,45,-69,2
231,2015,45,5,1
231,2015,45,7,1
231,2015,47,-123,2
231,2015,47,-115,1
231,2015,47,-113,1
231,2015,47,-87,4
231,2015,47,-81,3
231,2015,47,-71,1
231,2015,47,-61,1
231,2015,47,-1,1
231,2015,47,13,1
231,2015,49,-123,5
231,2015,49,-97,1
231,2015,51,-1,1
231,2015,51,7,4
231,2015,55,-1,1
231,2015,61,11,1
231,2016,1,103,1
231,2016,3,-77,1
231,2016,9,-83,1
231,2016,9,-79,5
231,2016,13,-89,1
231,2016,13,77,1
231,2016,15,-97,24
231,2016,15,-91,5
231,2016,15,-89,3
231,2016,17,-97,6
231,2016,17,-95,5
231,2016,17,-93,14
231,2016,19,-105,6
231,2016,19,-103,1
231,2016,19,-101,3
231,2016,19,-99,34
231,2016,19,-97,25
231,2016,19,-95,5
231,2016,19,-89,4
231,2016,19,-77,1
231,2016,19,73,1
231,2016,21,-105,9
231,2016,21,-103,35
231,2016,21,-101,25
231,2016,21,-99,22
231,2016,21,-97,1
231,2016,21,-89,1
231,2016,21,-87,1
231,2016,21,-77,3
231,2016,21,-75,1
231,2016,23,-107,28
231,2016,23,-99,1
231,2016,25,-109,1
231,2016,25,-101,36
231,2016,25,-99,1
231,2016,25,-81,10
231,2016,27,-99,2
231,2016,27,-97,13
231,2016,27,-81,5
231,2016,27,91,1
231,2016,29,-113,1
231,2016,29,-111,5
231,2016,29,-107,1
231,2016,29,-99,2
231,2016,29,-97,5
231,2016,29,-95,25
231,2016,29,-89,1
231,2016,29,-81,7
231,2016,31,-111,68
231,2016,31,-103,2
231,2016,31,-101,1
231,2016,31,-99,4
231,2016,31,-97,27
231,2016,31,-95,9
231,2016,31,-87,3
231,2016,31,-85,2
231,2016,31,-83,1
231,2016,31,-81,2
231,2016,31,79,1
231,2016,33,-119,1
231,2016,33,-117,20
231,2016,33,-111,8
231,2016,33,-109,1
231,2016,33,-99,2
231,2016,33,-97,51
231,2016,33,-95,6
231,2016,33,-93,2
231,2016,33,-87,13
231,2016,33,-85,12
231,2016,33,-83,9
231,2016,33,-81,9
231,2016,35,-119,15
231,2016,35,-117,8
231,2016,35,-109,1
231,2016,35,-107,1
231,2016,35,-101,2
231,2016,35,-97,4
231,2016,35,-95,2
231,2016,35,-93,8
231,2016,35,-91,16
231,2016,35,-89,4
231,2016,35,-87,27
231,2016,35,-85,19
231,2016,35,-83,28
231,2016,35,-81,17
231,2016,35,-79,81
231,2016,35,-77,2
231,2016,35,-75,7
231,2016,37,-123,48
231,2016,37,-121,39
231,2016,37,-115,1
231,2016,37,-113,1
231,2016,37,-111,1
231,2016,37,-105,2
231,2016,37,-99,1
231,2016,37,-97,3
231,2016,37,-95,11
231,2016,37,-93,2
231,2016,37,-91,1
231,2016,37,-89,6
231,2016,37,-87,38
231,2016,37,-85,4
231,2016,37,-83,8
231,2016,37,-81,12
231,2016,37,-79,14
231,2016,37,-77,38
231,2016,37,-75,2
231,2016,39,-123,23
231,2016,39,-121,18
231,2016,39,-119,2
231,2016,39,-109,8
231,2016,39,-107,1
231,2016,39,-105,3
231,2016,39,-103,1
231,2016,39,-97,6
231,2016,39,-95,9
231,2016,39,-93,1
231,2016,39,-91,8
231,2016,39,-89,15
231,2016,39,-87,7
231,2016,39,-85,34
231,2016,39,-83,6
231,2016,39,-79,16
231,2016,39,-77,80
231,2016,39,-75,8
231,2016,41,-125,5
231,2016,41,-121,2
231,2016,41,-107,2
231,2016,41,-105,5
231,2016,41,-103,4
231,2016,41,-97,8
231,2016,41,-95,2
231,2016,41,-91,2
231,2016,41,-89,4
231,2016,41,-87,33
231,2016,41,-85,1
231,2016,41,-83,21
231,2016,41,-81,32
231,2016,41,-79,7
231,2016,41,-77,8
231,2016,41,-75,31
231,2016,41,-73,20
231,2016,41,-71,10
231,2016,41,-9,1
231,2016,41,-7,3
231,2016,41,23,1
231,2016,43,-123,13
231,2016,43,-113,2
231,2016,43,-111,18
231,2016,43,-97,1
231,2016,43,-93,1
231,2016,43,-89,17
231,2016,43,-87,7
231,2016,43,-85,7
231,2016,43,-83,29
231,2016,43,-81,3
231,2016,43,-79,7
231,2016,43,-77,5
231,2016,43,-75,2
231,2016,43,-73,17
231,2016,43,-71,16
231,2016,43,-69,1
231,2016,43,-9,1
231,2016,43,-7,1
231,2016,43,-5,2
231,2016,43,-3,2
231,2016,43,11,1
231,2016,45,-125,1
231,2016,45,-123,3
231,2016,45,-121,1
231,2016,45,-117,2
231,2016,45,-97,8
231,2016,45,-95,1
231,2016,45,-93,7
231,2016,45,-89,1
231,2016,45,-79,8
231,2016,45,-77,1
231,2016,45,-75,17
231,2016,45,-73,25
231,2016,45,-67,1
231,2016,45,-65,3
231,2016,45,7,3
231,2016,45,9,1
231,2016,45,11,1
231,2016,45,13,1
231,2016,47,-125,2
231,2016,47,-123,5
231,2016,47,-121,2
231,2016,47,-117,2
231,2016,47,-95,3
231,2016,47,-91,1
231,2016,47,-89,3
231,2016,47,-87,2
231,2016,49,-125,1
231,2016,49,-123,1
231,2016,49,-121,1
231,2016,49,-117,3
231,2016,49,-97,2
231,2016,49,-93,1
231,2016,49,-89,2
231,2016,49,9,6
231,2016,51,-121,4
231,2016,51,-105,2
231,2016,51,-103,1
231,2016,51,-97,1
231,2016,51,-93,1
231,2016,51,7,4
231,2016,53,-119,1
231,2016,53,-117,3
231,2016,53,-111,1
231,2016,55,25,1
231,2016,59,-135,1
231,2017,-31,153,2
231,2017,-25,15,1
231,2017,-17,179,1
231,2017,-7,107,1
231,2017,1,103,17
231,2017,5,-75,1
231,2017,7,3,2
231,2017,9,-79,1
231,2017,11,-85,1
231,2017,13,-89,3
231,2017,13,77,1
231,2017,15,-97,70
231,2017,15,-91,2
231,2017,15,75,1
231,2017,17,-97,1
231,2017,17,-93,27
231,2017,17,-91,5
231,2017,19,-105,8
231,2017,19,-103,11
231,2017,19,-101,5
231,2017,19,-99,61
231,2017,19,-97,36
231,2017,19,-95,3
231,2017,19,-71,1
231,2017,21,-105,16
231,2017,21,-103,2
231,2017,21,-101,6
231,2017,21,-99,25
231,2017,21,-97,35
231,2017,21,-89,9
231,2017,21,-87,3
231,2017,21,-73,1
231,2017,23,-159,1
231,2017,23,-109,2
231,2017,23,-107,19
231,2017,23,-99,6
231,2017,23,115,2
231,2017,25,-111,1
231,2017,25,-103,3
231,2017,25,-101,20
231,2017,25,-99,1
231,2017,25,-97,1
231,2017,25,-81,4
231,2017,27,-101,6
231,2017,27,-99,7
231,2017,27,-97,3
231,2017,27,-83,3
231,2017,27,-81,13
231,2017,29,-111,10
231,2017,29,-109,1
231,2017,29,-107,1
231,2017,29,-103,1
231,2017,29,-101,2
231,2017,29,-99,4
231,2017,29,-97,15
231,2017,29,-95,25
231,2017,29,-91,2
231,2017,29,-83,50
231,2017,29,-81,34
231,2017,31,-111,494
231,2017,31,-109,88
231,2017,31,-105,12
231,2017,31,-103,9
231,2017,31,-99,6
231,2017,31,-97,21
231,2017,31,-95,13
231,2017,31,-93,5
231,2017,31,-91,20
231,2017,31,-89,1
231,2017,31,-87,2
231,2017,31,-85,8
231,2017,31,-83,4
231,2017,31,-81,1
231,2017,33,-119,11
231,2017,33,-117,42
231,2017,33,-111,84
231,2017,33,-107,1
231,2017,33,-103,3
231,2017,33,-101,2
231,2017,33,-99,8
231,2017,33,-97,128
231,2017,33,-95,7
231,2017,33,-93,3
231,2017,33,-89,2
231,2017,33,-87,21
231,2017,33,-85,20
231,2017,33,-83,10
231,2017,33,-81,16
231,2017,33,-79,69
231,2017,35,-121,4
231,2017,35,-119,62
231,2017,35,-117,3
231,2017,35,-113,5
231,2017,35,-111,2
231,2017,35,-109,2
231,2017,35,-107,1
231,2017,35,-105,2
231,2017,35,-99,5
231,2017,35,-97,6
231,2017,35,-95,10
231,2017,35,-93,8
231,2017,35,-91,4
231,2017,35,-89,6
231,2017,35,-87,10
231,2017,35,-85,21
231,2017,35,-83,82
231,2017,35,-81,12
231,2017,35,-79,31
231,2017,35,-77,3
231,2017,35,-75,3
231,2017,37,-123,46
231,2017,37,-121,40
231,2017,37,-119,3
231,2017,37,-115,2
231,2017,37,-103,2
231,2017,37,-97,6
231,2017,37,-95,5
231,2017,37,-93,11
231,2017,37,-91,9
231,2017,37,-89,9
231,2017,37,-87,38
231,2017,37,-85,86
231,2017,37,-83,6
231,2017,37,-81,8
231,2017,37,-79,32
231,2017,37,-77,19
231,2017,37,-75,2
231,2017,39,-123,26
231,2017,39,-121,42
231,2017,39,-119,1
231,2017,39,-115,2
231,2017,39,-113,1
231,2017,39,-111,1
231,2017,39,-109,1
231,2017,39,-107,1
231,2017,39,-105,11
231,2017,39,-103,3
231,2017,39,-97,3
231,2017,39,-95,37
231,2017,39,-93,11
231,2017,39,-91,31
231,2017,39,-89,8
231,2017,39,-87,13
231,2017,39,-85,41
231,2017,39,-83,14
231,2017,39,-81,1
231,2017,39,-79,12
231,2017,39,-77,192
231,2017,39,-75,82
231,2017,41,-125,5
231,2017,41,-123,3
231,2017,41,-121,3
231,2017,41,-115,8
231,2017,41,-111,13
231,2017,41,-107,2
231,2017,41,-105,28
231,2017,41,-103,1
231,2017,41,-97,16
231,2017,41,-95,8
231,2017,41,-93,13
231,2017,41,-91,1
231,2017,41,-89,10
231,2017,41,-87,67
231,2017,41,-83,38
231,2017,41,-81,68
231,2017,41,-79,18
231,2017,41,-77,30
231,2017,41,-75,124
231,2017,41,-73,94
231,2017,41,-71,22
231,2017,41,-69,2
231,2017,43,-123,14
231,2017,43,-119,2
231,2017,43,-117,1
231,2017,43,-115,1
231,2017,43,-113,7
231,2017,43,-111,16
231,2017,43,-109,2
231,2017,43,-105,1
231,2017,43,-93,11
231,2017,43,-91,2
231,2017,43,-89,9
231,2017,43,-87,6
231,2017,43,-85,4
231,2017,43,-83,21
231,2017,43,-81,79
231,2017,43,-79,52
231,2017,43,-77,26
231,2017,43,-75,5
231,2017,43,-73,48
231,2017,43,-71,43
231,2017,43,-69,1
231,2017,43,-65,1
231,2017,43,-3,2
231,2017,45,-123,17
231,2017,45,-121,21
231,2017,45,-119,7
231,2017,45,-117,2
231,2017,45,-115,5
231,2017,45,-111,5
231,2017,45,-107,3
231,2017,45,-103,4
231,2017,45,-97,1
231,2017,45,-93,29
231,2017,45,-91,1
231,2017,45,-89,1
231,2017,45,-87,1
231,2017,45,-85,1
231,2017,45,-83,1
231,2017,45,-81,11
231,2017,45,-79,39
231,2017,45,-77,48
231,2017,45,-75,35
231,2017,45,-73,44
231,2017,45,-71,9
231,2017,45,-69,5
231,2017,45,-67,6
231,2017,45,-65,6
231,2017,45,-63,2
231,2017,45,9,1
231,2017,45,11,4
231,2017,47,-123,3
231,2017,47,-121,3
231,2017,47,-117,3
231,2017,47,-113,4
231,2017,47,-105,1
231,2017,47,-101,1
231,2017,47,-97,5
231,2017,47,-95,6
231,2017,47,-93,4
231,2017,47,-91,2
231,2017,47,-87,1
231,2017,47,-85,3
231,2017,47,-83,1
231,2017,47,-81,1
231,2017,47,-79,1
231,2017,47,-71,2
231,2017,47,-53,2
231,2017,47,-5,2
231,2017,47,7,3
231,2017,47,9,2
231,2017,47,11,1
231,2017,49,-123,6
231,2017,49,-113,6
231,2017,49,-105,1
231,2017,49,-103,1
231,2017,49,-97,3
231,2017,49,-89,1
231,2017,49,-55,1
231,2017,49,-3,1
231,2017,49,9,4
231,2017,51,-127,1
231,2017,51,-117,1
231,2017,51,-115,2
231,2017,51,-105,2
231,2017,51,-97,1
231,2017,51,-5,2
231,2017,51,-3,1
231,2017,51,-1,5
231,2017,51,1,2
231,2017,51,3,1
231,2017,51,5,5
231,2017,51,15,1
231,2017,53,-121,1
231,2017,53,-97,1
231,2017,53,-87,2
231,2017,53,-7,1
231,2017,53,7,2
231,2017,57,17,1
231,2017,57,43,1
231,2017,63,-115,1
231,2018,-35,21,1
231,2018,-31,17,1
231,2018,-31,31,3
231,2018,-25,-49,11
231,2018,1,103,5
231,2018,9,-81,1
231,2018,9,-79,3
231,2018,9,99,1
231,2018,11,-85,1
231,2018,15,-97,7
231,2018,15,-93,1
231,2018,15,-91,2
231,2018,15,-87,4
231,2018,17,-97,3
231,2018,17,-95,7
231,2018,17,-93,24
231,2018,17,-89,1
231,2018,19,-105,6
231,2018,19,-103,2
231,2018,19,-101,3
231,2018,19,-99,65
231,2018,19,-97,4
231,2018,19,-95,1
231,2018,19,-91,1
231,2018,19,-89,1
231,2018,19,-75,3
231,2018,19,73,1
231,2018,21,-105,3
231,2018,21,-103,11
231,2018,21,-101,39
231,2018,21,-99,43
231,2018,21,-97,1
231,2018,21,-89,3
231,2018,21,-87,1
231,2018,23,-107,18
231,2018,23,-105,2
231,2018,23,-101,5
231,2018,23,-99,7
231,2018,23,115,6
231,2018,23,121,2
231,2018,25,-107,2
231,2018,25,-103,3
231,2018,25,-101,77
231,2018,25,-99,9
231,2018,25,-81,15
231,2018,27,-101,1
231,2018,27,-99,3
231,2018,27,-97,56
231,2018,27,-83,12
231,2018,27,-81,14
231,2018,27,-77,1
231,2018,29,-111,7
231,2018,29,-105,2
231,2018,29,-103,1
231,2018,29,-101,1
231,2018,29,-99,17
231,2018,29,-97,7
231,2018,29,-95,42
231,2018,29,-91,2
231,2018,29,-85,5
231,2018,29,-83,59
231,2018,29,-81,65
231,2018,31,-117,1
231,2018,31,-111,15
231,2018,31,-109,5
231,2018,31,-107,3
231,2018,31,-105,32
231,2018,31,-103,19
231,2018,31,-99,22
231,2018,31,-97,36
231,2018,31,-95,28
231,2018,31,-93,11
231,2018,31,-91,36
231,2018,31,-89,33
231,2018,31,-87,6
231,2018,31,-85,21
231,2018,31,-83,2
231,2018,31,-81,18
231,2018,33,-119,61
231,2018,33,-117,55
231,2018,33,-115,2
231,2018,33,-111,47
231,2018,33,-109,1
231,2018,33,-107,7
231,2018,33,-105,2
231,2018,33,-103,7
231,2018,33,-101,5
231,2018,33,-99,4
231,2018,33,-97,153
231,2018,33,-95,3
231,2018,33,-93,12
231,2018,33,-91,13
231,2018,33,-89,13
231,2018,33,-87,8
231,2018,33,-85,24
231,2018,33,-83,12
231,2018,33,-81,23
231,2018,33,-79,10
231,2018,33,-77,2
231,2018,35,-121,3
231,2018,35,-119,51
231,2018,35,-117,24
231,2018,35,-115,2
231,2018,35,-111,2
231,2018,35,-109,5
231,2018,35,-101,3
231,2018,35,-99,2
231,2018,35,-97,44
231,2018,35,-95,1
231,2018,35,-93,13
231,2018,35,-91,3
231,2018,35,-89,9
231,2018,35,-87,55
231,2018,35,-85,35
231,2018,35,-83,78
231,2018,35,-81,29
231,2018,35,-79,77
231,2018,35,-77,7
231,2018,37,-123,64
231,2018,37,-121,32
231,2018,37,-119,4
231,2018,37,-115,6
231,2018,37,-105,1
231,2018,37,-101,2
231,2018,37,-99,2
231,2018,37,-97,11
231,2018,37,-95,23
231,2018,37,-93,13
231,2018,37,-91,5
231,2018,37,-89,11
231,2018,37,-87,72
231,2018,37,-85,17
231,2018,37,-83,18
231,2018,37,-81,16
231,2018,37,-79,29
231,2018,37,-77,44
231,2018,37,-75,4
231,2018,37,15,1
231,2018,39,-123,11
231,2018,39,-121,21
231,2018,39,-119,2
231,2018,39,-115,3
231,2018,39,-109,6
231,2018,39,-105,7
231,2018,39,-99,2
231,2018,39,-97,15
231,2018,39,-95,11
231,2018,39,-93,17
231,2018,39,-91,49
231,2018,39,-89,13
231,2018,39,-87,33
231,2018,39,-85,102
231,2018,39,-83,40
231,2018,39,-81,3
231,2018,39,-79,44
231,2018,39,-77,382
231,2018,39,-75,68
231,2018,39,17,1
231,2018,41,-125,8
231,2018,41,-123,3
231,2018,41,-121,4
231,2018,41,-113,1
231,2018,41,-111,4
231,2018,41,-107,1
231,2018,41,-105,17
231,2018,41,-103,1
231,2018,41,-97,8
231,2018,41,-95,5
231,2018,41,-93,7
231,2018,41,-91,5
231,2018,41,-89,27
231,2018,41,-87,83
231,2018,41,-85,13
231,2018,41,-83,86
231,2018,41,-81,75
231,2018,41,-79,36
231,2018,41,-77,25
231,2018,41,-75,154
231,2018,41,-73,285
231,2018,41,-71,25
231,2018,41,-69,3
231,2018,41,-1,1
231,2018,41,13,2
231,2018,41,15,1
231,2018,41,19,1
231,2018,43,-125,3
231,2018,43,-123,6
231,2018,43,-117,1
231,2018,43,-113,3
231,2018,43,-111,6
231,2018,43,-103,1
231,2018,43,-101,1
231,2018,43,-97,4
231,2018,43,-95,1
231,2018,43,-93,10
231,2018,43,-91,1
231,2018,43,-89,44
231,2018,43,-87,22
231,2018,43,-85,8
231,2018,43,-83,49
231,2018,43,-81,117
231,2018,43,-79,112
231,2018,43,-77,48
231,2018,43,-75,10
231,2018,43,-73,112
231,2018,43,-71,51
231,2018,43,-69,2
231,2018,43,-65,6
231,2018,43,-9,1
231,2018,43,-1,1
231,2018,43,13,1
231,2018,43,15,1
231,2018,45,-123,12
231,2018,45,-117,10
231,2018,45,-113,2
231,2018,45,-111,9
231,2018,45,-97,1
231,2018,45,-95,5
231,2018,45,-93,37
231,2018,45,-91,3
231,2018,45,-89,4
231,2018,45,-87,5
231,2018,45,-85,9
231,2018,45,-83,4
231,2018,45,-81,25
231,2018,45,-79,97
231,2018,45,-77,75
231,2018,45,-75,39
231,2018,45,-73,95
231,2018,45,-71,8
231,2018,45,-69,16
231,2018,45,-67,10
231,2018,45,-65,6
231,2018,45,-63,2
231,2018,45,-61,3
231,2018,45,-1,1
231,2018,45,9,3
231,2018,45,11,2
231,2018,45,27,2
231,2018,47,-123,13
231,2018,47,-121,4
231,2018,47,-117,3
231,2018,47,-113,4
231,2018,47,-111,1
231,2018,47,-103,5
231,2018,47,-99,1
231,2018,47,-95,2
231,2018,47,-93,5
231,2018,47,-91,3
231,2018,47,-89,8
231,2018,47,-87,1
231,2018,47,-85,2
231,2018,47,-83,1
231,2018,47,-81,1
231,2018,47,-71,2
231,2018,47,-65,9
231,2018,47,-63,3
231,2018,47,-61,4
231,2018,47,-59,1
231,2018,47,-53,7
231,2018,47,3,1
231,2018,47,11,1
231,2018,47,13,1
231,2018,49,-125,2
231,2018,49,-123,20
231,2018,49,-121,6
231,2018,49,-119,6
231,2018,49,-115,3
231,2018,49,-111,1
231,2018,49,-107,1
231,2018,49,-101,3
231,2018,49,-99,2
231,2018,49,-97,6
231,2018,49,-95,1
231,2018,49,-93,1
231,2018,49,-89,2
231,2018,49,-55,1
231,2018,49,3,2
231,2018,49,9,3
231,2018,49,15,1
231,2018,51,-123,2
231,2018,51,-115,5
231,2018,51,-107,1
231,2018,51,-95,5
231,2018,51,-81,3
231,2018,51,-5,2
231,2018,51,-3,4
231,2018,51,-1,4
231,2018,51,1,2
231,2018,51,3,3
231,2018,51,5,3
231,2018,51,15,1
231,2018,53,-125,1
231,2018,53,-119,1
231,2018,53,-117,1
231,2018,53,-7,1
231,2018,53,-3,1
231,2018,53,-1,3
231,2018,53,1,1
231,2018,53,5,2
231,2018,53,11,1
231,2018,53,83,1
231,2018,55,-3,3
231,2018,55,-1,2
231,2018,55,25,1
231,2018,57,-3,3
231,2018,59,17,1
231,2018,63,-115,3
231,2018,65,-135,2
238,2015,-29,33,1
238,2015,-23,29,1
238,2015,13,75,1
238,2015,15,-97,9
238,2015,15,-93,15
238,2015,17,-99,1
238,2015,17,-95,1
238,2015,17,-93,4
238,2015,17,-91,54
238,2015,19,-105,4
238,2015,19,-101,1
238,2015,19,-99,12
238,2015,19,-97,6
238,2015,19,-93,1
238,2015,19,-89,8
238,2015,21,-103,17
238,2015,21,-101,9
238,2015,21,-99,9
238,2015,21,-89,3
238,2015,21,-87,1
238,2015,21,75,1
238,2015,23,-107,1
238,2015,23,-103,1
238,2015,23,-99,1
238,2015,23,73,2
238,2015,25,-103,1
238,2015,25,-101,5
238,2015,25,-81,1
238,2015,27,-99,15
238,2015,27,-97,4
238,2015,29,-97,2
238,2015,29,-95,9
238,2015,29,-93,1
238,2015,29,-81,7
238,2015,31,-111,21
238,2015,31,-109,7
238,2015,31,-97,26
238,2015,31,-91,3
238,2015,31,-87,5
238,2015,31,-85,1
238,2015,33,-119,4
238,2015,33,-117,29
238,2015,33,-111,6
238,2015,33,-109,5
238,2015,33,-107,21
238,2015,33,-99,9
238,2015,33,-97,20
238,2015,33,-95,7
238,2015,33,-87,1
238,2015,33,-85,6
238,2015,33,-81,4
238,2015,35,-119,45
238,2015,35,-117,8
238,2015,35,-109,3
238,2015,35,-105,1
238,2015,35,-101,1
238,2015,35,-97,11
238,2015,35,-93,3
238,2015,35,-89,10
238,2015,35,-87,11
238,2015,35,-83,15
238,2015,35,-81,2
238,2015,35,-79,18
238,2015,37,-123,31
238,2015,37,-121,9
238,2015,37,-115,4
238,2015,37,-113,3
238,2015,37,-109,2
238,2015,37,-97,10
238,2015,37,-95,2
238,2015,37,-89,2
238,2015,37,-87,4
238,2015,37,-83,1
238,2015,37,-81,3
238,2015,37,-79,4
238,2015,37,-77,7
238,2015,39,-123,16
238,2015,39,-121,14
238,2015,39,-105,3
238,2015,39,-93,2
238,2015,39,-85,13
238,2015,39,-79,16
238,2015,39,-77,73
238,2015,39,-75,3
238,2015,39,27,1
238,2015,41,-123,1
238,2015,41,-121,2
238,2015,41,-97,4
238,2015,41,-91,1
238,2015,41,-89,4
238,2015,41,-87,15
238,2015,41,-85,2
238,2015,41,-83,2
238,2015,41,-81,19
238,2015,41,-79,2
238,2015,41,-77,4
238,2015,41,-75,13
238,2015,41,-73,7
238,2015,41,-71,6
238,2015,41,-5,1
238,2015,43,-111,1
238,2015,43,-93,1
238,2015,43,-89,3
238,2015,43,-83,6
238,2015,43,-81,1
238,2015,43,-79,5
238,2015,43,-77,3
238,2015,43,-75,2
238,2015,43,-73,19
238,2015,43,-71,3
238,2015,43,-1,1
238,2015,45,-101,1
238,2015,45,-95,1
238,2015,45,-93,4
238,2015,45,-81,2
238,2015,45,-79,1
238,2015,45,-77,1
238,2015,45,-75,4
238,2015,45,-73,21
238,2015,45,-71,1
238,2015,45,-69,2
238,2015,45,-67,1
238,2015,45,9,1
238,2015,45,19,1
238,2015,47,-89,2
238,2015,47,-53,1
238,2015,47,9,1
238,2015,47,11,1
238,2015,47,13,1
238,2015,49,-123,1
238,2015,49,-93,1
238,2015,51,-111,2
238,2015,51,7,3
238,2015,51,13,1
238,2015,57,-135,1
238,2016,-43,173,1
238,2016,-31,19,1
238,2016,-29,31,1
238,2016,9,-79,1
238,2016,11,-85,1
238,2016,13,77,7
238,2016,15,75,1
238,2016,17,-97,1
238,2016,17,-95,3
238,2016,17,-93,32
238,2016,17,-91,1
238,2016,19,-115,1
238,2016,19,-105,12
238,2016,19,-103,2
238,2016,19,-101,3
238,2016,19,-99,50
238,2016,19,-97,46
238,2016,19,-95,7
238,2016,19,-89,6
238,2016,19,73,3
238,2016,19,109,1
238,2016,21,-105,14
238,2016,21,-103,1
238,2016,21,-101,28
238,2016,21,-99,25
238,2016,21,-97,2
238,2016,21,-89,1
238,2016,23,-107,18
238,2016,23,-99,1
238,2016,25,-103,3
238,2016,25,-101,17
238,2016,25,-99,1
238,2016,25,-81,12
238,2016,27,-111,1
238,2016,27,-99,1
238,2016,27,-83,1
238,2016,29,-111,4
238,2016,29,-107,1
238,2016,29,-103,27
238,2016,29,-99,3
238,2016,29,-97,8
238,2016,29,-95,12
238,2016,29,-93,1
238,2016,29,-83,3
238,2016,29,-81,10
238,2016,31,-111,6
238,2016,31,-107,1
238,2016,31,-103,1
238,2016,31,-101,1
238,2016,31,-99,6
238,2016,31,-97,32
238,2016,31,-95,2
238,2016,31,-91,5
238,2016,31,-89,3
238,2016,31,-87,7
238,2016,31,-85,2
238,2016,31,-83,2
238,2016,33,-119,6
238,2016,33,-117,48
238,2016,33,-113,1
238,2016,33,-111,9
238,2016,33,-109,5
238,2016,33,-97,83
238,2016,33,-95,3
238,2016,33,-93,3
238,2016,33,-87,13
238,2016,33,-85,13
238,2016,33,-83,8
238,2016,33,-81,12
238,2016,33,-79,1
238,2016,35,-121,2
238,2016,35,-119,41
238,2016,35,-117,13
238,2016,35,-113,2
238,2016,35,-111,2
238,2016,35,-109,2
238,2016,35,-107,4
238,2016,35,-105,1
238,2016,35,-103,1
238,2016,35,-97,4
238,2016,35,-93,6
238,2016,35,-91,4
238,2016,35,-89,5
238,2016,35,-87,27
238,2016,35,-85,9
238,2016,35,-83,13
238,2016,35,-81,11
238,2016,35,-79,71
238,2016,35,-77,2
238,2016,35,135,1
238,2016,37,-123,52
238,2016,37,-121,10
238,2016,37,-119,4
238,2016,37,-115,4
238,2016,37,-113,2
238,2016,37,-109,1
238,2016,37,-99,1
238,2016,37,-97,2
238,2016,37,-95,3
238,2016,37,-93,1
238,2016,37,-89,13
238,2016,37,-87,30
238,2016,37,-85,6
238,2016,37,-83,4
238,2016,37,-81,1
238,2016,37,-79,17
238,2016,37,-77,27
238,2016,37,-7,1
238,2016,37,15,1
238,2016,39,-123,10
238,2016,39,-121,7
238,2016,39,-119,4
238,2016,39,-105,3
238,2016,39,-97,2
238,2016,39,-95,9
238,2016,39,-93,2
238,2016,39,-91,15
238,2016,39,-89,6
238,2016,39,-87,3
238,2016,39,-85,21
238,2016,39,-83,2
238,2016,39,-79,10
238,2016,39,-77,80
238,2016,39,-75,22
238,2016,41,-125,1
238,2016,41,-105,1
238,2016,41,-99,2
238,2016,41,-97,2
238,2016,41,-95,3
238,2016,41,-91,3
238,2016,41,-89,20
238,2016,41,-87,10
238,2016,41,-85,2
238,2016,41,-83,9
238,2016,41,-81,41
238,2016,41,-79,1
238,2016,41,-77,5
238,2016,41,-75,40
238,2016,41,-73,21
238,2016,41,-71,1
238,2016,43,-113,3
238,2016,43,-97,2
238,2016,43,-91,13
238,2016,43,-89,24
238,2016,43,-87,10
238,2016,43,-85,10
238,2016,43,-83,13
238,2016,43,-79,13
238,2016,43,-77,7
238,2016,43,-75,1
238,2016,43,-73,22
238,2016,43,-71,5
238,2016,43,-65,1
238,2016,43,17,1
238,2016,45,-123,10
238,2016,45,-115,1
238,2016,45,-111,1
238,2016,45,-97,12
238,2016,45,-93,8
238,2016,45,-91,1
238,2016,45,-89,1
238,2016,45,-79,6
238,2016,45,-77,2
238,2016,45,-75,6
238,2016,45,-73,29
238,2016,45,-71,9
238,2016,45,-69,4
238,2016,45,-67,3
238,2016,45,-61,1
238,2016,45,5,3
238,2016,47,-123,3
238,2016,47,-121,3
238,2016,47,-117,15
238,2016,47,-103,1
238,2016,47,-97,2
238,2016,47,-89,8
238,2016,47,-71,1
238,2016,47,-61,1
238,2016,47,7,1
238,2016,47,9,1
238,2016,49,-123,2
238,2016,49,-121,1
238,2016,49,-113,1
238,2016,49,-99,5
238,2016,49,-91,3
238,2016,49,-89,1
238,2016,49,3,2
238,2016,49,9,4
238,2016,51,-121,1
238,2016,51,-105,2
238,2016,51,-97,1
238,2016,51,5,1
238,2016,53,-7,1
238,2016,53,-1,1
238,2016,53,7,1
238,2016,55,25,2
238,2016,59,-135,1
238,2016,59,11,1
238,2016,61,-149,1
238,2017,-33,137,2
238,2017,-33,153,1
238,2017,-31,153,1
238,2017,-27,153,1
238,2017,-25,29,1
238,2017,-21,57,1
238,2017,-3,37,2
238,2017,1,103,5
238,2017,3,103,3
238,2017,5,101,3
238,2017,9,-85,2
238,2017,9,-83,1
238,2017,9,-79,8
238,2017,11,-85,1
238,2017,13,-89,2
238,2017,13,-87,1
238,2017,13,77,1
238,2017,15,-97,42
238,2017,15,-93,2
238,2017,15,-91,1
238,2017,17,-97,5
238,2017,17,-93,20
238,2017,17,-91,7
238,2017,17,73,1
238,2017,19,-105,5
238,2017,19,-99,66
238,2017,19,-97,30
238,2017,19,-95,3
238,2017,19,-93,1
238,2017,19,-89,6
238,2017,21,-105,15
238,2017,21,-103,5
238,2017,21,-101,15
238,2017,21,-99,3
238,2017,21,-89,14
238,2017,21,-87,4
238,2017,23,-109,1
238,2017,23,-107,22
238,2017,23,-99,4
238,2017,23,-97,2
238,2017,23,77,1
238,2017,23,113,1
238,2017,23,115,7
238,2017,25,-101,38
238,2017,25,-81,17
238,2017,25,-77,1
238,2017,27,-111,1
238,2017,27,-99,7
238,2017,27,-97,10
238,2017,27,-83,4
238,2017,27,-81,15
238,2017,29,-111,17
238,2017,29,-103,12
238,2017,29,-101,1
238,2017,29,-99,13
238,2017,29,-97,1
238,2017,29,-95,8
238,2017,29,-91,2
238,2017,29,-89,2
238,2017,29,-83,39
238,2017,29,-81,14
238,2017,31,-117,1
238,2017,31,-111,27
238,2017,31,-109,4
238,2017,31,-107,24
238,2017,31,-105,6
238,2017,31,-103,6
238,2017,31,-99,6
238,2017,31,-97,34
238,2017,31,-95,14
238,2017,31,-93,7
238,2017,31,-91,15
238,2017,31,-89,6
238,2017,31,-87,15
238,2017,31,-85,2
238,2017,31,-83,3
238,2017,31,-81,4
238,2017,33,-121,2
238,2017,33,-119,34
238,2017,33,-117,34
238,2017,33,-113,6
238,2017,33,-111,75
238,2017,33,-109,1
238,2017,33,-107,7
238,2017,33,-105,2
238,2017,33,-101,15
238,2017,33,-99,4
238,2017,33,-97,118
238,2017,33,-95,8
238,2017,33,-93,1
238,2017,33,-87,16
238,2017,33,-85,9
238,2017,33,-83,7
238,2017,33,-81,30
238,2017,33,-79,15
238,2017,33,-77,2
238,2017,33,35,1
238,2017,35,-121,6
238,2017,35,-119,55
238,2017,35,-117,9
238,2017,35,-115,1
238,2017,35,-111,1
238,2017,35,-109,1
238,2017,35,-107,5
238,2017,35,-101,16
238,2017,35,-97,11
238,2017,35,-95,8
238,2017,35,-93,17
238,2017,35,-91,2
238,2017,35,-89,7
238,2017,35,-87,14
238,2017,35,-85,38
238,2017,35,-83,18
238,2017,35,-81,30
238,2017,35,-79,29
238,2017,35,-77,5
238,2017,35,-75,4
238,2017,35,71,1
238,2017,37,-123,125
238,2017,37,-121,18
238,2017,37,-119,6
238,2017,37,-113,6
238,2017,37,-97,9
238,2017,37,-95,6
238,2017,37,-93,5
238,2017,37,-91,1
238,2017,37,-89,7
238,2017,37,-87,11
238,2017,37,-85,5
238,2017,37,-83,3
238,2017,37,-81,6
238,2017,37,-79,10
238,2017,37,-77,28
238,2017,37,-75,3
238,2017,37,29,1
238,2017,37,127,1
238,2017,39,-123,28
238,2017,39,-121,24
238,2017,39,-119,15
238,2017,39,-109,12
238,2017,39,-107,3
238,2017,39,-105,4
238,2017,39,-97,1
238,2017,39,-95,5
238,2017,39,-93,20
238,2017,39,-91,32
238,2017,39,-87,26
238,2017,39,-85,26
238,2017,39,-83,15
238,2017,39,-81,2
238,2017,39,-79,31
238,2017,39,-77,152
238,2017,39,-75,49
238,2017,41,-125,8
238,2017,41,-123,3
238,2017,41,-111,18
238,2017,41,-107,2
238,2017,41,-105,9
238,2017,41,-97,1
238,2017,41,-95,3
238,2017,41,-93,7
238,2017,41,-91,8
238,2017,41,-89,7
238,2017,41,-87,65
238,2017,41,-85,3
238,2017,41,-83,33
238,2017,41,-81,76
238,2017,41,-79,8
238,2017,41,-77,16
238,2017,41,-75,73
238,2017,41,-73,117
238,2017,41,-71,16
238,2017,41,-69,1
238,2017,41,15,2
238,2017,41,23,1
238,2017,43,-123,9
238,2017,43,-121,1
238,2017,43,-119,4
238,2017,43,-113,1
238,2017,43,-111,1
238,2017,43,-97,1
238,2017,43,-93,4
238,2017,43,-89,11
238,2017,43,-87,3
238,2017,43,-85,5
238,2017,43,-83,22
238,2017,43,-81,49
238,2017,43,-79,43
238,2017,43,-77,10
238,2017,43,-75,5
238,2017,43,-73,57
238,2017,43,-71,43
238,2017,43,-69,3
238,2017,43,-67,1
238,2017,43,-3,1
238,2017,43,1,1
238,2017,43,27,2
238,2017,45,-125,2
238,2017,45,-123,11
238,2017,45,-121,4
238,2017,45,-111,20
238,2017,45,-97,16
238,2017,45,-95,2
238,2017,45,-93,17
238,2017,45,-91,1
238,2017,45,-89,3
238,2017,45,-85,1
238,2017,45,-83,1
238,2017,45,-81,4
238,2017,45,-79,24
238,2017,45,-77,48
238,2017,45,-75,18
238,2017,45,-73,35
238,2017,45,-71,5
238,2017,45,-69,8
238,2017,45,-67,2
238,2017,45,-65,4
238,2017,45,-63,1
238,2017,45,9,1
238,2017,47,-125,3
238,2017,47,-123,8
238,2017,47,-121,10
238,2017,47,-117,14
238,2017,47,-113,2
238,2017,47,-99,1
238,2017,47,-97,6
238,2017,47,-95,1
238,2017,47,-91,2
238,2017,47,-89,7
238,2017,47,-63,3
238,2017,47,-61,2
238,2017,47,-53,9
238,2017,47,3,1
238,2017,47,13,1
238,2017,49,-125,1
238,2017,49,-123,4
238,2017,49,-121,5
238,2017,49,-119,1
238,2017,49,-113,1
238,2017,49,-97,1
238,2017,49,3,1
238,2017,49,7,1
238,2017,49,9,3
238,2017,49,17,1
238,2017,51,-127,1
238,2017,51,-119,1
238,2017,51,-117,1
238,2017,51,-115,3
238,2017,51,-113,2
238,2017,51,-105,1
238,2017,51,-93,1
238,2017,51,-87,1
238,2017,51,-1,3
238,2017,51,5,2
238,2017,51,7,1
238,2017,53,-113,3
238,2017,53,-107,1
238,2017,53,-7,1
238,2017,55,-123,1
238,2017,55,37,3
238,2017,59,45,1
238,2017,61,-151,2
238,2018,-45,171,1
238,2018,-33,19,1
238,2018,-29,31,1
238,2018,-29,33,1
238,2018,-25,-49,15
238,2018,-25,29,1
238,2018,-17,145,2
238,2018,-15,-47,2
238,2018,-15,29,1
238,2018,-13,-71,6
238,2018,-7,107,1
238,2018,1,103,7
238,2018,3,101,3
238,2018,9,-81,1
238,2018,9,-79,1
238,2018,11,-85,2
238,2018,13,75,1
238,2018,15,-97,19
238,2018,15,-93,2
238,2018,15,-89,2
238,2018,15,-87,1
238,2018,17,-97,2
238,2018,17,-93,18
238,2018,19,-105,1
238,2018,19,-103,4
238,2018,19,-101,5
238,2018,19,-99,59
238,2018,19,-97,21
238,2018,19,-95,3
238,2018,19,-69,3
238,2018,19,75,5
238,2018,21,-105,16
238,2018,21,-103,8
238,2018,21,-101,10
238,2018,21,-99,26
238,2018,21,-89,17
238,2018,21,-87,2
238,2018,23,-109,1
238,2018,23,-107,35
238,2018,23,-105,1
238,2018,23,-103,2
238,2018,23,-101,2
238,2018,23,-99,2
238,2018,23,115,4
238,2018,23,121,4
238,2018,25,-103,3
238,2018,25,-101,88
238,2018,25,-99,2
238,2018,25,-81,25
238,2018,25,91,1
238,2018,25,121,2
238,2018,27,-111,1
238,2018,27,-109,1
238,2018,27,-101,2
238,2018,27,-99,12
238,2018,27,-97,51
238,2018,27,-83,10
238,2018,27,-81,19
238,2018,27,-15,1
238,2018,29,-111,6
238,2018,29,-109,1
238,2018,29,-107,6
238,2018,29,-105,4
238,2018,29,-103,5
238,2018,29,-101,1
238,2018,29,-99,52
238,2018,29,-97,5
238,2018,29,-95,42
238,2018,29,-93,3
238,2018,29,-91,1
238,2018,29,-85,2
238,2018,29,-83,54
238,2018,29,-81,45
238,2018,29,77,1
238,2018,31,-111,63
238,2018,31,-109,6
238,2018,31,-107,1
238,2018,31,-103,14
238,2018,31,-101,1
238,2018,31,-99,13
238,2018,31,-97,48
238,2018,31,-95,31
238,2018,31,-93,10
238,2018,31,-91,34
238,2018,31,-89,58
238,2018,31,-87,8
238,2018,31,-85,21
238,2018,31,-83,1
238,2018,31,-81,6
238,2018,33,-119,92
238,2018,33,-117,59
238,2018,33,-113,3
238,2018,33,-111,37
238,2018,33,-109,1
238,2018,33,-107,5
238,2018,33,-105,5
238,2018,33,-103,5
238,2018,33,-101,6
238,2018,33,-99,5
238,2018,33,-97,123
238,2018,33,-95,4
238,2018,33,-93,20
238,2018,33,-91,3
238,2018,33,-89,9
238,2018,33,-87,21
238,2018,33,-85,37
238,2018,33,-83,12
238,2018,33,-81,19
238,2018,33,-79,19
238,2018,35,-121,3
238,2018,35,-119,74
238,2018,35,-117,19
238,2018,35,-111,5
238,2018,35,-109,1
238,2018,35,-107,5
238,2018,35,-101,1
238,2018,35,-99,2
238,2018,35,-97,22
238,2018,35,-95,5
238,2018,35,-93,21
238,2018,35,-91,15
238,2018,35,-89,21
238,2018,35,-87,55
238,2018,35,-85,40
238,2018,35,-83,53
238,2018,35,-81,31
238,2018,35,-79,62
238,2018,35,-77,10
238,2018,37,-123,61
238,2018,37,-121,19
238,2018,37,-119,11
238,2018,37,-115,2
238,2018,37,-107,1
238,2018,37,-101,1
238,2018,37,-99,6
238,2018,37,-97,13
238,2018,37,-95,20
238,2018,37,-93,7
238,2018,37,-91,3
238,2018,37,-89,24
238,2018,37,-87,36
238,2018,37,-85,24
238,2018,37,-83,12
238,2018,37,-81,11
238,2018,37,-79,35
238,2018,37,-77,39
238,2018,37,-75,2
238,2018,37,23,1
238,2018,37,127,2
238,2018,39,-123,18
238,2018,39,-121,36
238,2018,39,-119,7
238,2018,39,-115,1
238,2018,39,-111,1
238,2018,39,-109,6
238,2018,39,-107,1
238,2018,39,-105,11
238,2018,39,-101,1
238,2018,39,-97,3
238,2018,39,-95,16
238,2018,39,-93,14
238,2018,39,-91,44
238,2018,39,-89,24
238,2018,39,-87,83
238,2018,39,-85,122
238,2018,39,-83,46
238,2018,39,-81,11
238,2018,39,-79,39
238,2018,39,-77,331
238,2018,39,-75,49
238,2018,39,-9,4
238,2018,39,23,1
238,2018,39,117,2
238,2018,41,-125,4
238,2018,41,-123,1
238,2018,41,-121,3
238,2018,41,-111,2
238,2018,41,-107,2
238,2018,41,-105,9
238,2018,41,-97,24
238,2018,41,-95,8
238,2018,41,-93,5
238,2018,41,-91,14
238,2018,41,-89,49
238,2018,41,-87,88
238,2018,41,-85,21
238,2018,41,-83,75
238,2018,41,-81,104
238,2018,41,-79,11
238,2018,41,-77,31
238,2018,41,-75,174
238,2018,41,-73,189
238,2018,41,-71,15
238,2018,41,-9,1
238,2018,41,17,1
238,2018,41,25,1
238,2018,43,-123,3
238,2018,43,-117,1
238,2018,43,-111,3
238,2018,43,-101,1
238,2018,43,-99,2
238,2018,43,-97,4
238,2018,43,-93,4
238,2018,43,-91,4
238,2018,43,-89,27
238,2018,43,-87,17
238,2018,43,-85,35
238,2018,43,-83,32
238,2018,43,-81,115
238,2018,43,-79,105
238,2018,43,-77,39
238,2018,43,-75,8
238,2018,43,-73,56
238,2018,43,-71,68
238,2018,43,-69,6
238,2018,43,-3,3
238,2018,43,-1,1
238,2018,43,1,1
238,2018,43,3,1
238,2018,43,17,2
238,2018,43,23,1
238,2018,45,-125,2
238,2018,45,-123,8
238,2018,45,-121,2
238,2018,45,-117,5
238,2018,45,-111,1
238,2018,45,-109,1
238,2018,45,-107,1
238,2018,45,-95,2
238,2018,45,-93,68
238,2018,45,-89,4
238,2018,45,-87,9
238,2018,45,-85,1
238,2018,45,-83,1
238,2018,45,-81,18
238,2018,45,-79,66
238,2018,45,-77,72
238,2018,45,-75,20
238,2018,45,-73,64
238,2018,45,-71,8
238,2018,45,-69,23
238,2018,45,-67,13
238,2018,45,-65,21
238,2018,45,-63,2
238,2018,45,-1,2
238,2018,45,1,1
238,2018,45,7,1
238,2018,45,11,4
238,2018,45,29,1
238,2018,47,-123,2
238,2018,47,-121,2
238,2018,47,-119,1
238,2018,47,-117,2
238,2018,47,-113,1
238,2018,47,-101,1
238,2018,47,-97,6
238,2018,47,-93,1
238,2018,47,-89,4
238,2018,47,-87,1
238,2018,47,-85,1
238,2018,47,-83,1
238,2018,47,-79,5
238,2018,47,-71,1
238,2018,47,-65,1
238,2018,47,-63,7
238,2018,47,-61,1
238,2018,47,-53,4
238,2018,47,-1,3
238,2018,47,7,1
238,2018,47,9,1
238,2018,47,11,2
238,2018,47,13,1
238,2018,47,15,1
238,2018,49,-125,2
238,2018,49,-123,14
238,2018,49,-119,1
238,2018,49,-117,3
238,2018,49,-107,1
238,2018,49,-101,1
238,2018,49,-97,8
238,2018,49,-89,3
238,2018,49,-87,2
238,2018,49,-53,1
238,2018,49,3,1
238,2018,49,11,1
238,2018,49,17,1
238,2018,49,19,1
238,2018,51,-125,3
238,2018,51,-113,1
238,2018,51,-3,1
238,2018,51,-1,2
238,2018,51,1,2
238,2018,51,3,2
238,2018,51,5,5
238,2018,51,15,1
238,2018,53,-107,1
238,2018,53,-3,1
238,2018,53,-1,2
238,2018,53,1,4
238,2018,53,7,1
238,2018,55,-111,1
238,2018,55,-3,1
238,2018,55,-1,4
238,2018,57,-3,1
238,2018,61,17,1
238,2018,67,-135,2
245,2015,-33,23,2
245,2015,-33,25,1
245,2015,-25,-55,1
245,2015,13,75,1
245,2015,15,-97,8
245,2015,17,-97,2
245,2015,17,-95,5
245,2015,17,-93,17
245,2015,17,-91,9
245,2015,19,-105,1
245,2015,19,-99,6
245,2015,19,-97,3
245,2015,19,-95,2
245,2015,19,-91,1
245,2015,21,-105,3
245,2015,21,-103,7
245,2015,21,-101,22
245,2015,21,-99,3
245,2015,23,-107,11
245,2015,23,-99,1
245,2015,23,87,1
245,2015,25,-109,1
245,2015,25,-107,2
245,2015,25,-105,1
245,2015,25,-101,5
245,2015,25,-81,2
245,2015,27,-101,1
245,2015,27,-99,4
245,2015,27,-97,1
245,2015,27,-83,1
245,2015,27,-81,3
245,2015,29,-111,2
245,2015,29,-103,1
245,2015,29,-97,1
245,2015,29,-95,4
245,2015,29,-83,2
245,2015,29,-81,5
245,2015,31,-111,12
245,2015,31,-99,2
245,2015,31,-97,11
245,2015,31,-95,1
245,2015,31,-93,1
245,2015,31,-87,8
245,2015,33,-119,2
245,2015,33,-117,7
245,2015,33,-115,1
245,2015,33,-113,5
245,2015,33,-111,42
245,2015,33,-109,1
245,2015,33,-107,1
245,2015,33,-103,2
245,2015,33,-97,35
245,2015,33,-95,1
245,2015,33,-85,7
245,2015,33,-83,4
245,2015,33,-79,2
245,2015,35,-119,14
245,2015,35,-117,4
245,2015,35,-113,1
245,2015,35,-111,2
245,2015,35,-101,2
245,2015,35,-97,3
245,2015,35,-95,1
245,2015,35,-93,3
245,2015,35,-89,8
245,2015,35,-87,4
245,2015,35,-85,1
245,2015,35,-83,12
245,2015,35,-81,5
245,2015,35,-79,4
245,2015,35,-77,1
245,2015,37,-123,71
245,2015,37,-121,20
245,2015,37,-119,4
245,2015,37,-113,19
245,2015,37,-105,2
245,2015,37,-97,10
245,2015,37,-95,4
245,2015,37,-87,4
245,2015,37,-85,2
245,2015,37,-83,5
245,2015,37,-81,5
245,2015,37,-79,8
245,2015,37,-77,2
245,2015,37,-75,1
245,2015,39,-123,22
245,2015,39,-121,23
245,2015,39,-105,3
245,2015,39,-93,3
245,2015,39,-85,11
245,2015,39,-83,1
245,2015,39,-79,4
245,2015,39,-77,37
245,2015,39,-75,9
245,2015,41,-111,2
245,2015,41,-105,2
245,2015,41,-91,2
245,2015,41,-89,4
245,2015,41,-87,20
245,2015,41,-85,1
245,2015,41,-83,9
245,2015,41,-81,15
245,2015,41,-79,1
245,2015,41,-75,10
245,2015,41,-73,9
245,2015,41,-71,1
245,2015,43,-113,1
245,2015,43,-89,12
245,2015,43,-85,1
245,2015,43,-83,3
245,2015,43,-79,1
245,2015,43,-77,3
245,2015,43,-73,11
245,2015,43,-71,11
245,2015,43,13,1
245,2015,45,-95,1
245,2015,45,-93,1
245,2015,45,-79,1
245,2015,45,-77,1
245,2015,45,-75,3
245,2015,45,-73,13
245,2015,45,-69,1
245,2015,45,-65,1
245,2015,45,1,1
245,2015,45,11,2
245,2015,47,-125,1
245,2015,47,-123,1
245,2015,47,-89,3
245,2015,49,-97,1
245,2015,49,9,1
245,2015,51,-1,1
245,2015,51,1,1
245,2015,51,7,1
245,2015,53,-1,1
245,2015,61,25,1
245,2016,-33,23,5
245,2016,7,81,1
245,2016,9,-83,1
245,2016,13,-87,1
245,2016,17,-101,4
245,2016,17,-99,2
245,2016,17,-97,3
245,2016,17,-93,4
245,2016,19,-105,2
245,2016,19,-99,32
245,2016,19,-97,42
245,2016,19,-95,12
245,2016,19,-89,1
245,2016,19,-71,5
245,2016,19,-67,1
245,2016,19,73,5
245,2016,21,-105,32
245,2016,21,-103,10
245,2016,21,-101,19
245,2016,21,-99,9
245,2016,21,-97,1
245,2016,21,-89,4
245,2016,21,-87,1
245,2016,23,-107,15
245,2016,23,-105,5
245,2016,23,-99,2
245,2016,25,-105,1
245,2016,25,-103,6
245,2016,25,-101,13
245,2016,25,-99,1
245,2016,25,-81,3
245,2016,27,-101,3
245,2016,27,-99,7
245,2016,27,-97,4
245,2016,27,-81,12
245,2016,29,-111,2
245,2016,29,-109,2
245,2016,29,-101,2
245,2016,29,-99,16
245,2016,29,-97,5
245,2016,29,-95,14
245,2016,29,-91,3
245,2016,29,-81,8
245,2016,29,77,1
245,2016,31,-117,1
245,2016,31,-111,26
245,2016,31,-105,1
245,2016,31,-103,4
245,2016,31,-99,5
245,2016,31,-97,25
245,2016,31,-95,7
245,2016,31,-93,1
245,2016,31,-91,6
245,2016,31,-89,5
245,2016,31,-87,2
245,2016,31,-85,2
245,2016,31,-83,2
245,2016,31,77,1
245,2016,33,-119,8
245,2016,33,-117,43
245,2016,33,-115,3
245,2016,33,-113,2
245,2016,33,-111,20
245,2016,33,-109,5
245,2016,33,-103,1
245,2016,33,-101,1
245,2016,33,-97,100
245,2016,33,-95,1
245,2016,33,-93,15
245,2016,33,-89,1
245,2016,33,-87,27
245,2016,33,-85,12
245,2016,33,-83,5
245,2016,33,-81,5
245,2016,33,-79,1
245,2016,35,-119,35
245,2016,35,-117,10
245,2016,35,-107,1
245,2016,35,-105,1
245,2016,35,-101,2
245,2016,35,-97,7
245,2016,35,-93,10
245,2016,35,-91,2
245,2016,35,-89,9
245,2016,35,-87,7
245,2016,35,-85,5
245,2016,35,-83,25
245,2016,35,-81,12
245,2016,35,-79,37
245,2016,35,-77,8
245,2016,37,-123,54
245,2016,37,-121,19
245,2016,37,-119,11
245,2016,37,-117,1
245,2016,37,-115,14
245,2016,37,-111,3
245,2016,37,-109,4
245,2016,37,-107,3
245,2016,37,-105,1
245,2016,37,-97,8
245,2016,37,-95,4
245,2016,37,-91,4
245,2016,37,-89,8
245,2016,37,-87,4
245,2016,37,-85,4
245,2016,37,-83,14
245,2016,37,-81,5
245,2016,37,-79,11
245,2016,37,-77,45
245,2016,37,127,3
245,2016,39,-123,13
245,2016,39,-121,51
245,2016,39,-119,2
245,2016,39,-109,7
245,2016,39,-107,1
245,2016,39,-105,2
245,2016,39,-99,9
245,2016,39,-97,9
245,2016,39,-95,12
245,2016,39,-93,6
245,2016,39,-91,9
245,2016,39,-89,7
245,2016,39,-87,1
245,2016,39,-85,42
245,2016,39,-83,7
245,2016,39,-79,15
245,2016,39,-77,133
245,2016,39,-75,40
245,2016,41,-123,1
245,2016,41,-121,2
245,2016,41,-111,4
245,2016,41,-105,2
245,2016,41,-103,1
245,2016,41,-97,6
245,2016,41,-93,2
245,2016,41,-91,2
245,2016,41,-89,12
245,2016,41,-87,73
245,2016,41,-85,3
245,2016,41,-83,23
245,2016,41,-81,29
245,2016,41,-79,6
245,2016,41,-77,6
245,2016,41,-75,32
245,2016,41,-73,19
245,2016,41,-71,8
245,2016,41,3,1
245,2016,41,21,1
245,2016,43,-125,1
245,2016,43,-123,10
245,2016,43,-113,1
245,2016,43,-103,1
245,2016,43,-97,5
245,2016,43,-93,2
245,2016,43,-91,6
245,2016,43,-89,17
245,2016,43,-87,41
245,2016,43,-85,6
245,2016,43,-83,8
245,2016,43,-81,5
245,2016,43,-79,20
245,2016,43,-77,9
245,2016,43,-75,2
245,2016,43,-73,21
245,2016,43,-71,17
245,2016,43,-69,2
245,2016,43,13,1
245,2016,45,-125,1
245,2016,45,-121,3
245,2016,45,-97,4
245,2016,45,-93,1
245,2016,45,-91,9
245,2016,45,-79,5
245,2016,45,-77,2
245,2016,45,-75,4
245,2016,45,-73,49
245,2016,45,-67,6
245,2016,45,7,1
245,2016,45,11,2
245,2016,47,-125,2
245,2016,47,-123,1
245,2016,47,-117,1
245,2016,47,-103,1
245,2016,47,-91,1
245,2016,47,-89,1
245,2016,47,-79,1
245,2016,47,-63,2
245,2016,49,-123,4
245,2016,49,-81,1
245,2016,49,3,4
245,2016,49,7,2
245,2016,51,-97,1
245,2016,51,-1,1
245,2016,51,5,1
245,2016,51,7,2
245,2016,51,19,1
245,2016,53,-111,1
245,2016,57,-135,2
245,2017,-31,-65,1
245,2017,-31,153,6
245,2017,-29,31,1
245,2017,-7,107,2
245,2017,-7,111,1
245,2017,3,101,1
245,2017,5,101,2
245,2017,7,-75,1
245,2017,9,-85,1
245,2017,9,-83,1
245,2017,9,-79,1
245,2017,11,-85,5
245,2017,13,-87,1
245,2017,15,-97,23
245,2017,15,-93,2
245,2017,17,-97,2
245,2017,17,-93,15
245,2017,17,-91,4
245,2017,19,-105,22
245,2017,19,-103,13
245,2017,19,-101,4
245,2017,19,-99,65
245,2017,19,-97,14
245,2017,19,-95,3
245,2017,19,-91,1
245,2017,19,73,2
245,2017,21,-105,16
245,2017,21,-103,11
245,2017,21,-101,28
245,2017,21,-99,5
245,2017,21,-97,3
245,2017,21,-89,1
245,2017,21,-87,1
245,2017,23,-107,40
245,2017,23,-105,1
245,2017,23,-99,28
245,2017,23,115,2
245,2017,23,121,4
245,2017,25,-109,1
245,2017,25,-107,1
245,2017,25,-103,4
245,2017,25,-101,50
245,2017,25,-81,1
245,2017,25,-77,2
245,2017,27,-111,3
245,2017,27,-109,2
245,2017,27,-107,2
245,2017,27,-101,2
245,2017,27,-99,37
245,2017,27,-97,11
245,2017,27,-83,6
245,2017,27,-81,5
245,2017,29,-111,16
245,2017,29,-101,42
245,2017,29,-99,10
245,2017,29,-97,3
245,2017,29,-95,34
245,2017,29,-93,1
245,2017,29,-85,6
245,2017,29,-83,47
245,2017,29,-81,28
245,2017,31,-111,13
245,2017,31,-109,2
245,2017,31,-107,2
245,2017,31,-103,28
245,2017,31,-99,20
245,2017,31,-97,51
245,2017,31,-95,21
245,2017,31,-93,3
245,2017,31,-91,24
245,2017,31,-89,11
245,2017,31,-87,7
245,2017,31,-85,20
245,2017,31,-83,9
245,2017,31,-81,2
245,2017,33,-119,13
245,2017,33,-117,77
245,2017,33,-113,8
245,2017,33,-111,77
245,2017,33,-107,6
245,2017,33,-101,1
245,2017,33,-99,8
245,2017,33,-97,234
245,2017,33,-95,6
245,2017,33,-93,3
245,2017,33,-91,1
245,2017,33,-89,2
245,2017,33,-87,34
245,2017,33,-85,12
245,2017,33,-83,14
245,2017,33,-81,28
245,2017,33,-79,10
245,2017,35,-121,1
245,2017,35,-119,96
245,2017,35,-117,7
245,2017,35,-115,1
245,2017,35,-113,5
245,2017,35,-111,16
245,2017,35,-109,2
245,2017,35,-103,1
245,2017,35,-97,3
245,2017,35,-95,53
245,2017,35,-93,71
245,2017,35,-91,25
245,2017,35,-89,13
245,2017,35,-87,8
245,2017,35,-85,25
245,2017,35,-83,28
245,2017,35,-81,14
245,2017,35,-79,31
245,2017,35,-77,5
245,2017,37,-123,97
245,2017,37,-121,26
245,2017,37,-119,8
245,2017,37,-115,6
245,2017,37,-113,1
245,2017,37,-103,3
245,2017,37,-101,7
245,2017,37,-99,2
245,2017,37,-97,7
245,2017,37,-95,17
245,2017,37,-93,4
245,2017,37,-91,1
245,2017,37,-89,9
245,2017,37,-87,33
245,2017,37,-85,4
245,2017,37,-83,6
245,2017,37,-81,8
245,2017,37,-79,12
245,2017,37,-77,17
245,2017,37,-75,10
245,2017,39,-123,28
245,2017,39,-121,29
245,2017,39,-119,2
245,2017,39,-109,15
245,2017,39,-107,8
245,2017,39,-105,4
245,2017,39,-99,3
245,2017,39,-97,9
245,2017,39,-95,4
245,2017,39,-93,10
245,2017,39,-91,57
245,2017,39,-89,3
245,2017,39,-87,17
245,2017,39,-85,63
245,2017,39,-83,14
245,2017,39,-81,5
245,2017,39,-79,13
245,2017,39,-77,173
245,2017,39,-75,41
245,2017,41,-125,3
245,2017,41,-123,7
245,2017,41,-121,4
245,2017,41,-113,1
245,2017,41,-111,20
245,2017,41,-107,1
245,2017,41,-105,21
245,2017,41,-103,2
245,2017,41,-97,4
245,2017,41,-95,2
245,2017,41,-93,2
245,2017,41,-91,2
245,2017,41,-89,10
245,2017,41,-87,42
245,2017,41,-85,4
245,2017,41,-83,33
245,2017,41,-81,60
245,2017,41,-79,4
245,2017,41,-77,8
245,2017,41,-75,28
245,2017,41,-73,90
245,2017,41,-71,28
245,2017,41,15,3
245,2017,41,23,2
245,2017,43,-123,1
245,2017,43,-97,3
245,2017,43,-93,18
245,2017,43,-91,9
245,2017,43,-89,7
245,2017,43,-87,8
245,2017,43,-85,7
245,2017,43,-83,7
245,2017,43,-81,26
245,2017,43,-79,32
245,2017,43,-77,23
245,2017,43,-75,2
245,2017,43,-73,45
245,2017,43,-71,19
245,2017,43,-69,1
245,2017,43,-65,1
245,2017,43,-3,1
245,2017,43,17,1
245,2017,45,-125,1
245,2017,45,-123,6
245,2017,45,-121,1
245,2017,45,-117,1
245,2017,45,-111,18
245,2017,45,-109,1
245,2017,45,-97,1
245,2017,45,-95,4
245,2017,45,-93,82
245,2017,45,-89,1
245,2017,45,-87,2
245,2017,45,-85,1
245,2017,45,-81,2
245,2017,45,-79,24
245,2017,45,-77,31
245,2017,45,-75,23
245,2017,45,-73,27
245,2017,45,-71,1
245,2017,45,-69,2
245,2017,45,-65,1
245,2017,45,-63,2
245,2017,45,7,1
245,2017,45,9,4
245,2017,45,11,2
245,2017,47,-125,1
245,2017,47,-123,5
245,2017,47,-121,2
245,2017,47,-119,5
245,2017,47,-117,2
245,2017,47,-113,1
245,2017,47,-97,1
245,2017,47,-95,5
245,2017,47,-93,6
245,2017,47,-91,2
245,2017,47,-89,3
245,2017,47,-87,1
245,2017,47,-85,1
245,2017,47,-73,1
245,2017,47,-71,1
245,2017,47,-69,1
245,2017,47,-63,5
245,2017,47,-53,2
245,2017,47,13,1
245,2017,49,-123,5
245,2017,49,-121,10
245,2017,49,-119,1
245,2017,49,-117,3
245,2017,49,-113,1
245,2017,49,-97,1
245,2017,49,-81,1
245,2017,49,1,1
245,2017,49,3,1
245,2017,49,9,4
245,2017,49,11,1
245,2017,51,-97,2
245,2017,51,-81,3
245,2017,51,-1,3
245,2017,51,5,3
245,2017,51,13,1
245,2017,53,-113,11
245,2017,53,5,1
245,2017,55,-123,1
245,2017,55,35,1
245,2017,59,5,1
245,2017,61,-151,2
245,2017,61,-111,1
245,2017,63,-115,1
245,2017,65,-147,1
245,2018,-37,175,1
245,2018,-33,23,1
245,2018,-31,29,1
245,2018,-31,153,1
245,2018,-29,31,2
245,2018,-29,33,2
245,2018,-19,145,1
245,2018,-19,147,1
245,2018,-17,145,5
245,2018,-7,109,13
245,2018,1,103,2
245,2018,9,-79,3
245,2018,11,77,1
245,2018,13,-89,1
245,2018,13,-87,3
245,2018,13,-61,1
245,2018,13,77,1
245,2018,13,79,1
245,2018,15,-97,19
245,2018,15,-89,3
245,2018,15,-87,6
245,2018,15,-17,2
245,2018,15,101,1
245,2018,17,-99,5
245,2018,17,-97,3
245,2018,17,-95,3
245,2018,17,-93,17
245,2018,17,-89,1
245,2018,19,-105,7
245,2018,19,-101,2
245,2018,19,-99,19
245,2018,19,-97,7
245,2018,19,-95,1
245,2018,19,-89,3
245,2018,19,-75,1
245,2018,19,-69,1
245,2018,19,-67,1
245,2018,19,75,3
245,2018,19,109,1
245,2018,21,-105,5
245,2018,21,-103,14
245,2018,21,-101,31
245,2018,21,-99,31
245,2018,21,-89,8
245,2018,21,-87,1
245,2018,23,-109,2
245,2018,23,-107,18
245,2018,23,-105,1
245,2018,23,-101,2
245,2018,23,-99,1
245,2018,23,87,1
245,2018,23,113,2
245,2018,23,115,4
245,2018,23,121,4
245,2018,25,-109,1
245,2018,25,-107,1
245,2018,25,-101,57
245,2018,25,-99,4
245,2018,25,-81,22
245,2018,27,-111,1
245,2018,27,-105,1
245,2018,27,-99,3
245,2018,27,-97,37
245,2018,27,-83,17
245,2018,27,-81,24
245,2018,29,-111,10
245,2018,29,-109,2
245,2018,29,-103,5
245,2018,29,-101,13
245,2018,29,-99,50
245,2018,29,-97,9
245,2018,29,-95,37
245,2018,29,-93,4
245,2018,29,-91,7
245,2018,29,-83,39
245,2018,29,-81,23
245,2018,29,77,1
245,2018,31,-111,120
245,2018,31,-109,27
245,2018,31,-107,3
245,2018,31,-105,10
245,2018,31,-103,42
245,2018,31,-101,5
245,2018,31,-99,16
245,2018,31,-97,68
245,2018,31,-95,27
245,2018,31,-93,17
245,2018,31,-91,26
245,2018,31,-89,47
245,2018,31,-87,11
245,2018,31,-85,51
245,2018,31,-83,16
245,2018,31,-81,6
245,2018,33,-119,88
245,2018,33,-117,118
245,2018,33,-113,3
245,2018,33,-111,31
245,2018,33,-109,9
245,2018,33,-107,3
245,2018,33,-105,4
245,2018,33,-103,9
245,2018,33,-101,4
245,2018,33,-99,2
245,2018,33,-97,138
245,2018,33,-95,12
245,2018,33,-93,11
245,2018,33,-91,6
245,2018,33,-89,1
245,2018,33,-87,24
245,2018,33,-85,46
245,2018,33,-83,12
245,2018,33,-81,22
245,2018,33,-79,10
245,2018,35,-121,1
245,2018,35,-119,120
245,2018,35,-117,14
245,2018,35,-113,1
245,2018,35,-111,1
245,2018,35,-109,5
245,2018,35,-107,5
245,2018,35,-101,2
245,2018,35,-99,1
245,2018,35,-97,20
245,2018,35,-95,1
245,2018,35,-93,15
245,2018,35,-91,21
245,2018,35,-89,13
245,2018,35,-87,48
245,2018,35,-85,55
245,2018,35,-83,63
245,2018,35,-81,26
245,2018,35,-79,65
245,2018,35,-77,14
245,2018,35,-75,1
245,2018,37,-123,99
245,2018,37,-121,43
245,2018,37,-119,7
245,2018,37,-105,1
245,2018,37,-103,4
245,2018,37,-101,7
245,2018,37,-99,10
245,2018,37,-97,12
245,2018,37,-95,20
245,2018,37,-93,9
245,2018,37,-91,3
245,2018,37,-89,13
245,2018,37,-87,42
245,2018,37,-85,61
245,2018,37,-83,13
245,2018,37,-81,11
245,2018,37,-79,35
245,2018,37,-77,26
245,2018,37,-75,6
245,2018,39,-123,36
245,2018,39,-121,36
245,2018,39,-119,7
245,2018,39,-109,2
245,2018,39,-107,2
245,2018,39,-105,25
245,2018,39,-97,3
245,2018,39,-95,5
245,2018,39,-93,17
245,2018,39,-91,70
245,2018,39,-89,15
245,2018,39,-87,196
245,2018,39,-85,92
245,2018,39,-83,24
245,2018,39,-81,10
245,2018,39,-79,35
245,2018,39,-77,418
245,2018,39,-75,97
245,2018,39,23,1
245,2018,41,-125,8
245,2018,41,-123,2
245,2018,41,-121,3
245,2018,41,-119,1
245,2018,41,-113,3
245,2018,41,-111,8
245,2018,41,-105,7
245,2018,41,-99,1
245,2018,41,-97,8
245,2018,41,-95,8
245,2018,41,-93,13
245,2018,41,-91,5
245,2018,41,-89,57
245,2018,41,-87,117
245,2018,41,-85,19
245,2018,41,-83,58
245,2018,41,-81,63
245,2018,41,-79,33
245,2018,41,-77,48
245,2018,41,-75,178
245,2018,41,-73,138
245,2018,41,-71,20
245,2018,41,-9,2
245,2018,41,15,1
245,2018,41,17,1
245,2018,43,-125,3
245,2018,43,-123,5
245,2018,43,-121,2
245,2018,43,-119,1
245,2018,43,-115,3
245,2018,43,-113,2
245,2018,43,-111,1
245,2018,43,-103,3
245,2018,43,-99,6
245,2018,43,-97,6
245,2018,43,-93,16
245,2018,43,-91,3
245,2018,43,-89,30
245,2018,43,-87,7
245,2018,43,-85,17
245,2018,43,-83,33
245,2018,43,-81,81
245,2018,43,-79,97
245,2018,43,-77,57
245,2018,43,-75,10
245,2018,43,-73,79
245,2018,43,-71,28
245,2018,43,-69,6
245,2018,43,-7,1
245,2018,43,-3,2
245,2018,43,-1,1
245,2018,43,19,1
245,2018,43,23,1
245,2018,45,-125,2
245,2018,45,-123,8
245,2018,45,-121,1
245,2018,45,-117,3
245,2018,45,-113,1
245,2018,45,-111,3
245,2018,45,-103,1
245,2018,45,-97,1
245,2018,45,-95,6
245,2018,45,-93,41
245,2018,45,-91,3
245,2018,45,-89,2
245,2018,45,-87,4
245,2018,45,-85,4
245,2018,45,-83,2
245,2018,45,-81,11
245,2018,45,-79,52
245,2018,45,-77,67
245,2018,45,-75,22
245,2018,45,-73,71
245,2018,45,-71,4
245,2018,45,-69,7
245,2018,45,-67,2
245,2018,45,-65,6
245,2018,45,-63,7
245,2018,45,-61,1
245,2018,45,3,1
245,2018,45,5,1
245,2018,45,7,2
245,2018,45,9,1
245,2018,45,11,1
245,2018,45,125,2
245,2018,47,-125,2
245,2018,47,-123,11
245,2018,47,-121,4
245,2018,47,-117,1
245,2018,47,-113,1
245,2018,47,-103,3
245,2018,47,-101,1
245,2018,47,-97,4
245,2018,47,-95,4
245,2018,47,-93,3
245,2018,47,-91,3
245,2018,47,-89,2
245,2018,47,-87,1
245,2018,47,-85,1
245,2018,47,-81,4
245,2018,47,-79,3
245,2018,47,-75,1
245,2018,47,-71,1
245,2018,47,-65,2
245,2018,47,-63,5
245,2018,47,-61,2
245,2018,47,-53,2
245,2018,47,-1,1
245,2018,47,3,1
245,2018,47,11,2
245,2018,47,31,1
245,2018,49,-123,5
245,2018,49,-121,12
245,2018,49,-119,1
245,2018,49,-115,2
245,2018,49,-113,2
245,2018,49,-97,1
245,2018,49,-89,2
245,2018,49,-81,1
245,2018,49,3,3
245,2018,49,5,1
245,2018,49,9,2
245,2018,49,17,1
245,2018,51,-121,1
245,2018,51,-115,3
245,2018,51,-107,2
245,2018,51,-81,4
245,2018,51,-1,4
245,2018,51,1,1
245,2018,51,3,2
245,2018,51,5,2
245,2018,53,1,1
245,2018,55,-3,2
245,2018,55,-1,1
245,2018,55,9,1
245,2018,57,9,1
245,2018,59,51,1
245,2018,61,-149,1
245,2018,61,-135,1
245,2018,61,69,1
252,2015,-33,19,1
252,2015,-9,115,1
252,2015,-1,29,2
252,2015,9,-83,3
252,2015,15,-97,5
252,2015,17,-95,1
252,2015,17,-93,4
252,2015,19,-103,1
252,2015,19,-99,6
252,2015,19,-97,7
252,2015,19,-95,10
252,2015,19,-89,4
252,2015,21,-105,5
252,2015,21,-103,10
252,2015,21,-101,21
252,2015,21,-99,6
252,2015,23,-107,65
252,2015,23,73,1
252,2015,25,-101,5
252,2015,27,-99,4
252,2015,27,-95,1
252,2015,29,-111,12
252,2015,29,-107,1
252,2015,29,-101,7
252,2015,29,-99,3
252,2015,29,-97,1
252,2015,29,-95,5
252,2015,29,-83,4
252,2015,29,-81,3
252,2015,31,-111,15
252,2015,31,-109,3
252,2015,31,-107,7
252,2015,31,-103,3
252,2015,31,-99,6
252,2015,31,-97,15
252,2015,31,-95,1
252,2015,31,-91,4
252,2015,31,-85,4
252,2015,33,-119,5
252,2015,33,-117,8
252,2015,33,-115,2
252,2015,33,-111,1
252,2015,33,-109,3
252,2015,33,-99,1
252,2015,33,-97,47
252,2015,33,-95,1
252,2015,35,-119,20
252,2015,35,-117,2
252,2015,35,-113,2
252,2015,35,-97,15
252,2015,35,-95,1
252,2015,35,-93,8
252,2015,35,-91,3
252,2015,35,-87,37
252,2015,35,-83,7
252,2015,35,-81,4
252,2015,35,-79,20
252,2015,35,-77,1
252,2015,37,-123,40
252,2015,37,-121,9
252,2015,37,-119,1
252,2015,37,-115,4
252,2015,37,-113,13
252,2015,37,-111,4
252,2015,37,-97,9
252,2015,37,-95,1
252,2015,37,-89,2
252,2015,37,-87,5
252,2015,37,-83,1
252,2015,37,-81,2
252,2015,37,-79,2
252,2015,37,-77,20
252,2015,37,-75,1
252,2015,39,-123,7
252,2015,39,-121,18
252,2015,39,-119,3
252,2015,39,-117,1
252,2015,39,-105,6
252,2015,39,-103,1
252,2015,39,-93,2
252,2015,39,-89,2
252,2015,39,-87,1
252,2015,39,-85,9
252,2015,39,-83,1
252,2015,39,-79,1
252,2015,39,-77,40
252,2015,39,-75,1
252,2015,39,-1,1
252,2015,41,-123,2
252,2015,41,-103,3
252,2015,41,-97,1
252,2015,41,-89,5
252,2015,41,-87,16
252,2015,41,-85,3
252,2015,41,-83,1
252,2015,41,-81,31
252,2015,41,-79,12
252,2015,41,-77,6
252,2015,41,-75,4
252,2015,41,-73,6
252,2015,41,1,2
252,2015,43,-123,1
252,2015,43,-113,1
252,2015,43,-103,5
252,2015,43,-89,19
252,2015,43,-87,2
252,2015,43,-83,2
252,2015,43,-81,1
252,2015,43,-79,2
252,2015,43,-77,2
252,2015,43,-73,11
252,2015,43,-71,3
252,2015,43,13,1
252,2015,45,-123,1
252,2015,45,-93,3
252,2015,45,-85,1
252,2015,45,-83,1
252,2015,45,-81,3
252,2015,45,-77,6
252,2015,45,-75,3
252,2015,45,-73,6
252,2015,45,-71,1
252,2015,45,11,1
252,2015,47,-117,1
252,2015,49,-117,1
252,2015,49,-99,1
252,2015,49,-93,1
252,2015,49,-87,1
252,2015,49,17,1
252,2015,51,-1,2
252,2015,51,7,1
252,2015,55,9,1
252,2015,61,25,1
252,2016,-37,175,1
252,2016,-29,33,1
252,2016,3,105,1
252,2016,5,101,2
252,2016,9,-85,1
252,2016,9,-79,3
252,2016,11,-85,1
252,2016,13,-89,1
252,2016,15,-97,1
252,2016,15,-93,1
252,2016,15,-87,2
252,2016,17,-99,1
252,2016,17,-97,2
252,2016,17,-95,1
252,2016,17,-93,20
252,2016,17,-89,2
252,2016,19,-105,7
252,2016,19,-101,3
252,2016,19,-99,63
252,2016,19,-97,20
252,2016,19,-95,8
252,2016,19,-89,3
252,2016,19,-71,1
252,2016,19,73,1
252,2016,19,109,1
252,2016,21,-157,1
252,2016,21,-105,22
252,2016,21,-103,10
252,2016,21,-101,28
252,2016,21,-99,15
252,2016,21,-97,1
252,2016,21,-89,2
252,2016,21,-87,1
252,2016,23,-107,7
252,2016,23,-99,1
252,2016,25,-103,1
252,2016,25,-101,45
252,2016,25,-99,2
252,2016,25,-81,1
252,2016,27,-111,1
252,2016,27,-101,3
252,2016,27,-97,1
252,2016,27,-83,1
252,2016,29,-111,7
252,2016,29,-107,1
252,2016,29,-101,1
252,2016,29,-99,10
252,2016,29,-97,19
252,2016,29,-95,29
252,2016,29,-85,1
252,2016,29,-81,2
252,2016,29,77,1
252,2016,31,-111,4
252,2016,31,-109,5
252,2016,31,-107,13
252,2016,31,-103,1
252,2016,31,-99,11
252,2016,31,-97,56
252,2016,31,-95,8
252,2016,31,-93,3
252,2016,31,-91,3
252,2016,31,-89,5
252,2016,31,-87,3
252,2016,31,-85,1
252,2016,31,-83,5
252,2016,31,-81,3
252,2016,31,77,1
252,2016,31,79,1
252,2016,33,-119,2
252,2016,33,-117,19
252,2016,33,-113,1
252,2016,33,-111,13
252,2016,33,-109,4
252,2016,33,-105,1
252,2016,33,-99,1
252,2016,33,-97,148
252,2016,33,-93,11
252,2016,33,-87,7
252,2016,33,-85,13
252,2016,33,-83,10
252,2016,33,-81,2
252,2016,35,-119,25
252,2016,35,-117,13
252,2016,35,-115,4
252,2016,35,-109,1
252,2016,35,-107,1
252,2016,35,-97,3
252,2016,35,-93,16
252,2016,35,-89,4
252,2016,35,-85,9
252,2016,35,-83,13
252,2016,35,-81,8
252,2016,35,-79,34
252,2016,35,-77,5
252,2016,35,-75,3
252,2016,37,-123,56
252,2016,37,-121,12
252,2016,37,-119,3
252,2016,37,-115,10
252,2016,37,-113,1
252,2016,37,-107,1
252,2016,37,-105,2
252,2016,37,-99,2
252,2016,37,-97,3
252,2016,37,-95,9
252,2016,37,-93,2
252,2016,37,-89,7
252,2016,37,-87,3
252,2016,37,-85,4
252,2016,37,-83,4
252,2016,37,-81,1
252,2016,37,-79,22
252,2016,37,-77,32
252,2016,37,127,1
252,2016,39,-123,16
252,2016,39,-121,10
252,2016,39,-119,4
252,2016,39,-109,5
252,2016,39,-105,7
252,2016,39,-99,16
252,2016,39,-97,1
252,2016,39,-95,3
252,2016,39,-93,3
252,2016,39,-91,7
252,2016,39,-89,5
252,2016,39,-87,6
252,2016,39,-85,29
252,2016,39,-83,5
252,2016,39,-81,1
252,2016,39,-79,25
252,2016,39,-77,99
252,2016,39,-75,34
252,2016,39,-9,1
252,2016,41,-125,2
252,2016,41,-109,1
252,2016,41,-107,1
252,2016,41,-105,3
252,2016,41,-99,4
252,2016,41,-97,4
252,2016,41,-93,1
252,2016,41,-89,15
252,2016,41,-87,70
252,2016,41,-85,4
252,2016,41,-83,4
252,2016,41,-81,27
252,2016,41,-79,4
252,2016,41,-77,4
252,2016,41,-75,25
252,2016,41,-73,14
252,2016,41,-71,4
252,2016,41,-1,1
252,2016,41,13,1
252,2016,41,15,1
252,2016,41,23,1
252,2016,43,-123,1
252,2016,43,-121,2
252,2016,43,-103,2
252,2016,43,-101,9
252,2016,43,-95,1
252,2016,43,-93,2
252,2016,43,-91,1
252,2016,43,-89,3
252,2016,43,-87,17
252,2016,43,-85,6
252,2016,43,-83,16
252,2016,43,-81,5
252,2016,43,-79,23
252,2016,43,-77,5
252,2016,43,-75,3
252,2016,43,-73,11
252,2016,43,-71,14
252,2016,43,-65,1
252,2016,43,7,1
252,2016,43,17,1
252,2016,45,-125,3
252,2016,45,-123,5
252,2016,45,-113,1
252,2016,45,-97,7
252,2016,45,-95,7
252,2016,45,-93,6
252,2016,45,-89,1
252,2016,45,-87,1
252,2016,45,-79,4
252,2016,45,-77,4
252,2016,45,-75,3
252,2016,45,-73,33
252,2016,45,-69,5
252,2016,45,-65,2
252,2016,45,-63,6
252,2016,45,3,2
252,2016,47,-123,6
252,2016,47,-117,1
252,2016,47,-95,2
252,2016,47,-5,1
252,2016,47,19,1
252,2016,49,9,2
252,2016,51,-99,1
252,2016,51,5,1
252,2017,-37,175,1
252,2017,-31,153,1
252,2017,-9,115,1
252,2017,1,103,6
252,2017,5,119,1
252,2017,7,-75,1
252,2017,9,-85,3
252,2017,9,-83,1
252,2017,9,-77,2
252,2017,11,-75,1
252,2017,13,77,8
252,2017,15,-97,11
252,2017,15,-93,2
252,2017,15,-91,4
252,2017,15,-89,4
252,2017,15,-87,1
252,2017,17,-97,5
252,2017,17,-93,40
252,2017,17,-89,1
252,2017,19,-105,11
252,2017,19,-103,8
252,2017,19,-101,11
252,2017,19,-99,73
252,2017,19,-97,50
252,2017,19,-95,7
252,2017,19,-89,1
252,2017,19,-65,2
252,2017,19,73,3
252,2017,19,109,1
252,2017,21,-105,29
252,2017,21,-103,17
252,2017,21,-101,23
252,2017,21,-99,12
252,2017,21,-97,10
252,2017,21,-89,3
252,2017,21,-87,1
252,2017,23,-107,32
252,2017,23,-103,1
252,2017,23,-101,2
252,2017,23,-99,2
252,2017,23,-97,2
252,2017,23,115,1
252,2017,23,121,1
252,2017,25,-107,1
252,2017,25,-103,2
252,2017,25,-101,40
252,2017,25,35,1
252,2017,25,91,1
252,2017,27,-109,1
252,2017,27,-101,1
252,2017,27,-99,3
252,2017,27,-97,8
252,2017,27,-83,4
252,2017,27,-81,6
252,2017,29,-111,21
252,2017,29,-107,1
252,2017,29,-103,32
252,2017,29,-101,12
252,2017,29,-99,24
252,2017,29,-97,4
252,2017,29,-95,55
252,2017,29,-93,2
252,2017,29,-91,3
252,2017,29,-85,1
252,2017,29,-83,41
252,2017,29,-81,14
252,2017,31,-111,40
252,2017,31,-109,40
252,2017,31,-107,5
252,2017,31,-105,12
252,2017,31,-103,13
252,2017,31,-101,2
252,2017,31,-99,15
252,2017,31,-97,91
252,2017,31,-95,10
252,2017,31,-93,6
252,2017,31,-91,18
252,2017,31,-89,20
252,2017,31,-87,1
252,2017,31,-85,7
252,2017,31,-81,2
252,2017,33,-119,30
252,2017,33,-117,69
252,2017,33,-115,1
252,2017,33,-111,50
252,2017,33,-105,2
252,2017,33,-103,5
252,2017,33,-101,7
252,2017,33,-99,5
252,2017,33,-97,275
252,2017,33,-95,10
252,2017,33,-93,3
252,2017,33,-91,1
252,2017,33,-89,2
252,2017,33,-87,16
252,2017,33,-85,8
252,2017,33,-83,9
252,2017,33,-81,12
252,2017,33,-79,4
252,2017,33,35,2
252,2017,35,-121,3
252,2017,35,-119,98
252,2017,35,-117,5
252,2017,35,-115,1
252,2017,35,-113,3
252,2017,35,-111,2
252,2017,35,-107,3
252,2017,35,-103,1
252,2017,35,-101,2
252,2017,35,-99,3
252,2017,35,-97,21
252,2017,35,-95,66
252,2017,35,-93,49
252,2017,35,-91,3
252,2017,35,-89,2
252,2017,35,-87,20
252,2017,35,-85,8
252,2017,35,-83,14
252,2017,35,-81,4
252,2017,35,-79,22
252,2017,35,-75,1
252,2017,35,137,2
252,2017,37,-123,138
252,2017,37,-121,37
252,2017,37,-119,5
252,2017,37,-115,6
252,2017,37,-113,1
252,2017,37,-101,1
252,2017,37,-97,8
252,2017,37,-95,34
252,2017,37,-93,18
252,2017,37,-91,12
252,2017,37,-89,7
252,2017,37,-87,15
252,2017,37,-85,4
252,2017,37,-83,7
252,2017,37,-81,3
252,2017,37,-79,7
252,2017,37,-77,19
252,2017,37,-75,13
252,2017,39,-123,34
252,2017,39,-121,60
252,2017,39,-119,10
252,2017,39,-109,2
252,2017,39,-107,3
252,2017,39,-105,13
252,2017,39,-97,5
252,2017,39,-95,5
252,2017,39,-93,12
252,2017,39,-91,31
252,2017,39,-89,6
252,2017,39,-87,10
252,2017,39,-85,31
252,2017,39,-83,11
252,2017,39,-81,2
252,2017,39,-79,14
252,2017,39,-77,128
252,2017,39,-75,42
252,2017,41,-125,3
252,2017,41,-123,6
252,2017,41,-121,3
252,2017,41,-111,30
252,2017,41,-107,2
252,2017,41,-105,2
252,2017,41,-103,1
252,2017,41,-101,1
252,2017,41,-99,4
252,2017,41,-97,13
252,2017,41,-95,2
252,2017,41,-93,2
252,2017,41,-91,1
252,2017,41,-89,18
252,2017,41,-87,41
252,2017,41,-85,1
252,2017,41,-83,19
252,2017,41,-81,61
252,2017,41,-79,11
252,2017,41,-77,9
252,2017,41,-75,60
252,2017,41,-73,120
252,2017,41,-71,9
252,2017,41,19,1
252,2017,41,23,1
252,2017,41,123,5
252,2017,43,-123,7
252,2017,43,-121,2
252,2017,43,-119,1
252,2017,43,-115,1
252,2017,43,-113,2
252,2017,43,-111,1
252,2017,43,-97,1
252,2017,43,-95,1
252,2017,43,-93,12
252,2017,43,-91,1
252,2017,43,-89,11
252,2017,43,-87,9
252,2017,43,-85,9
252,2017,43,-83,9
252,2017,43,-81,22
252,2017,43,-79,66
252,2017,43,-77,23
252,2017,43,-75,2
252,2017,43,-73,52
252,2017,43,-71,36
252,2017,43,-69,3
252,2017,43,3,1
252,2017,43,7,2
252,2017,43,27,1
252,2017,45,-125,1
252,2017,45,-123,8
252,2017,45,-121,1
252,2017,45,-111,6
252,2017,45,-103,1
252,2017,45,-97,2
252,2017,45,-95,21
252,2017,45,-93,39
252,2017,45,-83,1
252,2017,45,-81,1
252,2017,45,-79,11
252,2017,45,-77,46
252,2017,45,-75,28
252,2017,45,-73,68
252,2017,45,-71,1
252,2017,45,-69,5
252,2017,45,-67,1
252,2017,45,-63,11
252,2017,45,-61,2
252,2017,45,7,1
252,2017,45,9,2
252,2017,47,-123,4
252,2017,47,-117,2
252,2017,47,-115,2
252,2017,47,-99,2
252,2017,47,-97,5
252,2017,47,-95,5
252,2017,47,-93,3
252,2017,47,-91,8
252,2017,47,-85,2
252,2017,47,-81,2
252,2017,47,-63,3
252,2017,47,-61,1
252,2017,49,-125,1
252,2017,49,-121,1
252,2017,49,-97,2
252,2017,49,-95,2
252,2017,49,-59,1
252,2017,49,-57,1
252,2017,49,17,1
252,2017,51,-97,1
252,2017,51,-93,1
252,2017,51,-81,8
252,2017,51,3,4
252,2017,51,5,2
252,2017,53,-113,2
252,2017,53,-3,2
252,2017,53,-1,2
252,2017,53,7,2
252,2017,53,13,1
252,2017,55,-121,2
252,2017,61,-151,1
252,2017,63,35,1
252,2018,-33,23,4
252,2018,-31,31,1
252,2018,-29,31,1
252,2018,-29,33,1
252,2018,-25,29,2
252,2018,-23,31,1
252,2018,-15,-47,1
252,2018,-7,109,8
252,2018,1,103,2
252,2018,3,101,1
252,2018,5,-75,1
252,2018,5,103,1
252,2018,5,117,1
252,2018,7,-75,2
252,2018,9,-85,2
252,2018,9,-83,3
252,2018,9,-81,1
252,2018,11,79,1
252,2018,11,125,1
252,2018,13,-87,4
252,2018,13,-13,1
252,2018,13,75,1
252,2018,15,-97,2
252,2018,15,-93,4
252,2018,15,-89,2
252,2018,15,-87,9
252,2018,17,-99,1
252,2018,17,-97,4
252,2018,17,-93,5
252,2018,17,-91,2
252,2018,17,-89,1
252,2018,19,-155,2
252,2018,19,-103,3
252,2018,19,-99,19
252,2018,19,-97,12
252,2018,19,-89,1
252,2018,19,-87,1
252,2018,19,-67,1
252,2018,19,73,5
252,2018,19,109,2
252,2018,21,-105,14
252,2018,21,-103,21
252,2018,21,-101,34
252,2018,21,-99,14
252,2018,21,-89,3
252,2018,21,-87,1
252,2018,21,105,2
252,2018,23,-107,29
252,2018,23,-105,3
252,2018,23,-101,1
252,2018,23,87,1
252,2018,23,113,4
252,2018,23,115,7
252,2018,23,121,2
252,2018,25,-107,1
252,2018,25,-101,18
252,2018,25,-81,25
252,2018,25,117,1
252,2018,27,-99,1
252,2018,27,-97,11
252,2018,27,-83,15
252,2018,27,-81,25
252,2018,27,91,1
252,2018,29,-111,3
252,2018,29,-109,3
252,2018,29,-103,15
252,2018,29,-99,32
252,2018,29,-97,3
252,2018,29,-95,19
252,2018,29,-93,3
252,2018,29,-91,2
252,2018,29,-85,20
252,2018,29,-83,61
252,2018,29,-81,59
252,2018,29,77,2
252,2018,29,113,1
252,2018,31,-111,51
252,2018,31,-109,12
252,2018,31,-107,3
252,2018,31,-105,10
252,2018,31,-103,10
252,2018,31,-101,1
252,2018,31,-99,7
252,2018,31,-97,62
252,2018,31,-95,17
252,2018,31,-93,2
252,2018,31,-91,20
252,2018,31,-89,32
252,2018,31,-87,12
252,2018,31,-85,39
252,2018,31,-83,7
252,2018,31,-81,13
252,2018,31,79,1
252,2018,33,-119,46
252,2018,33,-117,68
252,2018,33,-115,2
252,2018,33,-113,1
252,2018,33,-111,36
252,2018,33,-109,1
252,2018,33,-107,2
252,2018,33,-105,2
252,2018,33,-103,6
252,2018,33,-101,4
252,2018,33,-99,7
252,2018,33,-97,197
252,2018,33,-95,6
252,2018,33,-93,14
252,2018,33,-91,5
252,2018,33,-89,7
252,2018,33,-87,14
252,2018,33,-85,52
252,2018,33,-83,11
252,2018,33,-81,28
252,2018,33,-79,3
252,2018,35,-121,6
252,2018,35,-119,94
252,2018,35,-117,7
252,2018,35,-115,1
252,2018,35,-113,12
252,2018,35,-111,6
252,2018,35,-107,11
252,2018,35,-101,1
252,2018,35,-99,5
252,2018,35,-97,20
252,2018,35,-93,27
252,2018,35,-91,7
252,2018,35,-89,5
252,2018,35,-87,30
252,2018,35,-85,54
252,2018,35,-83,38
252,2018,35,-81,23
252,2018,35,-79,46
252,2018,35,-77,1
252,2018,35,-75,2
252,2018,37,-123,76
252,2018,37,-121,26
252,2018,37,-119,4
252,2018,37,-115,11
252,2018,37,-113,1
252,2018,37,-109,2
252,2018,37,-105,4
252,2018,37,-103,1
252,2018,37,-101,1
252,2018,37,-99,4
252,2018,37,-97,9
252,2018,37,-95,32
252,2018,37,-93,13
252,2018,37,-91,13
252,2018,37,-89,13
252,2018,37,-87,31
252,2018,37,-85,24
252,2018,37,-83,7
252,2018,37,-81,14
252,2018,37,-79,25
252,2018,37,-77,38
252,2018,37,-75,1
252,2018,37,127,1
252,2018,39,-123,23
252,2018,39,-121,38
252,2018,39,-119,7
252,2018,39,-115,2
252,2018,39,-105,20
252,2018,39,-103,1
252,2018,39,-99,1
252,2018,39,-97,3
252,2018,39,-95,63
252,2018,39,-93,29
252,2018,39,-91,70
252,2018,39,-89,10
252,2018,39,-87,188
252,2018,39,-85,88
252,2018,39,-83,31
252,2018,39,-81,6
252,2018,39,-79,17
252,2018,39,-77,339
252,2018,39,-75,40
252,2018,39,1,1
252,2018,39,23,1
252,2018,41,-125,7
252,2018,41,-123,4
252,2018,41,-115,3
252,2018,41,-113,2
252,2018,41,-111,10
252,2018,41,-109,2
252,2018,41,-107,1
252,2018,41,-105,13
252,2018,41,-103,1
252,2018,41,-101,3
252,2018,41,-97,17
252,2018,41,-95,14
252,2018,41,-93,5
252,2018,41,-91,8
252,2018,41,-89,30
252,2018,41,-87,94
252,2018,41,-85,9
252,2018,41,-83,50
252,2018,41,-81,41
252,2018,41,-79,7
252,2018,41,-77,27
252,2018,41,-75,160
252,2018,41,-73,102
252,2018,41,-71,15
252,2018,41,9,1
252,2018,41,17,1
252,2018,43,-125,1
252,2018,43,-121,2
252,2018,43,-119,5
252,2018,43,-115,1
252,2018,43,-103,10
252,2018,43,-101,2
252,2018,43,-99,1
252,2018,43,-97,12
252,2018,43,-93,35
252,2018,43,-91,3
252,2018,43,-89,46
252,2018,43,-87,10
252,2018,43,-85,8
252,2018,43,-83,24
252,2018,43,-81,62
252,2018,43,-79,116
252,2018,43,-77,22
252,2018,43,-75,6
252,2018,43,-73,52
252,2018,43,-71,36
252,2018,43,-65,1
252,2018,43,-3,3
252,2018,43,1,1
252,2018,43,7,1
252,2018,43,11,2
252,2018,43,13,1
252,2018,43,27,3
252,2018,45,-119,2
252,2018,45,-117,1
252,2018,45,-109,1
252,2018,45,-103,2
252,2018,45,-97,2
252,2018,45,-95,10
252,2018,45,-93,49
252,2018,45,-89,2
252,2018,45,-87,1
252,2018,45,-85,1
252,2018,45,-81,4
252,2018,45,-79,17
252,2018,45,-77,37
252,2018,45,-75,19
252,2018,45,-73,38
252,2018,45,-71,2
252,2018,45,-69,2
252,2018,45,-67,1
252,2018,45,-65,11
252,2018,45,-63,6
252,2018,45,-1,2
252,2018,45,7,1
252,2018,45,11,5
252,2018,45,19,2
252,2018,47,-123,2
252,2018,47,-113,2
252,2018,47,-111,1
252,2018,47,-107,1
252,2018,47,-105,1
252,2018,47,-103,1
252,2018,47,-101,2
252,2018,47,-93,1
252,2018,47,-87,1
252,2018,47,-81,3
252,2018,47,-75,1
252,2018,47,-71,1
252,2018,47,-65,1
252,2018,47,-63,2
252,2018,47,-61,3
252,2018,47,7,2
252,2018,47,15,1
252,2018,47,31,3
252,2018,49,-123,2
252,2018,49,-115,1
252,2018,49,-101,3
252,2018,49,-97,2
252,2018,49,-89,2
252,2018,49,-79,2
252,2018,49,5,1
252,2018,49,7,2
252,2018,49,9,7
252,2018,49,15,1
252,2018,49,17,4
252,2018,51,-97,1
252,2018,51,-81,1
252,2018,51,-1,2
252,2018,51,1,1
252,2018,51,3,1
252,2018,51,5,2
252,2018,53,-115,1
252,2018,53,-11,1
252,2018,53,-3,1
252,2018,53,-1,4
252,2018,53,1,2
252,2018,53,5,1
252,2018,55,55,1
252,2018,61,-149,1
252,2018,65,-147,1
259,2015,-33,25,3
259,2015,-17,169,2
259,2015,9,-83,7
259,2015,15,-97,17
259,2015,15,-93,1
259,2015,17,-95,1
259,2015,17,-93,1
259,2015,19,-105,2
259,2015,19,-101,2
259,2015,19,-99,10
259,2015,19,-97,6
259,2015,19,-95,3
259,2015,19,-89,1
259,2015,21,-103,11
259,2015,21,-101,36
259,2015,21,-97,1
259,2015,21,-87,1
259,2015,23,-107,89
259,2015,23,73,2
259,2015,25,-101,3
259,2015,25,-97,1
259,2015,27,-111,1
259,2015,27,-97,1
259,2015,29,-105,2
259,2015,29,-101,2
259,2015,29,-97,5
259,2015,29,-95,11
259,2015,29,-83,6
259,2015,29,-81,6
259,2015,31,-111,11
259,2015,31,-107,1
259,2015,31,-99,10
259,2015,31,-97,22
259,2015,31,-95,1
259,2015,31,-85,3
259,2015,31,-81,1
259,2015,33,-119,1
259,2015,33,-117,13
259,2015,33,-115,2
259,2015,33,-111,1
259,2015,33,-109,2
259,2015,33,-107,3
259,2015,33,-101,2
259,2015,33,-99,1
259,2015,33,-97,32
259,2015,33,-95,2
259,2015,33,-87,1
259,2015,33,-85,1
259,2015,33,-81,1
259,2015,33,-79,6
259,2015,35,-119,15
259,2015,35,-117,2
259,2015,35,-115,5
259,2015,35,-113,1
259,2015,35,-109,1
259,2015,35,-107,1
259,2015,35,-101,1
259,2015,35,-97,8
259,2015,35,-93,3
259,2015,35,-89,9
259,2015,35,-87,13
259,2015,35,-83,4
259,2015,35,-81,1
259,2015,35,-79,5
259,2015,35,-77,3
259,2015,37,-123,67
259,2015,37,-121,10
259,2015,37,-119,2
259,2015,37,-113,8
259,2015,37,-97,8
259,2015,37,-95,3
259,2015,37,-91,1
259,2015,37,-85,1
259,2015,37,-79,2
259,2015,37,-77,15
259,2015,37,-75,9
259,2015,39,-123,22
259,2015,39,-121,14
259,2015,39,-109,2
259,2015,39,-105,2
259,2015,39,-95,1
259,2015,39,-91,7
259,2015,39,-89,3
259,2015,39,-85,3
259,2015,39,-79,1
259,2015,39,-77,24
259,2015,39,-75,3
259,2015,41,-125,1
259,2015,41,-123,1
259,2015,41,-121,2
259,2015,41,-105,1
259,2015,41,-97,2
259,2015,41,-95,1
259,2015,41,-91,1
259,2015,41,-89,4
259,2015,41,-87,3
259,2015,41,-83,6
259,2015,41,-81,19
259,2015,41,-75,8
259,2015,41,-73,5
259,2015,41,-71,8
259,2015,43,-87,1
259,2015,43,-85,1
259,2015,43,-81,7
259,2015,43,-79,4
259,2015,43,-77,1
259,2015,43,-73,17
259,2015,43,-71,2
259,2015,43,-69,1
259,2015,43,13,2
259,2015,45,-93,1
259,2015,45,-77,3
259,2015,45,-73,4
259,2015,45,-71,3
259,2015,45,-69,1
259,2015,45,-63,1
259,2015,45,11,1
259,2015,49,-115,1
259,2015,51,-1,1
259,2015,51,7,3
259,2016,-9,115,1
259,2016,1,103,1
259,2016,9,-79,2
259,2016,9,-77,4
259,2016,13,-87,1
259,2016,15,-97,2
259,2016,15,-95,2
259,2016,17,-99,1
259,2016,17,-97,3
259,2016,17,-95,9
259,2016,17,-93,26
259,2016,17,-91,2
259,2016,17,-89,2
259,2016,19,-105,1
259,2016,19,-103,11
259,2016,19,-101,1
259,2016,19,-99,49
259,2016,19,-97,32
259,2016,19,-95,6
259,2016,19,-89,1
259,2016,19,-71,2
259,2016,21,-105,27
259,2016,21,-103,14
259,2016,21,-101,16
259,2016,21,-99,9
259,2016,21,-97,1
259,2016,21,-89,3
259,2016,21,-87,3
259,2016,23,-111,1
259,2016,23,-107,10
259,2016,23,-105,2
259,2016,23,-103,1
259,2016,25,-107,1
259,2016,25,-105,1
259,2016,25,-103,5
259,2016,25,-101,62
259,2016,25,-99,14
259,2016,25,-81,1
259,2016,27,-101,25
259,2016,27,-99,1
259,2016,27,-97,7
259,2016,27,-83,1
259,2016,27,-81,2
259,2016,29,-111,3
259,2016,29,-107,2
259,2016,29,-101,2
259,2016,29,-99,13
259,2016,29,-97,8
259,2016,29,-95,13
259,2016,29,-93,1
259,2016,29,-91,3
259,2016,29,-83,10
259,2016,29,-81,13
259,2016,31,-107,4
259,2016,31,-105,3
259,2016,31,-103,2
259,2016,31,-99,20
259,2016,31,-97,81
259,2016,31,-95,8
259,2016,31,-93,8
259,2016,31,-91,21
259,2016,31,-87,3
259,2016,31,-85,1
259,2016,31,-83,1
259,2016,31,-81,1
259,2016,33,-119,14
259,2016,33,-117,17
259,2016,33,-113,1
259,2016,33,-111,60
259,2016,33,-109,1
259,2016,33,-105,3
259,2016,33,-99,1
259,2016,33,-97,144
259,2016,33,-95,6
259,2016,33,-87,19
259,2016,33,-85,1
259,2016,33,-83,5
259,2016,33,-81,7
259,2016,33,-79,6
259,2016,35,-121,2
259,2016,35,-119,25
259,2016,35,-117,3
259,2016,35,-107,1
259,2016,35,-99,1
259,2016,35,-97,4
259,2016,35,-93,4
259,2016,35,-89,5
259,2016,35,-87,14
259,2016,35,-85,4
259,2016,35,-83,10
259,2016,35,-81,11
259,2016,35,-79,16
259,2016,35,-77,1
259,2016,37,-123,74
259,2016,37,-121,28
259,2016,37,-119,3
259,2016,37,-115,4
259,2016,37,-107,1
259,2016,37,-97,1
259,2016,37,-95,6
259,2016,37,-93,5
259,2016,37,-89,6
259,2016,37,-87,3
259,2016,37,-85,2
259,2016,37,-81,2
259,2016,37,-79,1
259,2016,37,-77,17
259,2016,37,-75,1
259,2016,37,127,1
259,2016,39,-123,15
259,2016,39,-121,15
259,2016,39,-119,3
259,2016,39,-113,1
259,2016,39,-109,9
259,2016,39,-105,2
259,2016,39,-97,2
259,2016,39,-95,6
259,2016,39,-93,9
259,2016,39,-91,6
259,2016,39,-89,5
259,2016,39,-87,6
259,2016,39,-85,21
259,2016,39,-83,11
259,2016,39,-81,1
259,2016,39,-79,7
259,2016,39,-77,104
259,2016,39,-75,14
259,2016,41,-123,1
259,2016,41,-121,4
259,2016,41,-111,1
259,2016,41,-105,2
259,2016,41,-103,1
259,2016,41,-97,19
259,2016,41,-95,2
259,2016,41,-93,2
259,2016,41,-91,3
259,2016,41,-89,7
259,2016,41,-87,61
259,2016,41,-85,2
259,2016,41,-83,7
259,2016,41,-81,23
259,2016,41,-79,5
259,2016,41,-77,2
259,2016,41,-75,25
259,2016,41,-73,37
259,2016,41,-71,1
259,2016,41,17,1
259,2016,41,23,2
259,2016,43,-117,5
259,2016,43,-113,4
259,2016,43,-103,3
259,2016,43,-95,1
259,2016,43,-93,3
259,2016,43,-91,1
259,2016,43,-89,27
259,2016,43,-87,9
259,2016,43,-85,3
259,2016,43,-83,13
259,2016,43,-81,16
259,2016,43,-79,12
259,2016,43,-77,5
259,2016,43,-75,1
259,2016,43,-73,11
259,2016,43,-71,20
259,2016,43,-1,2
259,2016,43,133,1
259,2016,45,-123,1
259,2016,45,-111,1
259,2016,45,-97,14
259,2016,45,-95,1
259,2016,45,-93,14
259,2016,45,-91,1
259,2016,45,-89,3
259,2016,45,-87,2
259,2016,45,-77,4
259,2016,45,-75,9
259,2016,45,-73,10
259,2016,45,-69,3
259,2016,45,11,2
259,2016,45,21,1
259,2016,47,-117,1
259,2016,47,-115,1
259,2016,47,-93,2
259,2016,47,13,1
259,2016,49,-97,1
259,2016,49,-95,1
259,2016,49,3,1
259,2016,49,9,1
259,2016,51,5,1
259,2016,61,-121,1
259,2017,-37,175,1
259,2017,-31,153,3
259,2017,-29,33,1
259,2017,-27,153,1
259,2017,-13,-71,1
259,2017,-9,115,1
259,2017,1,103,3
259,2017,9,-85,3
259,2017,9,-81,1
259,2017,9,-79,1
259,2017,9,-77,1
259,2017,11,-85,1
259,2017,13,-89,1
259,2017,13,-87,1
259,2017,15,-97,29
259,2017,15,-93,2
259,2017,15,-91,1
259,2017,15,-89,2
259,2017,17,-97,4
259,2017,17,-93,34
259,2017,17,-91,1
259,2017,19,-105,3
259,2017,19,-103,3
259,2017,19,-101,2
259,2017,19,-99,49
259,2017,19,-97,28
259,2017,19,-95,1
259,2017,19,73,1
259,2017,19,109,2
259,2017,21,-107,1
259,2017,21,-105,12
259,2017,21,-103,19
259,2017,21,-101,12
259,2017,21,-99,16
259,2017,21,101,1
259,2017,23,-107,18
259,2017,23,-103,1
259,2017,23,115,1
259,2017,25,-107,1
259,2017,25,-101,18
259,2017,25,-99,1
259,2017,25,-81,1
259,2017,25,55,1
259,2017,27,-99,12
259,2017,27,-97,4
259,2017,27,-83,2
259,2017,27,-81,4
259,2017,29,-111,5
259,2017,29,-109,2
259,2017,29,-107,3
259,2017,29,-103,6
259,2017,29,-101,2
259,2017,29,-99,11
259,2017,29,-97,1
259,2017,29,-95,27
259,2017,29,-91,2
259,2017,29,-83,31
259,2017,29,-81,6
259,2017,31,-111,28
259,2017,31,-109,5
259,2017,31,-107,4
259,2017,31,-105,1
259,2017,31,-103,35
259,2017,31,-101,4
259,2017,31,-99,21
259,2017,31,-97,129
259,2017,31,-95,15
259,2017,31,-93,4
259,2017,31,-91,20
259,2017,31,-89,7
259,2017,31,-87,9
259,2017,31,-85,7
259,2017,31,-83,1
259,2017,33,-119,35
259,2017,33,-117,71
259,2017,33,-115,1
259,2017,33,-113,1
259,2017,33,-111,75
259,2017,33,-109,1
259,2017,33,-107,1
259,2017,33,-105,1
259,2017,33,-103,3
259,2017,33,-101,2
259,2017,33,-99,10
259,2017,33,-97,193
259,2017,33,-95,4
259,2017,33,-93,1
259,2017,33,-87,10
259,2017,33,-85,10
259,2017,33,-83,11
259,2017,33,-81,10
259,2017,33,-79,5
259,2017,33,35,1
259,2017,35,-121,3
259,2017,35,-119,64
259,2017,35,-117,21
259,2017,35,-115,1
259,2017,35,-107,4
259,2017,35,-105,1
259,2017,35,-103,1
259,2017,35,-101,1
259,2017,35,-97,14
259,2017,35,-95,35
259,2017,35,-93,11
259,2017,35,-91,1
259,2017,35,-89,3
259,2017,35,-87,6
259,2017,35,-85,9
259,2017,35,-83,17
259,2017,35,-81,8
259,2017,35,-79,16
259,2017,35,-77,1
259,2017,35,-75,1
259,2017,37,-123,96
259,2017,37,-121,22
259,2017,37,-119,19
259,2017,37,-115,32
259,2017,37,-109,2
259,2017,37,-105,1
259,2017,37,-101,1
259,2017,37,-99,1
259,2017,37,-97,20
259,2017,37,-95,15
259,2017,37,-93,9
259,2017,37,-89,5
259,2017,37,-87,4
259,2017,37,-85,6
259,2017,37,-83,11
259,2017,37,-81,5
259,2017,37,-79,10
259,2017,37,-77,14
259,2017,37,-75,8
259,2017,39,-123,23
259,2017,39,-121,26
259,2017,39,-119,4
259,2017,39,-115,1
259,2017,39,-109,7
259,2017,39,-107,6
259,2017,39,-105,49
259,2017,39,-103,4
259,2017,39,-97,4
259,2017,39,-93,14
259,2017,39,-91,12
259,2017,39,-89,2
259,2017,39,-87,14
259,2017,39,-85,26
259,2017,39,-83,12
259,2017,39,-81,11
259,2017,39,-79,10
259,2017,39,-77,143
259,2017,39,-75,38
259,2017,39,27,1
259,2017,41,-125,2
259,2017,41,-123,3
259,2017,41,-121,13
259,2017,41,-113,2
259,2017,41,-107,1
259,2017,41,-105,14
259,2017,41,-103,3
259,2017,41,-101,5
259,2017,41,-99,2
259,2017,41,-97,8
259,2017,41,-95,4
259,2017,41,-93,2
259,2017,41,-89,9
259,2017,41,-87,54
259,2017,41,-85,9
259,2017,41,-83,21
259,2017,41,-81,77
259,2017,41,-79,36
259,2017,41,-77,26
259,2017,41,-75,57
259,2017,41,-73,88
259,2017,41,-71,6
259,2017,41,-3,1
259,2017,43,-123,1
259,2017,43,-121,1
259,2017,43,-119,1
259,2017,43,-117,1
259,2017,43,-107,2
259,2017,43,-103,2
259,2017,43,-97,3
259,2017,43,-95,1
259,2017,43,-93,15
259,2017,43,-91,1
259,2017,43,-89,13
259,2017,43,-87,9
259,2017,43,-85,8
259,2017,43,-83,8
259,2017,43,-81,35
259,2017,43,-79,69
259,2017,43,-77,18
259,2017,43,-75,4
259,2017,43,-73,67
259,2017,43,-71,14
259,2017,43,-69,1
259,2017,43,-59,1
259,2017,43,27,1
259,2017,45,-123,3
259,2017,45,-103,2
259,2017,45,-95,7
259,2017,45,-93,49
259,2017,45,-91,2
259,2017,45,-89,3
259,2017,45,-87,2
259,2017,45,-85,1
259,2017,45,-81,18
259,2017,45,-79,25
259,2017,45,-77,47
259,2017,45,-75,33
259,2017,45,-73,129
259,2017,45,-71,4
259,2017,45,-69,5
259,2017,45,-67,1
259,2017,45,-65,4
259,2017,45,-63,12
259,2017,45,1,1
259,2017,45,7,4
259,2017,45,9,2
259,2017,45,11,1
259,2017,47,-123,1
259,2017,47,-97,1
259,2017,47,-95,2
259,2017,47,-93,5
259,2017,47,-91,11
259,2017,47,-87,3
259,2017,47,-85,13
259,2017,47,-79,1
259,2017,47,-75,1
259,2017,47,-73,1
259,2017,47,-71,2
259,2017,47,-63,1
259,2017,47,-61,1
259,2017,47,-53,1
259,2017,47,9,1
259,2017,49,-123,1
259,2017,49,-113,6
259,2017,49,-97,7
259,2017,49,-95,1
259,2017,49,-87,1
259,2017,49,9,1
259,2017,51,-123,1
259,2017,51,-119,1
259,2017,51,-103,4
259,2017,51,-99,1
259,2017,51,-1,1
259,2017,51,5,2
259,2017,53,-123,1
259,2017,53,-113,1
259,2017,61,-151,2
259,2017,75,-45,1
259,2018,-45,171,1
259,2018,-41,175,1
259,2018,-39,175,1
259,2018,-39,179,1
259,2018,-33,19,3
259,2018,-33,23,1
259,2018,-31,27,1
259,2018,-27,151,1
259,2018,-15,29,1
259,2018,-11,123,1
259,2018,-9,15,1
259,2018,-9,115,1
259,2018,-7,109,1
259,2018,1,103,2
259,2018,5,-75,1
259,2018,5,101,1
259,2018,7,117,1
259,2018,9,-83,1
259,2018,9,-81,2
259,2018,9,-79,6
259,2018,11,-85,8
259,2018,13,-87,3
259,2018,13,81,2
259,2018,13,101,1
259,2018,15,-97,1
259,2018,15,-89,1
259,2018,15,-87,8
259,2018,17,-99,1
259,2018,17,-97,1
259,2018,17,-95,5
259,2018,17,-93,12
259,2018,17,-89,1
259,2018,19,-105,4
259,2018,19,-103,1
259,2018,19,-101,6
259,2018,19,-99,24
259,2018,19,-97,6
259,2018,19,-89,2
259,2018,19,-75,2
259,2018,19,-71,1
259,2018,19,73,8
259,2018,21,-157,1
259,2018,21,-105,12
259,2018,21,-103,10
259,2018,21,-101,38
259,2018,21,-99,4
259,2018,21,-89,7
259,2018,21,-87,1
259,2018,23,-107,7
259,2018,23,-103,1
259,2018,23,115,2
259,2018,23,121,1
259,2018,25,-103,1
259,2018,25,-101,30
259,2018,25,-97,3
259,2018,25,-81,21
259,2018,27,-109,1
259,2018,27,-105,1
259,2018,27,-99,10
259,2018,27,-97,32
259,2018,27,-83,7
259,2018,27,-81,21
259,2018,27,73,1
259,2018,27,93,5
259,2018,29,-111,1
259,2018,29,-107,2
259,2018,29,-101,2
259,2018,29,-99,63
259,2018,29,-97,18
259,2018,29,-95,17
259,2018,29,-91,1
259,2018,29,-89,1
259,2018,29,-85,16
259,2018,29,-83,49
259,2018,29,-81,41
259,2018,31,-111,61
259,2018,31,-109,3
259,2018,31,-107,3
259,2018,31,-105,1
259,2018,31,-103,6
259,2018,31,-101,3
259,2018,31,-99,16
259,2018,31,-97,67
259,2018,31,-95,35
259,2018,31,-93,7
259,2018,31,-91,23
259,2018,31,-89,27
259,2018,31,-87,29
259,2018,31,-85,29
259,2018,31,-83,6
259,2018,31,-81,6
259,2018,31,121,1
259,2018,33,-119,27
259,2018,33,-117,73
259,2018,33,-115,6
259,2018,33,-113,3
259,2018,33,-111,19
259,2018,33,-109,14
259,2018,33,-107,4
259,2018,33,-103,3
259,2018,33,-101,4
259,2018,33,-99,10
259,2018,33,-97,222
259,2018,33,-95,5
259,2018,33,-93,16
259,2018,33,-91,2
259,2018,33,-89,13
259,2018,33,-87,30
259,2018,33,-85,47
259,2018,33,-83,4
259,2018,33,-81,32
259,2018,33,-79,7
259,2018,35,-121,2
259,2018,35,-119,41
259,2018,35,-117,6
259,2018,35,-113,2
259,2018,35,-111,4
259,2018,35,-109,6
259,2018,35,-107,4
259,2018,35,-103,1
259,2018,35,-101,2
259,2018,35,-99,5
259,2018,35,-97,16
259,2018,35,-93,13
259,2018,35,-91,9
259,2018,35,-89,5
259,2018,35,-87,29
259,2018,35,-85,38
259,2018,35,-83,29
259,2018,35,-81,30
259,2018,35,-79,70
259,2018,35,-75,1
259,2018,37,-123,56
259,2018,37,-121,24
259,2018,37,-119,9
259,2018,37,-117,1
259,2018,37,-115,3
259,2018,37,-107,1
259,2018,37,-103,1
259,2018,37,-101,3
259,2018,37,-99,4
259,2018,37,-97,8
259,2018,37,-95,7
259,2018,37,-93,5
259,2018,37,-91,3
259,2018,37,-89,4
259,2018,37,-87,34
259,2018,37,-85,19
259,2018,37,-83,5
259,2018,37,-81,7
259,2018,37,-79,54
259,2018,37,-77,51
259,2018,37,-75,4
259,2018,37,111,2
259,2018,39,-123,14
259,2018,39,-121,15
259,2018,39,-119,4
259,2018,39,-115,2
259,2018,39,-109,1
259,2018,39,-107,1
259,2018,39,-105,27
259,2018,39,-103,2
259,2018,39,-99,6
259,2018,39,-97,5
259,2018,39,-95,19
259,2018,39,-93,20
259,2018,39,-91,38
259,2018,39,-89,4
259,2018,39,-87,78
259,2018,39,-85,49
259,2018,39,-83,11
259,2018,39,-81,4
259,2018,39,-79,23
259,2018,39,-77,369
259,2018,39,-75,99
259,2018,39,-9,1
259,2018,41,-125,1
259,2018,41,-123,1
259,2018,41,-121,2
259,2018,41,-111,4
259,2018,41,-105,30
259,2018,41,-103,4
259,2018,41,-97,7
259,2018,41,-95,13
259,2018,41,-93,2
259,2018,41,-91,9
259,2018,41,-89,14
259,2018,41,-87,65
259,2018,41,-85,6
259,2018,41,-83,64
259,2018,41,-81,20
259,2018,41,-79,5
259,2018,41,-77,39
259,2018,41,-75,133
259,2018,41,-73,168
259,2018,41,-71,2
259,2018,41,-69,2
259,2018,41,-3,2
259,2018,41,3,1
259,2018,41,13,1
259,2018,41,15,1
259,2018,41,23,2
259,2018,43,-123,5
259,2018,43,-113,3
259,2018,43,-105,1
259,2018,43,-103,3
259,2018,43,-101,1
259,2018,43,-97,3
259,2018,43,-93,1
259,2018,43,-91,3
259,2018,43,-89,10
259,2018,43,-87,9
259,2018,43,-85,6
259,2018,43,-83,13
259,2018,43,-81,65
259,2018,43,-79,74
259,2018,43,-77,11
259,2018,43,-75,7
259,2018,43,-73,36
259,2018,43,-71,71
259,2018,43,-3,3
259,2018,43,3,2
259,2018,43,11,1
259,2018,45,-123,5
259,2018,45,-121,2
259,2018,45,-115,1
259,2018,45,-97,5
259,2018,45,-95,4
259,2018,45,-93,14
259,2018,45,-91,1
259,2018,45,-89,3
259,2018,45,-87,1
259,2018,45,-85,1
259,2018,45,-81,3
259,2018,45,-79,19
259,2018,45,-77,43
259,2018,45,-75,18
259,2018,45,-73,20
259,2018,45,-71,1
259,2018,45,-69,3
259,2018,45,-65,5
259,2018,45,-63,60
259,2018,45,-1,1
259,2018,45,3,1
259,2018,45,7,5
259,2018,45,9,3
259,2018,45,11,2
259,2018,45,29,1
259,2018,47,-125,1
259,2018,47,-123,2
259,2018,47,-121,1
259,2018,47,-117,2
259,2018,47,-103,2
259,2018,47,-101,1
259,2018,47,-93,2
259,2018,47,-87,1
259,2018,47,-79,6
259,2018,47,-67,1
259,2018,47,-65,3
259,2018,47,-1,1
259,2018,47,7,3
259,2018,47,11,1
259,2018,49,-123,2
259,2018,49,-119,1
259,2018,49,-115,1
259,2018,49,-103,1
259,2018,49,-101,1
259,2018,49,1,2
259,2018,49,3,1
259,2018,51,-107,2
259,2018,51,3,4
259,2018,51,5,2
259,2018,51,13,3
259,2018,53,-117,1
259,2018,53,-113,1
259,2018,53,-1,1
259,2018,55,-121,1
259,2018,55,25,1
259,2018,57,-3,2
259,2018,59,15,1
259,2018,59,17,1
259,2018,63,-115,1
266,2015,-35,19,1
266,2015,-33,21,2
266,2015,-33,23,1
266,2015,-33,25,1
266,2015,-3,111,1
266,2015,1,103,2
266,2015,9,-83,3
266,2015,11,-85,2
266,2015,13,-89,1
266,2015,13,-87,6
266,2015,15,-97,1
266,2015,15,-93,3
266,2015,17,-95,1
266,2015,19,-105,4
266,2015,19,-99,33
266,2015,19,-97,17
266,2015,19,-89,2
266,2015,21,-105,3
266,2015,21,-103,1
266,2015,21,-101,3
266,2015,21,-99,2
266,2015,21,-89,1
266,2015,21,-87,2
266,2015,23,-107,5
266,2015,23,-101,1
266,2015,25,-101,2
266,2015,25,-81,1
266,2015,27,-99,9
266,2015,27,-97,2
266,2015,27,-83,3
266,2015,27,-81,1
266,2015,27,91,1
266,2015,29,-111,1
266,2015,29,-105,1
266,2015,29,-101,1
266,2015,29,-99,3
266,2015,29,-97,2
266,2015,29,-95,9
266,2015,29,-89,1
266,2015,29,-83,4
266,2015,29,-81,7
266,2015,31,-107,1
266,2015,31,-103,1
266,2015,31,-97,19
266,2015,31,-95,2
266,2015,31,-91,1
266,2015,31,-87,5
266,2015,31,-85,1
266,2015,31,-83,4
266,2015,31,-81,1
266,2015,33,-117,4
266,2015,33,-115,1
266,2015,33,-109,1
266,2015,33,-99,6
266,2015,33,-97,48
266,2015,33,-95,2
266,2015,33,-87,1
266,2015,33,-85,1
266,2015,33,-81,3
266,2015,33,35,1
266,2015,35,-121,1
266,2015,35,-119,16
266,2015,35,-117,4
266,2015,35,-103,1
266,2015,35,-101,2
266,2015,35,-97,14
266,2015,35,-93,8
266,2015,35,-91,1
266,2015,35,-89,3
266,2015,35,-87,3
266,2015,35,-83,1
266,2015,35,-81,3
266,2015,35,-79,3
266,2015,35,-77,9
266,2015,37,-123,46
266,2015,37,-121,2
266,2015,37,-119,2
266,2015,37,-115,1
266,2015,37,-113,40
266,2015,37,-111,1
266,2015,37,-97,12
266,2015,37,-95,3
266,2015,37,-89,3
266,2015,37,-77,5
266,2015,39,-123,10
266,2015,39,-121,6
266,2015,39,-107,1
266,2015,39,-105,3
266,2015,39,-99,1
266,2015,39,-95,1
266,2015,39,-93,2
266,2015,39,-91,2
266,2015,39,-89,2
266,2015,39,-85,5
266,2015,39,-83,1
266,2015,39,-79,1
266,2015,39,-77,9
266,2015,39,-75,9
266,2015,39,-1,2
266,2015,41,-107,1
266,2015,41,-105,3
266,2015,41,-97,1
266,2015,41,-91,2
266,2015,41,-89,19
266,2015,41,-87,7
266,2015,41,-83,9
266,2015,41,-81,3
266,2015,41,-79,1
266,2015,41,-75,6
266,2015,41,-73,7
266,2015,41,-5,1
266,2015,43,-83,5
266,2015,43,-81,8
266,2015,43,-79,4
266,2015,43,-77,3
266,2015,43,-73,8
266,2015,43,-71,6
266,2015,43,-69,5
266,2015,43,13,1
266,2015,43,27,1
266,2015,45,-93,3
266,2015,45,-73,8
266,2015,45,-71,1
266,2015,45,-69,11
266,2015,45,-65,1
266,2015,47,-121,1
266,2015,47,-93,2
266,2015,47,-91,1
266,2015,47,-87,1
266,2015,49,9,1
266,2015,51,7,1
266,2016,-37,175,1
266,2016,-33,19,1
266,2016,-27,153,1
266,2016,9,-83,1
266,2016,15,-97,3
266,2016,15,-87,1
266,2016,17,-97,1
266,2016,17,-95,1
266,2016,17,-93,12
266,2016,17,-91,1
266,2016,19,-105,9
266,2016,19,-103,13
266,2016,19,-101,4
266,2016,19,-99,25
266,2016,19,-97,16
266,2016,19,-95,3
266,2016,19,-89,16
266,2016,19,-71,1
266,2016,19,-67,1
266,2016,21,-105,15
266,2016,21,-103,18
266,2016,21,-101,23
266,2016,21,-99,43
266,2016,21,-89,4
266,2016,21,-87,4
266,2016,23,-107,10
266,2016,23,-101,4
266,2016,23,-99,4
266,2016,23,87,1
266,2016,25,-111,1
266,2016,25,-109,2
266,2016,25,-103,3
266,2016,25,-101,91
266,2016,25,-99,13
266,2016,25,-81,4
266,2016,27,-109,2
266,2016,27,-99,24
266,2016,27,-97,24
266,2016,27,-83,3
266,2016,27,-81,5
266,2016,29,-111,4
266,2016,29,-107,1
266,2016,29,-103,4
266,2016,29,-101,7
266,2016,29,-99,28
266,2016,29,-97,11
266,2016,29,-95,32
266,2016,29,-91,2
266,2016,29,-83,6
266,2016,29,-81,16
266,2016,31,-107,6
266,2016,31,-103,3
266,2016,31,-99,14
266,2016,31,-97,105
266,2016,31,-95,14
266,2016,31,-93,3
266,2016,31,-91,8
266,2016,31,-89,7
266,2016,31,-87,6
266,2016,31,-85,5
266,2016,31,-81,5
266,2016,31,79,1
266,2016,33,-119,16
266,2016,33,-117,30
266,2016,33,-113,3
266,2016,33,-111,34
266,2016,33,-99,4
266,2016,33,-97,164
266,2016,33,-95,9
266,2016,33,-93,2
266,2016,33,-87,7
266,2016,33,-85,13
266,2016,33,-83,1
266,2016,33,-81,16
266,2016,33,-79,2
266,2016,35,-119,14
266,2016,35,-117,11
266,2016,35,-113,2
266,2016,35,-111,2
266,2016,35,-101,2
266,2016,35,-97,11
266,2016,35,-95,7
266,2016,35,-93,3
266,2016,35,-91,1
266,2016,35,-89,7
266,2016,35,-87,12
266,2016,35,-85,8
266,2016,35,-83,20
266,2016,35,-81,5
266,2016,35,-79,15
266,2016,35,-77,10
266,2016,37,-123,58
266,2016,37,-121,23
266,2016,37,-119,2
266,2016,37,-115,12
266,2016,37,-107,2
266,2016,37,-97,3
266,2016,37,-95,8
266,2016,37,-89,3
266,2016,37,-87,1
266,2016,37,-85,3
266,2016,37,-83,9
266,2016,37,-81,1
266,2016,37,-79,2
266,2016,37,-77,146
266,2016,37,-75,8
266,2016,39,-123,18
266,2016,39,-121,16
266,2016,39,-119,2
266,2016,39,-109,17
266,2016,39,-97,2
266,2016,39,-95,1
266,2016,39,-93,5
266,2016,39,-91,7
266,2016,39,-87,1
266,2016,39,-85,7
266,2016,39,-83,1
266,2016,39,-81,2
266,2016,39,-79,12
266,2016,39,-77,111
266,2016,39,-75,29
266,2016,41,-121,2
266,2016,41,-97,6
266,2016,41,-93,3
266,2016,41,-89,9
266,2016,41,-87,34
266,2016,41,-83,2
266,2016,41,-81,6
266,2016,41,-79,4
266,2016,41,-77,1
266,2016,41,-75,23
266,2016,41,-73,11
266,2016,41,-71,4
266,2016,43,-123,1
266,2016,43,-93,2
266,2016,43,-91,3
266,2016,43,-89,10
266,2016,43,-87,7
266,2016,43,-85,4
266,2016,43,-83,12
266,2016,43,-81,8
266,2016,43,-79,8
266,2016,43,-77,1
266,2016,43,-73,5
266,2016,43,-71,13
266,2016,43,13,1
266,2016,45,-123,6
266,2016,45,-97,6
266,2016,45,-93,4
266,2016,45,-79,7
266,2016,45,-77,1
266,2016,45,-75,3
266,2016,45,-73,10
266,2016,45,-65,1
266,2016,45,9,1
266,2016,45,11,1
266,2016,45,13,2
266,2016,45,19,1
266,2016,45,21,1
266,2016,47,-123,1
266,2016,47,-121,3
266,2016,47,-85,2
266,2016,47,9,3
266,2016,49,-123,2
266,2016,49,-121,1
266,2016,49,-113,1
266,2016,49,9,3
266,2016,51,3,1
266,2016,51,5,1
266,2016,51,13,2
266,2017,-43,173,2
266,2017,-37,145,3
266,2017,-33,23,1
266,2017,-33,25,1
266,2017,-33,117,1
266,2017,-31,153,1
266,2017,-23,133,1
266,2017,-21,45,1
266,2017,-13,-69,1
266,2017,1,103,15
266,2017,9,-85,1
266,2017,13,-85,3
266,2017,13,77,1
266,2017,15,-97,20
266,2017,15,-89,2
266,2017,17,-99,1
266,2017,17,-97,6
266,2017,17,-95,2
266,2017,17,-93,35
266,2017,17,-91,1
266,2017,19,-105,8
266,2017,19,-103,10
266,2017,19,-101,7
266,2017,19,-99,30
266,2017,19,-97,38
266,2017,19,-95,1
266,2017,19,-89,1
266,2017,19,-75,2
266,2017,19,109,4
266,2017,21,-105,17
266,2017,21,-103,11
266,2017,21,-101,29
266,2017,21,-99,9
266,2017,21,-97,9
266,2017,21,-89,1
266,2017,21,-87,1
266,2017,23,-111,1
266,2017,23,-107,23
266,2017,23,-105,18
266,2017,23,-103,2
266,2017,23,-99,20
266,2017,23,115,1
266,2017,25,-109,1
266,2017,25,-107,7
266,2017,25,-105,3
266,2017,25,-103,1
266,2017,25,-101,42
266,2017,25,-99,6
266,2017,25,-81,4
266,2017,27,-111,5
266,2017,27,-101,1
266,2017,27,-99,14
266,2017,27,-97,20
266,2017,27,-83,3
266,2017,27,-81,4
266,2017,29,-111,4
266,2017,29,-109,1
266,2017,29,-105,3
266,2017,29,-103,4
266,2017,29,-99,53
266,2017,29,-97,5
266,2017,29,-95,61
266,2017,29,-93,2
266,2017,29,-91,3
266,2017,29,-85,1
266,2017,29,-83,39
266,2017,29,-81,21
266,2017,31,-111,31
266,2017,31,-109,3
266,2017,31,-107,4
266,2017,31,-105,5
266,2017,31,-103,18
266,2017,31,-101,30
266,2017,31,-99,13
266,2017,31,-97,187
266,2017,31,-95,30
266,2017,31,-93,7
266,2017,31,-91,7
266,2017,31,-89,9
266,2017,31,-87,8
266,2017,31,-85,16
266,2017,31,-81,2
266,2017,33,-119,38
266,2017,33,-117,47
266,2017,33,-115,5
266,2017,33,-113,2
266,2017,33,-111,43
266,2017,33,-109,2
266,2017,33,-107,11
266,2017,33,-105,1
266,2017,33,-103,4
266,2017,33,-101,12
266,2017,33,-99,41
266,2017,33,-97,232
266,2017,33,-95,18
266,2017,33,-93,4
266,2017,33,-89,1
266,2017,33,-87,16
266,2017,33,-85,10
266,2017,33,-83,26
266,2017,33,-81,17
266,2017,33,-79,14
266,2017,35,-121,3
266,2017,35,-119,147
266,2017,35,-117,6
266,2017,35,-113,2
266,2017,35,-111,4
266,2017,35,-107,5
266,2017,35,-105,4
266,2017,35,-103,6
266,2017,35,-99,5
266,2017,35,-97,16
266,2017,35,-95,45
266,2017,35,-93,4
266,2017,35,-89,9
266,2017,35,-87,10
266,2017,35,-85,26
266,2017,35,-83,20
266,2017,35,-81,19
266,2017,35,-79,16
266,2017,35,-77,5
266,2017,35,-75,1
266,2017,35,137,1
266,2017,37,-123,84
266,2017,37,-121,64
266,2017,37,-119,5
266,2017,37,-117,2
266,2017,37,-115,11
266,2017,37,-113,2
266,2017,37,-109,1
266,2017,37,-101,2
266,2017,37,-97,9
266,2017,37,-95,6
266,2017,37,-93,11
266,2017,37,-91,1
266,2017,37,-89,2
266,2017,37,-87,10
266,2017,37,-83,3
266,2017,37,-81,2
266,2017,37,-79,19
266,2017,37,-77,7
266,2017,37,-75,10
266,2017,39,-123,60
266,2017,39,-121,22
266,2017,39,-119,1
266,2017,39,-109,4
266,2017,39,-105,24
266,2017,39,-101,1
266,2017,39,-99,1
266,2017,39,-97,7
266,2017,39,-95,3
266,2017,39,-93,9
266,2017,39,-91,31
266,2017,39,-89,9
266,2017,39,-87,8
266,2017,39,-85,20
266,2017,39,-83,17
266,2017,39,-81,2
266,2017,39,-79,4
266,2017,39,-77,119
266,2017,39,-75,80
266,2017,39,-27,1
266,2017,39,-3,1
266,2017,39,9,1
266,2017,41,-125,6
266,2017,41,-123,3
266,2017,41,-119,1
266,2017,41,-111,4
266,2017,41,-105,6
266,2017,41,-99,3
266,2017,41,-97,9
266,2017,41,-95,3
266,2017,41,-89,9
266,2017,41,-87,57
266,2017,41,-83,7
266,2017,41,-81,41
266,2017,41,-79,11
266,2017,41,-77,7
266,2017,41,-75,86
266,2017,41,-73,65
266,2017,41,-71,31
266,2017,43,-125,1
266,2017,43,-123,3
266,2017,43,-115,1
266,2017,43,-113,1
266,2017,43,-103,1
266,2017,43,-93,3
266,2017,43,-91,4
266,2017,43,-89,14
266,2017,43,-87,3
266,2017,43,-85,15
266,2017,43,-83,10
266,2017,43,-81,32
266,2017,43,-79,73
266,2017,43,-77,19
266,2017,43,-75,5
266,2017,43,-73,83
266,2017,43,-71,49
266,2017,43,-69,18
266,2017,43,3,1
266,2017,43,27,1
266,2017,45,-125,1
266,2017,45,-123,12
266,2017,45,-121,2
266,2017,45,-117,1
266,2017,45,-97,1
266,2017,45,-95,1
266,2017,45,-93,52
266,2017,45,-89,1
266,2017,45,-79,17
266,2017,45,-77,23
266,2017,45,-75,17
266,2017,45,-73,55
266,2017,45,-69,2
266,2017,45,-67,4
266,2017,45,-65,5
266,2017,45,-63,11
266,2017,45,-61,6
266,2017,45,1,2
266,2017,45,7,1
266,2017,45,11,1
266,2017,47,-125,2
266,2017,47,-123,3
266,2017,47,-121,1
266,2017,47,-119,2
266,2017,47,-113,2
266,2017,47,-95,1
266,2017,47,-93,3
266,2017,47,-91,7
266,2017,47,-89,1
266,2017,47,-87,1
266,2017,47,-85,3
266,2017,47,-63,1
266,2017,47,-61,1
266,2017,47,-59,3
266,2017,47,3,2
266,2017,47,11,1
266,2017,49,-123,2
266,2017,49,-119,1
266,2017,49,-113,3
266,2017,49,-101,1
266,2017,49,-97,1
266,2017,49,1,1
266,2017,49,3,1
266,2017,49,9,7
266,2017,51,-119,2
266,2017,51,-117,1
266,2017,51,-115,1
266,2017,51,-105,1
266,2017,51,-1,2
266,2017,51,3,1
266,2017,51,5,2
266,2017,51,7,1
266,2017,53,-113,1
266,2017,53,-105,1
266,2017,53,-1,2
266,2017,55,9,1
266,2018,-43,173,1
266,2018,-39,175,1
266,2018,-37,175,1
266,2018,-31,19,1
266,2018,-31,31,1
266,2018,-27,153,1
266,2018,-23,-47,1
266,2018,-9,115,2
266,2018,-7,109,1
266,2018,1,103,1
266,2018,5,-73,1
266,2018,9,-85,1
266,2018,9,-83,1
266,2018,9,-81,1
266,2018,9,-79,20
266,2018,11,-85,2
266,2018,13,79,1
266,2018,13,81,9
266,2018,15,-97,10
266,2018,15,-89,2
266,2018,15,-87,10
266,2018,17,-97,3
266,2018,17,-95,5
266,2018,17,-93,4
266,2018,17,103,1
266,2018,19,-105,6
266,2018,19,-103,4
266,2018,19,-101,10
266,2018,19,-99,65
266,2018,19,-97,10
266,2018,19,-75,2
266,2018,19,-71,1
266,2018,19,-67,1
266,2018,19,-65,1
266,2018,19,73,1
266,2018,19,75,5
266,2018,19,109,5
266,2018,21,-105,14
266,2018,21,-103,8
266,2018,21,-101,15
266,2018,21,-99,9
266,2018,21,-89,5
266,2018,21,-87,2
266,2018,21,83,1
266,2018,23,-107,30
266,2018,23,-99,1
266,2018,23,115,13
266,2018,23,121,1
266,2018,25,-107,1
266,2018,25,-101,25
266,2018,25,-99,2
266,2018,25,-97,2
266,2018,25,-81,4
266,2018,27,-109,2
266,2018,27,-107,1
266,2018,27,-105,6
266,2018,27,-99,35
266,2018,27,-97,13
266,2018,27,-83,6
266,2018,27,-81,27
266,2018,27,93,2
266,2018,29,-111,2
266,2018,29,-107,1
266,2018,29,-103,12
266,2018,29,-101,2
266,2018,29,-99,114
266,2018,29,-97,5
266,2018,29,-95,43
266,2018,29,-91,1
266,2018,29,-85,3
266,2018,29,-83,29
266,2018,29,-81,14
266,2018,29,-15,1
266,2018,31,-111,9
266,2018,31,-109,9
266,2018,31,-107,4
266,2018,31,-103,11
266,2018,31,-101,2
266,2018,31,-99,26
266,2018,31,-97,104
266,2018,31,-95,41
266,2018,31,-93,14
266,2018,31,-91,27
266,2018,31,-89,23
266,2018,31,-87,22
266,2018,31,-85,19
266,2018,31,-83,21
266,2018,31,-81,6
266,2018,33,-119,99
266,2018,33,-117,47
266,2018,33,-115,1
266,2018,33,-113,9
266,2018,33,-111,39
266,2018,33,-109,2
266,2018,33,-107,4
266,2018,33,-105,4
266,2018,33,-103,3
266,2018,33,-101,18
266,2018,33,-99,19
266,2018,33,-97,380
266,2018,33,-95,22
266,2018,33,-93,31
266,2018,33,-91,5
266,2018,33,-89,1
266,2018,33,-87,12
266,2018,33,-85,22
266,2018,33,-83,5
266,2018,33,-81,15
266,2018,33,-79,7
266,2018,33,-17,1
266,2018,33,133,1
266,2018,35,-121,2
266,2018,35,-119,62
266,2018,35,-117,17
266,2018,35,-115,1
266,2018,35,-113,15
266,2018,35,-111,3
266,2018,35,-109,2
266,2018,35,-107,4
266,2018,35,-99,5
266,2018,35,-97,43
266,2018,35,-95,12
266,2018,35,-93,27
266,2018,35,-91,11
266,2018,35,-89,5
266,2018,35,-87,11
266,2018,35,-85,41
266,2018,35,-83,18
266,2018,35,-81,13
266,2018,35,-79,43
266,2018,35,-77,2
266,2018,37,-123,51
266,2018,37,-121,21
266,2018,37,-119,12
266,2018,37,-115,9
266,2018,37,-113,2
266,2018,37,-103,6
266,2018,37,-101,1
266,2018,37,-99,3
266,2018,37,-97,7
266,2018,37,-95,24
266,2018,37,-93,15
266,2018,37,-91,1
266,2018,37,-89,2
266,2018,37,-87,11
266,2018,37,-85,7
266,2018,37,-83,6
266,2018,37,-81,3
266,2018,37,-79,23
266,2018,37,-77,32
266,2018,37,-75,2
266,2018,37,27,1
266,2018,37,35,1
266,2018,37,129,1
266,2018,39,-123,27
266,2018,39,-121,27
266,2018,39,-119,1
266,2018,39,-115,1
266,2018,39,-113,1
266,2018,39,-109,2
266,2018,39,-107,5
266,2018,39,-105,22
266,2018,39,-103,4
266,2018,39,-101,14
266,2018,39,-99,1
266,2018,39,-97,4
266,2018,39,-95,12
266,2018,39,-93,26
266,2018,39,-91,64
266,2018,39,-89,3
266,2018,39,-87,103
266,2018,39,-85,44
266,2018,39,-83,27
266,2018,39,-81,4
266,2018,39,-79,23
266,2018,39,-77,201
266,2018,39,-75,37
266,2018,39,-1,1
266,2018,39,3,1
266,2018,41,-125,4
266,2018,41,-121,1
266,2018,41,-111,2
266,2018,41,-105,4
266,2018,41,-99,1
266,2018,41,-97,4
266,2018,41,-95,5
266,2018,41,-93,5
266,2018,41,-91,4
266,2018,41,-89,8
266,2018,41,-87,64
266,2018,41,-85,4
266,2018,41,-83,96
266,2018,41,-81,58
266,2018,41,-79,5
266,2018,41,-77,9
266,2018,41,-75,62
266,2018,41,-73,98
266,2018,41,-71,4
266,2018,41,-69,1
266,2018,41,-5,1
266,2018,41,1,1
266,2018,43,-123,4
266,2018,43,-113,1
266,2018,43,-97,2
266,2018,43,-93,4
266,2018,43,-91,1
266,2018,43,-89,14
266,2018,43,-87,3
266,2018,43,-85,6
266,2018,43,-83,28
266,2018,43,-81,44
266,2018,43,-79,115
266,2018,43,-77,13
266,2018,43,-75,2
266,2018,43,-73,25
266,2018,43,-71,21
266,2018,43,-69,1
266,2018,43,-7,1
266,2018,43,-5,1
266,2018,43,-3,8
266,2018,43,3,2
266,2018,43,7,1
266,2018,43,11,1
266,2018,43,23,1
266,2018,45,-123,4
266,2018,45,-121,3
266,2018,45,-111,1
266,2018,45,-95,7
266,2018,45,-93,19
266,2018,45,-91,2
266,2018,45,-87,1
266,2018,45,-81,2
266,2018,45,-79,10
266,2018,45,-77,31
266,2018,45,-75,8
266,2018,45,-73,23
266,2018,45,-69,2
266,2018,45,-67,1
266,2018,45,-65,3
266,2018,45,-63,2
266,2018,45,-1,1
266,2018,45,7,1
266,2018,45,9,2
266,2018,45,11,6
266,2018,45,21,1
266,2018,47,-123,6
266,2018,47,-117,1
266,2018,47,-79,1
266,2018,47,-73,1
266,2018,47,-63,1
266,2018,47,-53,1
266,2018,47,7,2
266,2018,49,-123,1
266,2018,49,-121,2
266,2018,49,-117,1
266,2018,49,-5,1
266,2018,49,3,1
266,2018,49,9,2
266,2018,51,1,1
266,2018,51,5,2
266,2018,51,7,1
266,2018,51,19,1
266,2018,53,-117,1
266,2018,53,1,1
266,2018,55,-3,1
266,2018,65,-149,1
273,2015,-33,19,1
273,2015,1,103,3
273,2015,5,-75,1
273,2015,9,-85,1
273,2015,9,-79,9
273,2015,9,-77,2
273,2015,13,103,2
273,2015,15,-97,2
273,2015,15,-93,1
273,2015,17,-95,4
273,2015,17,-93,1
273,2015,19,-103,1
273,2015,19,-99,15
273,2015,19,-97,20
273,2015,19,-95,2
273,2015,19,-91,1
273,2015,19,-71,3
273,2015,19,-69,3
273,2015,21,-157,1
273,2015,21,-105,12
273,2015,21,-101,13
273,2015,21,-99,2
273,2015,23,-107,4
273,2015,23,-101,1
273,2015,23,-83,2
273,2015,23,77,1
273,2015,25,-109,1
273,2015,25,-101,3
273,2015,25,-99,2
273,2015,25,-81,9
273,2015,25,55,1
273,2015,27,-101,2
273,2015,27,-99,26
273,2015,27,-97,1
273,2015,27,-83,3
273,2015,27,-81,3
273,2015,29,-111,2
273,2015,29,-109,1
273,2015,29,-101,7
273,2015,29,-99,9
273,2015,29,-95,8
273,2015,29,-83,1
273,2015,29,-81,8
273,2015,31,-117,1
273,2015,31,-111,26
273,2015,31,-109,1
273,2015,31,-97,94
273,2015,31,-95,1
273,2015,31,-91,1
273,2015,31,-87,2
273,2015,31,-85,1
273,2015,33,-119,4
273,2015,33,-117,5
273,2015,33,-111,1
273,2015,33,-101,1
273,2015,33,-99,3
273,2015,33,-97,136
273,2015,33,-95,6
273,2015,33,-93,8
273,2015,33,-87,1
273,2015,33,-85,1
273,2015,33,-79,1
273,2015,35,-119,18
273,2015,35,-117,21
273,2015,35,-115,1
273,2015,35,-113,2
273,2015,35,-101,1
273,2015,35,-97,11
273,2015,35,-93,5
273,2015,35,-89,3
273,2015,35,-87,4
273,2015,35,-83,8
273,2015,35,-81,1
273,2015,35,-79,3
273,2015,35,-77,5
273,2015,37,-123,43
273,2015,37,-121,4
273,2015,37,-115,12
273,2015,37,-113,3
273,2015,37,-105,1
273,2015,37,-97,11
273,2015,37,-95,2
273,2015,37,-89,7
273,2015,37,-87,5
273,2015,37,-85,1
273,2015,37,-83,1
273,2015,37,-79,3
273,2015,37,-77,3
273,2015,39,-123,11
273,2015,39,-121,10
273,2015,39,-119,3
273,2015,39,-105,6
273,2015,39,-85,5
273,2015,39,-77,1
273,2015,39,-75,4
273,2015,39,3,1
273,2015,41,-125,2
273,2015,41,-123,1
273,2015,41,-87,1
273,2015,41,-85,1
273,2015,41,-81,3
273,2015,41,-75,1
273,2015,43,-123,1
273,2015,43,-73,2
273,2015,43,-71,7
273,2015,43,13,2
273,2015,45,-83,1
273,2015,45,-67,1
273,2015,45,11,4
273,2015,49,9,1
273,2015,51,7,2
273,2015,51,13,1
273,2015,57,-133,1
273,2016,-31,153,1
273,2016,-29,33,1
273,2016,-25,31,1
273,2016,-9,115,1
273,2016,13,-89,1
273,2016,13,77,3
273,2016,15,-97,1
273,2016,17,-99,1
273,2016,17,-97,1
273,2016,17,-95,5
273,2016,17,-93,20
273,2016,19,-103,7
273,2016,19,-101,8
273,2016,19,-99,40
273,2016,19,-97,20
273,2016,19,-95,4
273,2016,19,-89,2
273,2016,19,73,4
273,2016,21,-105,15
273,2016,21,-103,8
273,2016,21,-101,22
273,2016,21,-99,3
273,2016,21,-89,3
273,2016,21,-87,1
273,2016,23,-109,1
273,2016,23,-107,23
273,2016,23,-101,3
273,2016,23,87,2
273,2016,23,115,2
273,2016,25,-105,1
273,2016,25,-103,5
273,2016,25,-101,139
273,2016,25,-99,6
273,2016,25,-97,4
273,2016,25,-81,2
273,2016,27,-101,7
273,2016,27,-99,14
273,2016,27,-97,25
273,2016,27,-81,2
273,2016,29,-111,3
273,2016,29,-109,1
273,2016,29,-105,2
273,2016,29,-103,3
273,2016,29,-101,1
273,2016,29,-99,25
273,2016,29,-97,39
273,2016,29,-95,59
273,2016,29,-93,7
273,2016,29,-91,2
273,2016,29,-89,5
273,2016,29,-83,10
273,2016,29,-81,24
273,2016,29,77,1
273,2016,29,79,1
273,2016,31,-115,1
273,2016,31,-111,65
273,2016,31,-109,5
273,2016,31,-107,2
273,2016,31,-103,6
273,2016,31,-101,1
273,2016,31,-99,10
273,2016,31,-97,169
273,2016,31,-95,7
273,2016,31,-93,3
273,2016,31,-91,5
273,2016,31,-89,9
273,2016,31,-87,2
273,2016,31,-85,1
273,2016,31,-83,2
273,2016,31,-81,1
273,2016,33,-119,4
273,2016,33,-117,15
273,2016,33,-113,1
273,2016,33,-111,7
273,2016,33,-107,1
273,2016,33,-101,7
273,2016,33,-99,22
273,2016,33,-97,287
273,2016,33,-95,22
273,2016,33,-93,6
273,2016,33,-87,7
273,2016,33,-85,10
273,2016,33,-81,2
273,2016,33,-79,2
273,2016,35,-121,1
273,2016,35,-119,32
273,2016,35,-117,22
273,2016,35,-115,1
273,2016,35,-107,1
273,2016,35,-101,3
273,2016,35,-97,1
273,2016,35,-95,2
273,2016,35,-93,2
273,2016,35,-91,1
273,2016,35,-89,19
273,2016,35,-85,2
273,2016,35,-83,12
273,2016,35,-81,8
273,2016,35,-79,16
273,2016,35,135,2
273,2016,37,-123,71
273,2016,37,-121,11
273,2016,37,-119,1
273,2016,37,-115,1
273,2016,37,-113,1
273,2016,37,-95,18
273,2016,37,-93,10
273,2016,37,-91,1
273,2016,37,-89,13
273,2016,37,-87,6
273,2016,37,-85,6
273,2016,37,-83,8
273,2016,37,-81,3
273,2016,37,-77,42
273,2016,37,13,1
273,2016,39,-123,8
273,2016,39,-121,7
273,2016,39,-109,2
273,2016,39,-107,1
273,2016,39,-105,7
273,2016,39,-103,2
273,2016,39,-97,4
273,2016,39,-95,2
273,2016,39,-93,8
273,2016,39,-91,11
273,2016,39,-89,3
273,2016,39,-87,2
273,2016,39,-85,14
273,2016,39,-83,14
273,2016,39,-79,4
273,2016,39,-77,91
273,2016,39,-75,4
273,2016,39,-9,1
273,2016,41,-125,1
273,2016,41,-113,2
273,2016,41,-111,1
273,2016,41,-105,7
273,2016,41,-97,6
273,2016,41,-95,2
273,2016,41,-93,2
273,2016,41,-91,1
273,2016,41,-89,1
273,2016,41,-87,18
273,2016,41,-83,3
273,2016,41,-81,19
273,2016,41,-79,2
273,2016,41,-75,4
273,2016,41,-73,4
273,2016,41,-71,3
273,2016,41,17,1
273,2016,41,45,1
273,2016,43,-123,1
273,2016,43,-93,5
273,2016,43,-89,3
273,2016,43,-87,1
273,2016,43,-83,1
273,2016,43,-81,2
273,2016,43,-79,3
273,2016,43,-77,7
273,2016,43,-75,1
273,2016,43,-71,9
273,2016,43,-69,7
273,2016,43,3,1
273,2016,45,-123,1
273,2016,45,-103,1
273,2016,45,-97,8
273,2016,45,-95,4
273,2016,45,-93,2
273,2016,45,-91,1
273,2016,45,-79,2
273,2016,45,-77,1
273,2016,45,-73,2
273,2016,45,-69,4
273,2016,45,7,1
273,2016,45,9,1
273,2016,45,11,3
273,2016,47,-117,2
273,2016,49,-123,1
273,2016,49,3,2
273,2016,49,9,5
273,2016,51,7,1
273,2016,57,-135,1
273,2017,-37,145,1
273,2017,1,103,24
273,2017,9,-85,1
273,2017,9,-83,1
273,2017,9,-79,1
273,2017,9,77,1
273,2017,13,-89,1
273,2017,13,75,1
273,2017,13,77,1
273,2017,15,-97,15
273,2017,15,-87,1
273,2017,17,-97,4
273,2017,17,-95,5
273,2017,17,-93,24
273,2017,17,-91,1
273,2017,19,-105,17
273,2017,19,-103,8
273,2017,19,-101,9
273,2017,19,-99,63
273,2017,19,-97,21
273,2017,19,-95,3
273,2017,19,-89,1
273,2017,19,73,1
273,2017,21,-105,20
273,2017,21,-103,6
273,2017,21,-101,29
273,2017,21,-99,2
273,2017,21,-97,1
273,2017,21,-89,1
273,2017,23,-107,22
273,2017,23,87,1
273,2017,23,115,1
273,2017,23,121,2
273,2017,25,-107,1
273,2017,25,-103,2
273,2017,25,-101,17
273,2017,25,-99,4
273,2017,25,-97,1
273,2017,27,-111,1
273,2017,27,-99,45
273,2017,27,-97,5
273,2017,27,-83,4
273,2017,27,-81,7
273,2017,29,-111,2
273,2017,29,-103,1
273,2017,29,-99,35
273,2017,29,-97,11
273,2017,29,-95,34
273,2017,29,-93,2
273,2017,29,-85,3
273,2017,29,-83,25
273,2017,29,-81,7
273,2017,31,-111,34
273,2017,31,-109,4
273,2017,31,-107,1
273,2017,31,-105,6
273,2017,31,-103,15
273,2017,31,-101,6
273,2017,31,-99,61
273,2017,31,-97,196
273,2017,31,-95,19
273,2017,31,-93,2
273,2017,31,-91,10
273,2017,31,-89,13
273,2017,31,-87,6
273,2017,31,-85,13
273,2017,31,-83,6
273,2017,31,-81,4
273,2017,31,77,4
273,2017,31,79,2
273,2017,33,-119,31
273,2017,33,-117,40
273,2017,33,-113,2
273,2017,33,-111,24
273,2017,33,-109,4
273,2017,33,-105,1
273,2017,33,-101,3
273,2017,33,-99,115
273,2017,33,-97,497
273,2017,33,-95,21
273,2017,33,-93,16
273,2017,33,-87,14
273,2017,33,-85,7
273,2017,33,-83,8
273,2017,33,-81,7
273,2017,33,-79,22
273,2017,35,-119,80
273,2017,35,-117,16
273,2017,35,-115,5
273,2017,35,-111,2
273,2017,35,-109,1
273,2017,35,-107,1
273,2017,35,-105,4
273,2017,35,-101,27
273,2017,35,-99,19
273,2017,35,-97,18
273,2017,35,-95,26
273,2017,35,-93,11
273,2017,35,-91,14
273,2017,35,-89,2
273,2017,35,-87,27
273,2017,35,-85,5
273,2017,35,-83,18
273,2017,35,-81,7
273,2017,35,-79,27
273,2017,35,-77,7
273,2017,35,-75,4
273,2017,35,25,1
273,2017,35,139,1
273,2017,37,-123,102
273,2017,37,-121,46
273,2017,37,-119,15
273,2017,37,-115,6
273,2017,37,-113,1
273,2017,37,-107,1
273,2017,37,-105,1
273,2017,37,-103,4
273,2017,37,-101,1
273,2017,37,-97,16
273,2017,37,-95,5
273,2017,37,-93,11
273,2017,37,-91,2
273,2017,37,-89,1
273,2017,37,-87,9
273,2017,37,-83,2
273,2017,37,-81,6
273,2017,37,-79,21
273,2017,37,-77,6
273,2017,37,-75,7
273,2017,37,-5,1
273,2017,37,59,1
273,2017,37,127,2
273,2017,39,-123,37
273,2017,39,-121,52
273,2017,39,-119,6
273,2017,39,-117,1
273,2017,39,-105,33
273,2017,39,-97,2
273,2017,39,-95,6
273,2017,39,-93,7
273,2017,39,-91,7
273,2017,39,-89,18
273,2017,39,-87,4
273,2017,39,-85,24
273,2017,39,-83,5
273,2017,39,-79,4
273,2017,39,-77,91
273,2017,39,-75,24
273,2017,41,-125,2
273,2017,41,-123,2
273,2017,41,-111,1
273,2017,41,-109,1
273,2017,41,-105,18
273,2017,41,-97,12
273,2017,41,-95,1
273,2017,41,-89,6
273,2017,41,-87,37
273,2017,41,-85,6
273,2017,41,-83,21
273,2017,41,-81,50
273,2017,41,-79,9
273,2017,41,-77,2
273,2017,41,-75,46
273,2017,41,-73,97
273,2017,41,-71,19
273,2017,41,-69,1
273,2017,41,15,1
273,2017,43,-123,6
273,2017,43,-93,1
273,2017,43,-91,1
273,2017,43,-89,4
273,2017,43,-87,6
273,2017,43,-85,8
273,2017,43,-83,4
273,2017,43,-81,40
273,2017,43,-79,42
273,2017,43,-77,14
273,2017,43,-75,3
273,2017,43,-73,25
273,2017,43,-71,38
273,2017,43,-69,30
273,2017,43,-5,1
273,2017,43,9,1
273,2017,45,-123,2
273,2017,45,-95,2
273,2017,45,-93,12
273,2017,45,-87,2
273,2017,45,-85,2
273,2017,45,-81,1
273,2017,45,-79,5
273,2017,45,-77,24
273,2017,45,-75,17
273,2017,45,-73,31
273,2017,45,-69,7
273,2017,45,-67,3
273,2017,45,-65,1
273,2017,45,-63,3
273,2017,45,-1,1
273,2017,45,7,1
273,2017,45,9,1
273,2017,45,21,2
273,2017,47,-123,2
273,2017,47,-91,1
273,2017,47,-73,1
273,2017,47,-53,1
273,2017,49,-125,4
273,2017,49,-97,3
273,2017,49,9,4
273,2017,49,17,1
273,2017,49,19,1
273,2017,51,-107,1
273,2017,51,5,2
273,2017,51,31,1
273,2017,53,-105,2
273,2017,57,-111,1
273,2017,61,25,1
273,2018,-43,173,1
273,2018,-35,139,1
273,2018,-33,23,2
273,2018,-31,29,1
273,2018,-31,153,1
273,2018,-29,33,1
273,2018,-25,27,1
273,2018,-25,29,3
273,2018,-3,-55,1
273,2018,1,103,4
273,2018,3,101,1
273,2018,5,-75,1
273,2018,5,101,1
273,2018,9,-83,1
273,2018,9,-79,4
273,2018,11,99,1
273,2018,11,107,1
273,2018,13,-87,1
273,2018,15,-97,4
273,2018,15,-91,1
273,2018,15,-89,2
273,2018,15,-87,4
273,2018,17,-97,1
273,2018,17,-95,2
273,2018,17,-93,4
273,2018,19,-103,2
273,2018,19,-101,6
273,2018,19,-99,60
273,2018,19,-97,8
273,2018,19,-75,1
273,2018,19,-65,1
273,2018,19,73,7
273,2018,19,109,4
273,2018,21,-105,9
273,2018,21,-103,20
273,2018,21,-101,22
273,2018,21,-99,9
273,2018,21,-89,3
273,2018,23,-107,6
273,2018,23,-103,5
273,2018,23,-101,2
273,2018,23,-99,1
273,2018,23,115,8
273,2018,23,121,3
273,2018,25,-101,90
273,2018,25,-99,2
273,2018,25,-97,18
273,2018,25,-81,3
273,2018,27,-101,4
273,2018,27,-99,50
273,2018,27,-97,17
273,2018,27,-83,7
273,2018,27,-81,16
273,2018,29,-113,1
273,2018,29,-111,7
273,2018,29,-109,1
273,2018,29,-107,2
273,2018,29,-103,4
273,2018,29,-101,12
273,2018,29,-99,190
273,2018,29,-97,18
273,2018,29,-95,48
273,2018,29,-93,4
273,2018,29,-91,1
273,2018,29,-85,4
273,2018,29,-83,62
273,2018,29,-81,35
273,2018,29,113,1
273,2018,31,-111,11
273,2018,31,-107,3
273,2018,31,-105,21
273,2018,31,-103,8
273,2018,31,-101,4
273,2018,31,-99,55
273,2018,31,-97,212
273,2018,31,-95,55
273,2018,31,-93,19
273,2018,31,-91,31
273,2018,31,-89,19
273,2018,31,-87,21
273,2018,31,-85,29
273,2018,31,-83,5
273,2018,31,-81,18
273,2018,31,121,1
273,2018,33,-119,29
273,2018,33,-117,72
273,2018,33,-115,2
273,2018,33,-113,7
273,2018,33,-111,15
273,2018,33,-109,2
273,2018,33,-107,1
273,2018,33,-105,15
273,2018,33,-103,3
273,2018,33,-101,24
273,2018,33,-99,17
273,2018,33,-97,485
273,2018,33,-95,20
273,2018,33,-93,12
273,2018,33,-91,2
273,2018,33,-89,12
273,2018,33,-87,19
273,2018,33,-85,16
273,2018,33,-83,5
273,2018,33,-81,35
273,2018,33,-79,14
273,2018,33,-17,6
273,2018,35,-119,58
273,2018,35,-117,10
273,2018,35,-115,1
273,2018,35,-113,6
273,2018,35,-111,2
273,2018,35,-109,1
273,2018,35,-107,2
273,2018,35,-105,3
273,2018,35,-103,1
273,2018,35,-101,3
273,2018,35,-99,7
273,2018,35,-97,24
273,2018,35,-95,12
273,2018,35,-93,25
273,2018,35,-91,10
273,2018,35,-89,4
273,2018,35,-87,42
273,2018,35,-85,63
273,2018,35,-83,32
273,2018,35,-81,18
273,2018,35,-79,52
273,2018,35,-77,4
273,2018,35,25,1
273,2018,37,-123,75
273,2018,37,-121,40
273,2018,37,-115,1
273,2018,37,-113,1
273,2018,37,-109,1
273,2018,37,-105,3
273,2018,37,-99,3
273,2018,37,-97,5
273,2018,37,-95,13
273,2018,37,-93,19
273,2018,37,-91,6
273,2018,37,-89,3
273,2018,37,-87,16
273,2018,37,-85,6
273,2018,37,-83,4
273,2018,37,-81,9
273,2018,37,-79,20
273,2018,37,-77,37
273,2018,37,-75,4
273,2018,37,-9,1
273,2018,37,-7,2
273,2018,37,-5,1
273,2018,37,117,2
273,2018,39,-123,22
273,2018,39,-121,11
273,2018,39,-119,2
273,2018,39,-115,1
273,2018,39,-105,10
273,2018,39,-103,1
273,2018,39,-101,3
273,2018,39,-95,6
273,2018,39,-93,23
273,2018,39,-91,18
273,2018,39,-89,3
273,2018,39,-87,83
273,2018,39,-85,57
273,2018,39,-83,18
273,2018,39,-81,3
273,2018,39,-79,7
273,2018,39,-77,247
273,2018,39,-75,57
273,2018,39,-9,1
273,2018,41,-125,4
273,2018,41,-123,1
273,2018,41,-105,8
273,2018,41,-97,1
273,2018,41,-93,3
273,2018,41,-91,1
273,2018,41,-89,17
273,2018,41,-87,14
273,2018,41,-85,1
273,2018,41,-83,63
273,2018,41,-81,34
273,2018,41,-79,8
273,2018,41,-77,7
273,2018,41,-75,76
273,2018,41,-73,89
273,2018,41,-71,15
273,2018,41,-69,3
273,2018,41,-5,1
273,2018,41,3,1
273,2018,41,17,1
273,2018,41,117,1
273,2018,43,-119,2
273,2018,43,-111,1
273,2018,43,-109,1
273,2018,43,-107,6
273,2018,43,-93,2
273,2018,43,-91,2
273,2018,43,-89,3
273,2018,43,-87,4
273,2018,43,-85,5
273,2018,43,-83,13
273,2018,43,-81,23
273,2018,43,-79,25
273,2018,43,-77,4
273,2018,43,-75,2
273,2018,43,-73,10
273,2018,43,-71,20
273,2018,43,-9,2
273,2018,43,-1,2
273,2018,43,1,1
273,2018,43,7,1
273,2018,43,13,5
273,2018,45,-125,1
273,2018,45,-111,1
273,2018,45,-109,1
273,2018,45,-95,2
273,2018,45,-93,3
273,2018,45,-91,1
273,2018,45,-79,4
273,2018,45,-77,9
273,2018,45,-75,3
273,2018,45,-73,8
273,2018,45,-69,2
273,2018,45,-65,1
273,2018,45,-63,1
273,2018,45,-1,1
273,2018,45,9,4
273,2018,45,11,1
273,2018,45,13,1
273,2018,45,15,1
273,2018,47,-123,1
273,2018,47,-83,1
273,2018,47,-79,1
273,2018,47,-1,2
273,2018,47,1,1
273,2018,47,7,1
273,2018,47,9,3
273,2018,47,31,1
273,2018,47,33,1
273,2018,49,-123,1
273,2018,49,7,3
273,2018,49,9,1
273,2018,49,19,1
273,2018,51,-105,1
273,2018,51,-81,1
273,2018,51,1,1
273,2018,51,5,1
273,2018,53,-107,1
273,2018,53,11,1
280,2015,-43,173,1
280,2015,-39,179,1
280,2015,-33,21,1
280,2015,-33,23,1
280,2015,-33,27,1
280,2015,-29,147,1
280,2015,-27,33,4
280,2015,9,-79,1
280,2015,15,-97,2
280,2015,15,-87,2
280,2015,17,-97,1
280,2015,17,-95,1
280,2015,17,-93,5
280,2015,19,-105,9
280,2015,19,-99,24
280,2015,19,-97,8
280,2015,19,-89,2
280,2015,19,-67,1
280,2015,19,73,1
280,2015,21,-105,17
280,2015,21,-103,10
280,2015,21,-101,26
280,2015,21,-99,3
280,2015,21,-89,1
280,2015,21,-87,1
280,2015,21,-85,6
280,2015,23,-107,9
280,2015,23,-101,2
280,2015,23,-99,2
280,2015,23,75,1
280,2015,23,121,2
280,2015,25,-101,1
280,2015,25,-99,1
280,2015,25,-81,4
280,2015,25,55,1
280,2015,27,-109,1
280,2015,27,-101,4
280,2015,27,-97,3
280,2015,29,-111,1
280,2015,29,-109,1
280,2015,29,-101,1
280,2015,29,-99,24
280,2015,29,-97,2
280,2015,29,-95,18
280,2015,29,-83,2
280,2015,29,-81,9
280,2015,31,-111,6
280,2015,31,-109,2
280,2015,31,-107,3
280,2015,31,-99,5
280,2015,31,-97,21
280,2015,31,-95,5
280,2015,31,-91,1
280,2015,31,-87,6
280,2015,31,-85,1
280,2015,31,-81,1
280,2015,33,-119,7
280,2015,33,-117,18
280,2015,33,-111,2
280,2015,33,-103,1
280,2015,33,-101,1
280,2015,33,-99,4
280,2015,33,-97,113
280,2015,33,-87,12
280,2015,33,-81,3
280,2015,33,-79,2
280,2015,35,-121,2
280,2015,35,-119,14
280,2015,35,-117,1
280,2015,35,-113,4
280,2015,35,-103,1
280,2015,35,-101,2
280,2015,35,-97,10
280,2015,35,-93,2
280,2015,35,-87,5
280,2015,35,-83,4
280,2015,35,-81,5
280,2015,35,-77,1
280,2015,37,-123,24
280,2015,37,-121,8
280,2015,37,-115,3
280,2015,37,-113,1
280,2015,37,-111,3
280,2015,37,-97,13
280,2015,37,-95,3
280,2015,37,-87,4
280,2015,37,-79,1
280,2015,37,-77,3
280,2015,37,-75,1
280,2015,39,-123,6
280,2015,39,-121,25
280,2015,39,-119,5
280,2015,39,-105,8
280,2015,39,-101,1
280,2015,39,-97,1
280,2015,39,-93,3
280,2015,39,-89,4
280,2015,39,-79,4
280,2015,39,-77,23
280,2015,39,-75,3
280,2015,39,-1,1
280,2015,39,27,1
280,2015,41,-111,1
280,2015,41,-107,1
280,2015,41,-103,1
280,2015,41,-87,2
280,2015,41,-85,2
280,2015,41,-83,2
280,2015,41,-79,3
280,2015,41,-75,3
280,2015,41,-73,2
280,2015,41,-71,8
280,2015,41,1,1
280,2015,41,13,1
280,2015,43,-119,1
280,2015,43,-99,1
280,2015,43,-85,1
280,2015,43,-83,1
280,2015,43,-81,2
280,2015,43,-79,1
280,2015,43,-77,1
280,2015,43,-73,5
280,2015,43,-71,2
280,2015,43,13,1
280,2015,43,27,1
280,2015,45,-93,1
280,2015,45,-75,1
280,2015,45,-73,1
280,2015,51,7,1
280,2016,-35,19,1
280,2016,-35,21,1
280,2016,-33,23,1
280,2016,-33,27,1
280,2016,-27,33,1
280,2016,-25,31,1
280,2016,-17,145,1
280,2016,-9,115,3
280,2016,5,-75,1
280,2016,9,-85,1
280,2016,9,-83,2
280,2016,9,-79,1
280,2016,11,-85,2
280,2016,15,-97,11
280,2016,17,-97,2
280,2016,17,-95,1
280,2016,17,-93,3
280,2016,19,-105,1
280,2016,19,-103,3
280,2016,19,-101,4
280,2016,19,-99,12
280,2016,19,-97,47
280,2016,19,-95,1
280,2016,19,-91,1
280,2016,19,-89,5
280,2016,19,-71,1
280,2016,19,-69,1
280,2016,19,-65,1
280,2016,21,-105,14
280,2016,21,-103,6
280,2016,21,-101,30
280,2016,21,-99,29
280,2016,21,-97,2
280,2016,21,-89,1
280,2016,21,-87,1
280,2016,21,107,1
280,2016,23,-111,1
280,2016,23,-109,1
280,2016,23,-107,14
280,2016,23,-101,1
280,2016,23,115,1
280,2016,25,-105,1
280,2016,25,-103,5
280,2016,25,-101,104
280,2016,25,-99,5
280,2016,25,-97,6
280,2016,25,-81,3
280,2016,27,-109,5
280,2016,27,-101,4
280,2016,27,-99,101
280,2016,27,-97,20
280,2016,27,-83,1
280,2016,27,-81,2
280,2016,27,77,1
280,2016,27,89,1
280,2016,29,-103,2
280,2016,29,-101,11
280,2016,29,-99,92
280,2016,29,-97,42
280,2016,29,-95,111
280,2016,29,-91,1
280,2016,29,-83,3
280,2016,29,-81,7
280,2016,31,-111,2
280,2016,31,-109,2
280,2016,31,-107,9
280,2016,31,-103,4
280,2016,31,-101,2
280,2016,31,-99,53
280,2016,31,-97,363
280,2016,31,-95,23
280,2016,31,-93,4
280,2016,31,-91,17
280,2016,31,-89,9
280,2016,31,-87,3
280,2016,31,-81,3
280,2016,31,35,1
280,2016,33,-119,4
280,2016,33,-117,20
280,2016,33,-115,2
280,2016,33,-111,11
280,2016,33,-101,20
280,2016,33,-99,27
280,2016,33,-97,403
280,2016,33,-95,32
280,2016,33,-93,6
280,2016,33,-87,6
280,2016,33,-85,4
280,2016,33,-83,12
280,2016,33,-81,5
280,2016,33,-79,4
280,2016,35,-121,2
280,2016,35,-119,19
280,2016,35,-117,26
280,2016,35,-115,1
280,2016,35,-107,1
280,2016,35,-101,15
280,2016,35,-99,9
280,2016,35,-97,2
280,2016,35,-95,1
280,2016,35,-93,1
280,2016,35,-91,1
280,2016,35,-87,39
280,2016,35,-85,3
280,2016,35,-83,18
280,2016,35,-81,12
280,2016,35,-79,6
280,2016,35,139,1
280,2016,37,-123,64
280,2016,37,-121,26
280,2016,37,-115,30
280,2016,37,-97,3
280,2016,37,-95,7
280,2016,37,-91,1
280,2016,37,-89,5
280,2016,37,-87,2
280,2016,37,-83,1
280,2016,37,-81,1
280,2016,37,-79,3
280,2016,37,-77,17
280,2016,37,-5,1
280,2016,37,15,1
280,2016,39,-123,31
280,2016,39,-121,35
280,2016,39,-109,1
280,2016,39,-105,1
280,2016,39,-97,1
280,2016,39,-95,1
280,2016,39,-93,4
280,2016,39,-91,8
280,2016,39,-89,1
280,2016,39,-87,5
280,2016,39,-85,8
280,2016,39,-83,6
280,2016,39,-79,1
280,2016,39,-77,94
280,2016,39,-75,7
280,2016,41,-125,4
280,2016,41,-113,1
280,2016,41,-105,7
280,2016,41,-97,1
280,2016,41,-95,6
280,2016,41,-89,3
280,2016,41,-87,22
280,2016,41,-85,1
280,2016,41,-83,1
280,2016,41,-81,3
280,2016,41,-79,1
280,2016,41,-77,5
280,2016,41,-75,4
280,2016,41,-73,4
280,2016,41,-71,2
280,2016,41,-69,1
280,2016,43,-113,1
280,2016,43,-101,2
280,2016,43,-93,2
280,2016,43,-89,3
280,2016,43,-87,1
280,2016,43,-85,3
280,2016,43,-83,1
280,2016,43,-79,12
280,2016,43,-77,3
280,2016,43,-73,6
280,2016,43,-71,5
280,2016,43,-69,1
280,2016,43,-65,1
280,2016,43,-3,1
280,2016,43,13,1
280,2016,45,-125,1
280,2016,45,-93,1
280,2016,45,-91,1
280,2016,45,-79,1
280,2016,45,-73,2
280,2016,45,-63,1
280,2016,45,7,1
280,2016,45,9,3
280,2016,47,-123,1
280,2016,47,-121,1
280,2016,47,9,1
280,2016,49,-123,1
280,2016,49,3,2
280,2016,51,5,1
280,2016,57,-135,1
280,2017,-39,145,1
280,2017,-37,145,1
280,2017,-35,151,1
280,2017,-29,-71,1
280,2017,-27,153,1
280,2017,-25,19,1
280,2017,-15,29,1
280,2017,-9,115,2
280,2017,-3,35,1
280,2017,1,103,10
280,2017,5,-75,1
280,2017,9,-83,1
280,2017,11,-85,2
280,2017,11,-83,1
280,2017,11,99,1
280,2017,13,-85,3
280,2017,13,75,2
280,2017,15,-97,1
280,2017,15,-87,1
280,2017,17,-97,4
280,2017,17,-93,48
280,2017,17,-91,4
280,2017,19,-105,8
280,2017,19,-103,1
280,2017,19,-101,6
280,2017,19,-99,87
280,2017,19,-97,41
280,2017,19,-75,6
280,2017,19,-71,1
280,2017,19,109,2
280,2017,21,-105,21
280,2017,21,-103,10
280,2017,21,-101,21
280,2017,21,-99,19
280,2017,21,-91,1
280,2017,21,-89,1
280,2017,21,-87,6
280,2017,21,121,1
280,2017,23,-111,1
280,2017,23,-107,28
280,2017,23,-103,1
280,2017,23,-101,2
280,2017,23,115,2
280,2017,25,-109,3
280,2017,25,-107,2
280,2017,25,-103,3
280,2017,25,-101,20
280,2017,25,-99,1
280,2017,25,-81,3
280,2017,27,-111,2
280,2017,27,-109,2
280,2017,27,-101,1
280,2017,27,-99,60
280,2017,27,-97,36
280,2017,27,-83,5
280,2017,27,-81,5
280,2017,27,85,1
280,2017,29,-115,3
280,2017,29,-113,1
280,2017,29,-111,3
280,2017,29,-109,1
280,2017,29,-107,1
280,2017,29,-105,1
280,2017,29,-101,2
280,2017,29,-99,28
280,2017,29,-97,12
280,2017,29,-95,53
280,2017,29,-93,1
280,2017,29,-91,4
280,2017,29,-85,1
280,2017,29,-83,15
280,2017,29,-81,20
280,2017,29,85,3
280,2017,31,-111,15
280,2017,31,-107,1
280,2017,31,-103,4
280,2017,31,-101,7
280,2017,31,-99,66
280,2017,31,-97,181
280,2017,31,-95,29
280,2017,31,-93,11
280,2017,31,-91,9
280,2017,31,-89,19
280,2017,31,-87,2
280,2017,31,-85,13
280,2017,31,-83,8
280,2017,31,-81,4
280,2017,31,77,1
280,2017,33,-119,36
280,2017,33,-117,29
280,2017,33,-113,5
280,2017,33,-111,41
280,2017,33,-103,3
280,2017,33,-101,9
280,2017,33,-99,55
280,2017,33,-97,495
280,2017,33,-95,2
280,2017,33,-93,3
280,2017,33,-89,1
280,2017,33,-87,10
280,2017,33,-85,7
280,2017,33,-83,4
280,2017,33,-81,9
280,2017,33,-79,10
280,2017,35,-121,5
280,2017,35,-119,124
280,2017,35,-117,10
280,2017,35,-115,1
280,2017,35,-113,1
280,2017,35,-107,5
280,2017,35,-101,10
280,2017,35,-99,1
280,2017,35,-97,26
280,2017,35,-95,32
280,2017,35,-93,28
280,2017,35,-91,6
280,2017,35,-89,6
280,2017,35,-87,14
280,2017,35,-85,9
280,2017,35,-83,9
280,2017,35,-81,3
280,2017,35,-79,17
280,2017,35,-77,2
280,2017,35,137,3
280,2017,35,139,1
280,2017,37,-123,70
280,2017,37,-121,12
280,2017,37,-119,9
280,2017,37,-117,3
280,2017,37,-115,12
280,2017,37,-113,1
280,2017,37,-109,2
280,2017,37,-105,2
280,2017,37,-103,5
280,2017,37,-101,1
280,2017,37,-97,24
280,2017,37,-95,16
280,2017,37,-93,3
280,2017,37,-91,2
280,2017,37,-89,2
280,2017,37,-87,6
280,2017,37,-81,1
280,2017,37,-79,3
280,2017,37,-77,3
280,2017,37,-75,1
280,2017,37,-5,2
280,2017,39,-123,21
280,2017,39,-121,15
280,2017,39,-119,8
280,2017,39,-111,1
280,2017,39,-107,2
280,2017,39,-105,18
280,2017,39,-103,1
280,2017,39,-99,2
280,2017,39,-97,4
280,2017,39,-95,7
280,2017,39,-93,15
280,2017,39,-91,6
280,2017,39,-89,1
280,2017,39,-87,4
280,2017,39,-85,11
280,2017,39,-83,10
280,2017,39,-79,5
280,2017,39,-77,40
280,2017,39,-75,27
280,2017,39,127,1
280,2017,41,-125,5
280,2017,41,-123,1
280,2017,41,-121,1
280,2017,41,-113,3
280,2017,41,-111,2
280,2017,41,-105,23
280,2017,41,-103,2
280,2017,41,-97,12
280,2017,41,-95,6
280,2017,41,-93,1
280,2017,41,-89,4
280,2017,41,-87,18
280,2017,41,-85,2
280,2017,41,-83,8
280,2017,41,-81,19
280,2017,41,-79,13
280,2017,41,-77,5
280,2017,41,-75,33
280,2017,41,-73,54
280,2017,41,-71,5
280,2017,41,-7,1
280,2017,41,15,1
280,2017,41,17,1
280,2017,43,-123,1
280,2017,43,-121,1
280,2017,43,-101,1
280,2017,43,-97,1
280,2017,43,-93,2
280,2017,43,-89,10
280,2017,43,-87,3
280,2017,43,-85,10
280,2017,43,-83,4
280,2017,43,-81,23
280,2017,43,-79,32
280,2017,43,-77,6
280,2017,43,-75,2
280,2017,43,-73,16
280,2017,43,-71,20
280,2017,43,-69,1
280,2017,43,-3,1
280,2017,43,3,1
280,2017,45,-111,1
280,2017,45,-95,2
280,2017,45,-93,15
280,2017,45,-85,1
280,2017,45,-83,1
280,2017,45,-81,1
280,2017,45,-79,11
280,2017,45,-77,7
280,2017,45,-75,10
280,2017,45,-73,19
280,2017,45,-69,2
280,2017,45,-67,1
280,2017,45,-65,3
280,2017,45,-63,1
280,2017,45,-1,1
280,2017,45,7,2
280,2017,45,9,2
280,2017,45,11,6
280,2017,47,-123,2
280,2017,47,-93,2
280,2017,47,-91,2
280,2017,47,-71,6
280,2017,47,-61,1
280,2017,47,-53,1
280,2017,47,7,1
280,2017,49,-123,1
280,2017,49,-97,1
280,2017,49,-89,1
280,2017,49,3,1
280,2017,53,-133,1
280,2017,53,-1,1
280,2017,53,11,1
280,2018,-33,19,1
280,2018,-25,-49,2
280,2018,1,103,3
280,2018,3,101,1
280,2018,5,-75,1
280,2018,9,-85,1
280,2018,9,-81,1
280,2018,11,-85,1
280,2018,11,-61,1
280,2018,11,77,2
280,2018,11,99,1
280,2018,13,81,7
280,2018,13,101,2
280,2018,15,-97,13
280,2018,15,-87,4
280,2018,17,-97,4
280,2018,17,-95,6
280,2018,17,-93,5
280,2018,17,-91,2
280,2018,19,-105,1
280,2018,19,-103,2
280,2018,19,-101,6
280,2018,19,-99,42
280,2018,19,-97,13
280,2018,19,-95,1
280,2018,19,-91,1
280,2018,19,-81,2
280,2018,19,-75,1
280,2018,19,-69,1
280,2018,19,-67,1
280,2018,19,73,3
280,2018,19,83,2
280,2018,21,-105,9
280,2018,21,-103,7
280,2018,21,-101,24
280,2018,21,-99,11
280,2018,21,-89,6
280,2018,21,-87,1
280,2018,23,-107,23
280,2018,23,-101,3
280,2018,23,-99,5
280,2018,23,113,3
280,2018,23,115,8
280,2018,23,121,2
280,2018,25,-109,1
280,2018,25,-101,127
280,2018,25,-97,7
280,2018,25,-81,17
280,2018,25,121,2
280,2018,27,-109,5
280,2018,27,-101,19
280,2018,27,-99,22
280,2018,27,-97,33
280,2018,27,-83,15
280,2018,27,-81,11
280,2018,29,-103,1
280,2018,29,-101,3
280,2018,29,-99,243
280,2018,29,-97,34
280,2018,29,-95,115
280,2018,29,-93,1
280,2018,29,-83,80
280,2018,29,-81,43
280,2018,31,-111,5
280,2018,31,-107,2
280,2018,31,-103,29
280,2018,31,-101,23
280,2018,31,-99,63
280,2018,31,-97,445
280,2018,31,-95,57
280,2018,31,-93,4
280,2018,31,-91,33
280,2018,31,-89,28
280,2018,31,-87,7
280,2018,31,-85,13
280,2018,31,-83,3
280,2018,31,-81,5
280,2018,33,-119,30
280,2018,33,-117,39
280,2018,33,-111,19
280,2018,33,-109,5
280,2018,33,-107,3
280,2018,33,-105,11
280,2018,33,-103,5
280,2018,33,-101,21
280,2018,33,-99,121
280,2018,33,-97,491
280,2018,33,-95,28
280,2018,33,-93,22
280,2018,33,-91,1
280,2018,33,-87,11
280,2018,33,-85,6
280,2018,33,-83,8
280,2018,33,-81,34
280,2018,33,-79,3
280,2018,33,-17,1
280,2018,35,-121,1
280,2018,35,-119,34
280,2018,35,-117,3
280,2018,35,-115,4
280,2018,35,-113,1
280,2018,35,-107,3
280,2018,35,-101,3
280,2018,35,-99,4
280,2018,35,-97,22
280,2018,35,-93,4
280,2018,35,-91,10
280,2018,35,-89,1
280,2018,35,-87,15
280,2018,35,-85,29
280,2018,35,-83,23
280,2018,35,-81,16
280,2018,35,-79,39
280,2018,35,-77,2
280,2018,35,23,1
280,2018,37,-123,87
280,2018,37,-121,42
280,2018,37,-119,1
280,2018,37,-115,2
280,2018,37,-99,1
280,2018,37,-97,2
280,2018,37,-95,15
280,2018,37,-93,2
280,2018,37,-91,5
280,2018,37,-87,10
280,2018,37,-85,1
280,2018,37,-83,3
280,2018,37,-79,7
280,2018,37,-77,22
280,2018,37,-75,2
280,2018,37,139,2
280,2018,39,-123,45
280,2018,39,-121,12
280,2018,39,-105,5
280,2018,39,-103,3
280,2018,39,-97,1
280,2018,39,-95,2
280,2018,39,-93,7
280,2018,39,-91,25
280,2018,39,-89,1
280,2018,39,-87,45
280,2018,39,-85,16
280,2018,39,-83,11
280,2018,39,-81,1
280,2018,39,-79,8
280,2018,39,-77,133
280,2018,39,-75,38
280,2018,39,-1,2
280,2018,39,117,1
280,2018,41,-111,1
280,2018,41,-105,6
280,2018,41,-103,1
280,2018,41,-97,5
280,2018,41,-91,1
280,2018,41,-89,6
280,2018,41,-87,6
280,2018,41,-85,3
280,2018,41,-83,13
280,2018,41,-81,19
280,2018,41,-79,9
280,2018,41,-77,11
280,2018,41,-75,35
280,2018,41,-73,66
280,2018,41,-71,2
280,2018,41,-9,2
280,2018,41,-5,1
280,2018,41,17,2
280,2018,43,-97,1
280,2018,43,-89,3
280,2018,43,-87,1
280,2018,43,-85,3
280,2018,43,-83,17
280,2018,43,-81,39
280,2018,43,-79,37
280,2018,43,-77,8
280,2018,43,-75,1
280,2018,43,-73,6
280,2018,43,-71,12
280,2018,43,-3,1
280,2018,43,7,1
280,2018,45,-89,1
280,2018,45,-85,1
280,2018,45,-79,9
280,2018,45,-77,10
280,2018,45,-75,7
280,2018,45,-73,20
280,2018,45,-67,1
280,2018,45,-1,1
280,2018,45,7,2
280,2018,45,9,1
280,2018,45,11,2
280,2018,47,-115,1
280,2018,47,-81,1
280,2018,47,-1,1
280,2018,47,9,1
280,2018,47,31,5
280,2018,49,-119,1
280,2018,49,9,1
280,2018,51,-115,1
280,2018,51,-1,2
280,2018,51,3,1
280,2018,51,5,1
280,2018,53,-1,2
280,2018,53,5,2
280,2018,55,23,1
280,2018,55,25,1
280,2018,57,13,1
287,2015,-35,19,1
287,2015,-33,23,3
287,2015,-31,31,1
287,2015,-27,33,2
287,2015,-23,27,1
287,2015,-19,147,1
287,2015,-7,37,4
287,2015,3,101,1
287,2015,9,-81,1
287,2015,9,-79,2
287,2015,11,-85,3
287,2015,15,-97,5
287,2015,17,-97,16
287,2015,17,-93,9
287,2015,19,-103,1
287,2015,19,-101,3
287,2015,19,-99,7
287,2015,19,-97,10
287,2015,19,-93,1
287,2015,19,-71,4
287,2015,19,-67,1
287,2015,19,-65,1
287,2015,19,73,1
287,2015,21,-105,9
287,2015,21,-103,8
287,2015,21,-101,11
287,2015,21,-87,1
287,2015,21,121,1
287,2015,23,-111,1
287,2015,23,-109,3
287,2015,23,-107,10
287,2015,23,-105,6
287,2015,23,-99,2
287,2015,23,121,4
287,2015,25,-111,1
287,2015,25,-109,1
287,2015,25,-103,12
287,2015,25,-101,1
287,2015,25,-81,3
287,2015,25,121,1
287,2015,27,-101,2
287,2015,27,-99,22
287,2015,27,-97,12
287,2015,29,-111,2
287,2015,29,-105,1
287,2015,29,-101,12
287,2015,29,-99,6
287,2015,29,-97,1
287,2015,29,-95,7
287,2015,29,-93,1
287,2015,29,-85,6
287,2015,29,-83,5
287,2015,29,-81,15
287,2015,31,-111,2
287,2015,31,-103,5
287,2015,31,-99,17
287,2015,31,-97,52
287,2015,31,-95,2
287,2015,31,-91,1
287,2015,31,-87,2
287,2015,33,-119,5
287,2015,33,-117,11
287,2015,33,-111,3
287,2015,33,-101,5
287,2015,33,-99,4
287,2015,33,-97,115
287,2015,33,-95,1
287,2015,33,-93,3
287,2015,33,-87,5
287,2015,33,-81,2
287,2015,35,-119,13
287,2015,35,-117,6
287,2015,35,-103,2
287,2015,35,-101,3
287,2015,35,-99,1
287,2015,35,-97,6
287,2015,35,-95,1
287,2015,35,-93,1
287,2015,35,-89,1
287,2015,35,-87,2
287,2015,35,-83,3
287,2015,35,-79,2
287,2015,35,-77,2
287,2015,37,-123,36
287,2015,37,-121,3
287,2015,37,-115,2
287,2015,37,-111,1
287,2015,37,-97,7
287,2015,37,-95,5
287,2015,37,-87,2
287,2015,37,-83,2
287,2015,37,-79,2
287,2015,37,-77,11
287,2015,39,-123,7
287,2015,39,-121,3
287,2015,39,-105,5
287,2015,39,-85,1
287,2015,39,-83,2
287,2015,39,-81,1
287,2015,39,-79,1
287,2015,39,-77,3
287,2015,39,-75,4
287,2015,41,-125,1
287,2015,41,-89,1
287,2015,41,-87,1
287,2015,41,-71,1
287,2015,43,-123,1
287,2015,43,-91,1
287,2015,43,11,1
287,2015,43,13,1
287,2015,45,-123,1
287,2015,45,-75,1
287,2015,45,-69,1
287,2015,47,-117,2
287,2016,-35,23,1
287,2016,-33,19,1
287,2016,-33,151,2
287,2016,-23,35,1
287,2016,-7,37,2
287,2016,1,103,1
287,2016,9,-83,3
287,2016,11,-85,6
287,2016,17,-97,3
287,2016,17,-93,1
287,2016,19,-105,2
287,2016,19,-101,2
287,2016,19,-99,56
287,2016,19,-97,39
287,2016,19,-95,1
287,2016,19,-89,1
287,2016,19,-71,1
287,2016,19,-69,2
287,2016,19,73,1
287,2016,21,-105,11
287,2016,21,-103,5
287,2016,21,-101,54
287,2016,21,-99,12
287,2016,21,-97,5
287,2016,21,-89,14
287,2016,21,-87,7
287,2016,23,-109,2
287,2016,23,-107,15
287,2016,23,-103,2
287,2016,23,-99,1
287,2016,23,-97,1
287,2016,25,-111,3
287,2016,25,-109,1
287,2016,25,-107,1
287,2016,25,-103,4
287,2016,25,-101,45
287,2016,25,-99,6
287,2016,25,-81,2
287,2016,27,-111,1
287,2016,27,-109,11
287,2016,27,-101,7
287,2016,27,-99,36
287,2016,27,-97,13
287,2016,27,-83,1
287,2016,27,-81,3
287,2016,29,-101,4
287,2016,29,-99,47
287,2016,29,-97,68
287,2016,29,-95,60
287,2016,29,-91,3
287,2016,29,-85,1
287,2016,29,-83,11
287,2016,29,-81,12
287,2016,31,-111,29
287,2016,31,-109,1
287,2016,31,-107,6
287,2016,31,-105,1
287,2016,31,-103,6
287,2016,31,-101,3
287,2016,31,-99,52
287,2016,31,-97,346
287,2016,31,-95,151
287,2016,31,-93,1
287,2016,31,-91,1
287,2016,31,-89,4
287,2016,31,-87,2
287,2016,31,-85,3
287,2016,31,-81,2
287,2016,33,-119,12
287,2016,33,-117,17
287,2016,33,-115,2
287,2016,33,-113,1
287,2016,33,-111,15
287,2016,33,-109,5
287,2016,33,-101,6
287,2016,33,-99,8
287,2016,33,-97,245
287,2016,33,-95,17
287,2016,33,-93,1
287,2016,33,-87,1
287,2016,33,-85,1
287,2016,33,-81,4
287,2016,33,-79,10
287,2016,35,-119,35
287,2016,35,-117,3
287,2016,35,-107,2
287,2016,35,-101,1
287,2016,35,-99,1
287,2016,35,-95,4
287,2016,35,-93,3
287,2016,35,-85,3
287,2016,35,-83,15
287,2016,35,-81,5
287,2016,35,-79,16
287,2016,35,-77,8
287,2016,35,-75,1
287,2016,37,-123,26
287,2016,37,-121,25
287,2016,37,-115,1
287,2016,37,-113,1
287,2016,37,-105,1
287,2016,37,-97,3
287,2016,37,-95,20
287,2016,37,-89,9
287,2016,37,-87,1
287,2016,37,-83,1
287,2016,37,-79,1
287,2016,37,-77,10
287,2016,37,-7,1
287,2016,37,127,1
287,2016,39,-123,17
287,2016,39,-121,1
287,2016,39,-109,3
287,2016,39,-95,1
287,2016,39,-93,8
287,2016,39,-91,2
287,2016,39,-87,1
287,2016,39,-85,14
287,2016,39,-83,5
287,2016,39,-79,11
287,2016,39,-77,57
287,2016,39,-75,5
287,2016,39,-9,1
287,2016,41,-105,1
287,2016,41,-95,1
287,2016,41,-91,1
287,2016,41,-89,1
287,2016,41,-87,1
287,2016,41,-85,6
287,2016,41,-83,8
287,2016,41,-81,7
287,2016,41,-79,11
287,2016,41,-77,2
287,2016,41,-75,2
287,2016,41,-73,11
287,2016,41,1,1
287,2016,41,19,1
287,2016,41,31,1
287,2016,43,-119,1
287,2016,43,-93,2
287,2016,43,-89,2
287,2016,43,-87,7
287,2016,43,-83,1
287,2016,43,-81,2
287,2016,43,-79,2
287,2016,43,-73,6
287,2016,43,-71,2
287,2016,43,13,1
287,2016,45,-97,2
287,2016,45,-93,2
287,2016,45,-79,2
287,2016,45,-75,1
287,2016,45,-73,4
287,2016,45,-69,1
287,2016,45,9,1
287,2016,47,13,1
287,2016,51,-103,1
287,2017,-41,175,1
287,2017,-39,145,1
287,2017,-37,141,1
287,2017,-37,145,3
287,2017,-33,137,1
287,2017,-31,139,1
287,2017,-9,115,1
287,2017,-5,29,1
287,2017,1,103,6
287,2017,5,-75,2
287,2017,5,101,1
287,2017,9,77,1
287,2017,11,-73,1
287,2017,11,107,2
287,2017,13,-89,1
287,2017,15,-97,41
287,2017,15,-95,1
287,2017,15,-89,1
287,2017,15,101,1
287,2017,17,-99,1
287,2017,17,-97,3
287,2017,17,-95,3
287,2017,17,-93,20
287,2017,17,-91,2
287,2017,19,-105,3
287,2017,19,-103,6
287,2017,19,-101,10
287,2017,19,-99,79
287,2017,19,-97,29
287,2017,19,-87,2
287,2017,19,73,2
287,2017,19,75,1
287,2017,19,109,4
287,2017,21,-105,36
287,2017,21,-103,9
287,2017,21,-101,53
287,2017,21,-99,37
287,2017,21,-97,3
287,2017,21,-89,3
287,2017,21,-87,3
287,2017,23,-111,1
287,2017,23,-107,21
287,2017,23,-103,3
287,2017,23,-101,3
287,2017,23,-99,1
287,2017,23,-97,2
287,2017,23,113,2
287,2017,23,115,6
287,2017,25,-109,1
287,2017,25,-101,47
287,2017,25,-99,1
287,2017,25,-97,27
287,2017,25,-81,5
287,2017,27,-101,15
287,2017,27,-99,59
287,2017,27,-97,60
287,2017,27,-83,8
287,2017,27,-81,7
287,2017,29,-111,4
287,2017,29,-103,19
287,2017,29,-101,31
287,2017,29,-99,17
287,2017,29,-97,27
287,2017,29,-95,50
287,2017,29,-93,3
287,2017,29,-91,2
287,2017,29,-83,25
287,2017,29,-81,24
287,2017,29,89,1
287,2017,31,-117,2
287,2017,31,-111,2
287,2017,31,-107,3
287,2017,31,-103,1
287,2017,31,-101,3
287,2017,31,-99,41
287,2017,31,-97,222
287,2017,31,-95,9
287,2017,31,-93,3
287,2017,31,-91,12
287,2017,31,-89,9
287,2017,31,-87,16
287,2017,31,-85,6
287,2017,31,-83,5
287,2017,31,-81,1
287,2017,33,-119,40
287,2017,33,-117,26
287,2017,33,-115,13
287,2017,33,-113,2
287,2017,33,-111,39
287,2017,33,-103,2
287,2017,33,-101,8
287,2017,33,-99,4
287,2017,33,-97,345
287,2017,33,-95,8
287,2017,33,-93,7
287,2017,33,-91,2
287,2017,33,-89,1
287,2017,33,-87,18
287,2017,33,-85,2
287,2017,33,-83,6
287,2017,33,-81,15
287,2017,33,-79,13
287,2017,33,-77,2
287,2017,35,-121,2
287,2017,35,-119,98
287,2017,35,-117,5
287,2017,35,-115,1
287,2017,35,-113,1
287,2017,35,-107,4
287,2017,35,-97,3
287,2017,35,-95,43
287,2017,35,-93,11
287,2017,35,-87,5
287,2017,35,-85,10
287,2017,35,-83,15
287,2017,35,-81,17
287,2017,35,-79,20
287,2017,35,-77,7
287,2017,35,-75,2
287,2017,35,13,1
287,2017,35,137,3
287,2017,37,-123,56
287,2017,37,-121,23
287,2017,37,-119,1
287,2017,37,-117,2
287,2017,37,-115,9
287,2017,37,-101,1
287,2017,37,-97,9
287,2017,37,-95,6
287,2017,37,-93,6
287,2017,37,-91,4
287,2017,37,-87,13
287,2017,37,-85,1
287,2017,37,-81,5
287,2017,37,-79,8
287,2017,37,-77,16
287,2017,37,-75,1
287,2017,37,-5,1
287,2017,39,-123,11
287,2017,39,-121,13
287,2017,39,-119,1
287,2017,39,-105,9
287,2017,39,-97,1
287,2017,39,-95,1
287,2017,39,-93,2
287,2017,39,-91,6
287,2017,39,-89,6
287,2017,39,-87,11
287,2017,39,-85,10
287,2017,39,-83,1
287,2017,39,-81,1
287,2017,39,-79,8
287,2017,39,-77,136
287,2017,39,-75,28
287,2017,39,3,1
287,2017,39,25,1
287,2017,41,-123,4
287,2017,41,-121,3
287,2017,41,-105,11
287,2017,41,-101,1
287,2017,41,-97,1
287,2017,41,-89,3
287,2017,41,-87,15
287,2017,41,-85,1
287,2017,41,-83,6
287,2017,41,-81,36
287,2017,41,-79,12
287,2017,41,-77,2
287,2017,41,-75,26
287,2017,41,-73,124
287,2017,41,-71,7
287,2017,43,-123,3
287,2017,43,-93,1
287,2017,43,-89,3
287,2017,43,-87,4
287,2017,43,-85,1
287,2017,43,-83,7
287,2017,43,-81,8
287,2017,43,-79,40
287,2017,43,-77,13
287,2017,43,-73,17
287,2017,43,-71,16
287,2017,43,-69,1
287,2017,43,-1,1
287,2017,45,-123,1
287,2017,45,-93,10
287,2017,45,-79,2
287,2017,45,-77,8
287,2017,45,-75,10
287,2017,45,-73,27
287,2017,45,-65,3
287,2017,45,1,2
287,2017,45,9,2
287,2017,45,11,2
287,2017,47,-123,1
287,2017,47,-121,2
287,2017,47,-119,1
287,2017,47,-91,1
287,2017,49,-119,1
287,2017,49,-81,1
287,2017,49,3,1
287,2017,49,9,1
287,2017,51,-97,1
287,2017,51,5,3
287,2018,-7,111,1
287,2018,13,75,1
287,2018,15,-87,1
287,2018,17,-91,1
287,2018,17,97,3
287,2018,19,-99,12
287,2018,19,-97,1
287,2018,19,83,1
287,2018,21,-101,1
287,2018,23,-107,3
287,2018,25,-103,1
287,2018,25,-101,11
287,2018,25,-99,1
287,2018,25,-81,1
287,2018,25,121,3
287,2018,27,-109,1
287,2018,27,-99,3
287,2018,27,-83,2
287,2018,27,-81,1
287,2018,29,-99,36
287,2018,29,-97,6
287,2018,29,-95,14
287,2018,29,-83,23
287,2018,29,-81,2
287,2018,31,-107,2
287,2018,31,-101,1
287,2018,31,-99,7
287,2018,31,-97,84
287,2018,31,-95,4
287,2018,31,-93,3
287,2018,31,-91,2
287,2018,31,-89,4
287,2018,31,-87,1
287,2018,33,-119,3
287,2018,33,-117,10
287,2018,33,-113,1
287,2018,33,-111,1
287,2018,33,-107,1
287,2018,33,-99,4
287,2018,33,-97,118
287,2018,33,-95,9
287,2018,33,-85,2
287,2018,33,-81,1
287,2018,33,-79,1
287,2018,35,-119,4
287,2018,35,-111,1
287,2018,35,-97,1
287,2018,35,-93,2
287,2018,35,-87,2
287,2018,35,-85,11
287,2018,35,-83,1
287,2018,35,-79,3
287,2018,35,-75,1
287,2018,37,-123,21
287,2018,37,-121,6
287,2018,37,-95,4
287,2018,37,-93,1
287,2018,37,-77,2
287,2018,37,129,1
287,2018,39,-123,1
287,2018,39,-121,1
287,2018,39,-91,1
287,2018,39,-87,6
287,2018,39,-83,1
287,2018,39,-77,2
287,2018,39,-75,1
287,2018,41,-123,1
287,2018,41,-89,1
287,2018,41,-85,1
287,2018,41,-83,1
287,2018,41,-81,2
287,2018,41,-77,1
287,2018,41,-75,4
287,2018,41,-73,8
287,2018,43,-83,4
287,2018,43,-81,8
287,2018,43,-79,5
287,2018,43,-71,1
287,2018,45,-79,1
287,2018,45,-77,5
287,2018,45,-75,3
287,2018,45,-69,2
287,2018,47,31,1
287,2018,49,9,1
287,2018,49,19,1
287,2018,53,7,1
294,2015,-41,175,1
294,2015,-33,23,1
294,2015,-29,33,1
294,2015,9,-83,1
294,2015,9,-81,2
294,2015,9,-79,1
294,2015,15,-97,21
294,2015,15,121,1
294,2015,17,-93,1
294,2015,19,-105,2
294,2015,19,-103,1
294,2015,19,-101,1
294,2015,19,-99,5
294,2015,19,-97,10
294,2015,19,-71,15
294,2015,19,73,1
294,2015,21,-105,6
294,2015,21,-103,2
294,2015,21,-101,18
294,2015,21,-99,6
294,2015,21,73,1
294,2015,23,-111,2
294,2015,23,-109,1
294,2015,23,-107,18
294,2015,23,-101,2
294,2015,23,-97,1
294,2015,23,77,1
294,2015,23,115,3
294,2015,23,121,4
294,2015,25,-101,20
294,2015,25,-99,1
294,2015,25,-81,3
294,2015,27,-103,1
294,2015,27,-101,5
294,2015,27,-99,24
294,2015,27,-97,9
294,2015,27,-81,10
294,2015,27,89,3
294,2015,29,-111,2
294,2015,29,-103,1
294,2015,29,-101,1
294,2015,29,-99,6
294,2015,29,-97,1
294,2015,29,-95,4
294,2015,29,-83,1
294,2015,29,-81,4
294,2015,31,-117,1
294,2015,31,-111,1
294,2015,31,-99,13
294,2015,31,-97,20
294,2015,31,-91,3
294,2015,31,-89,3
294,2015,31,-85,2
294,2015,31,-81,2
294,2015,33,-119,2
294,2015,33,-117,44
294,2015,33,-115,2
294,2015,33,-111,7
294,2015,33,-103,1
294,2015,33,-99,1
294,2015,33,-97,46
294,2015,33,-95,2
294,2015,35,-121,2
294,2015,35,-119,41
294,2015,35,-117,5
294,2015,35,-113,3
294,2015,35,-107,1
294,2015,35,-97,2
294,2015,35,-93,4
294,2015,35,-89,3
294,2015,35,-83,1
294,2015,35,-79,1
294,2015,35,-77,3
294,2015,37,-123,17
294,2015,37,-121,3
294,2015,37,-119,1
294,2015,37,-115,1
294,2015,37,-97,2
294,2015,37,-79,1
294,2015,37,-77,1
294,2015,37,-75,4
294,2015,37,-3,1
294,2015,39,-123,10
294,2015,39,-105,2
294,2015,39,-89,1
294,2015,39,-85,1
294,2015,39,-77,7
294,2015,41,-111,1
294,2015,41,-87,1
294,2015,41,-85,3
294,2015,41,-73,1
294,2015,41,21,1
294,2015,43,-81,1
294,2015,43,-71,1
294,2015,45,-75,1
294,2015,45,-73,1
294,2015,51,5,1
294,2016,-35,19,1
294,2016,-35,23,2
294,2016,9,-85,3
294,2016,9,-83,1
294,2016,9,-79,1
294,2016,11,-85,5
294,2016,11,-83,2
294,2016,15,75,1
294,2016,17,-103,1
294,2016,17,-97,3
294,2016,17,-93,16
294,2016,17,-63,1
294,2016,17,121,3
294,2016,19,-155,1
294,2016,19,-101,4
294,2016,19,-99,48
294,2016,19,-97,19
294,2016,19,-95,5
294,2016,19,-89,3
294,2016,21,-105,20
294,2016,21,-103,21
294,2016,21,-101,101
294,2016,21,-99,11
294,2016,21,-97,5
294,2016,21,-91,1
294,2016,21,-89,1
294,2016,23,-111,1
294,2016,23,-107,12
294,2016,23,-105,1
294,2016,23,-103,3
294,2016,23,-99,1
294,2016,23,-97,2
294,2016,23,87,4
294,2016,25,-107,3
294,2016,25,-103,3
294,2016,25,-101,60
294,2016,25,-99,14
294,2016,25,-81,4
294,2016,25,103,1
294,2016,27,-109,4
294,2016,27,-103,1
294,2016,27,-101,3
294,2016,27,-99,18
294,2016,27,-97,78
294,2016,27,-83,4
294,2016,27,-81,6
294,2016,29,-111,6
294,2016,29,-103,8
294,2016,29,-99,66
294,2016,29,-97,29
294,2016,29,-95,52
294,2016,29,-85,2
294,2016,29,-83,5
294,2016,29,-81,9
294,2016,31,-111,28
294,2016,31,-109,1
294,2016,31,-107,3
294,2016,31,-103,15
294,2016,31,-99,98
294,2016,31,-97,358
294,2016,31,-95,62
294,2016,31,-91,4
294,2016,31,-89,1
294,2016,31,-87,5
294,2016,31,-85,5
294,2016,31,79,1
294,2016,33,-119,4
294,2016,33,-117,19
294,2016,33,-111,6
294,2016,33,-109,1
294,2016,33,-103,3
294,2016,33,-101,7
294,2016,33,-99,5
294,2016,33,-97,293
294,2016,33,-95,3
294,2016,33,-93,2
294,2016,33,-87,2
294,2016,33,-85,2
294,2016,33,-81,1
294,2016,33,-79,1
294,2016,35,-121,2
294,2016,35,-119,42
294,2016,35,-117,5
294,2016,35,-107,2
294,2016,35,-105,4
294,2016,35,-93,1
294,2016,35,-91,2
294,2016,35,-87,8
294,2016,35,-85,7
294,2016,35,-83,3
294,2016,35,-79,5
294,2016,35,-77,8
294,2016,37,-123,41
294,2016,37,-121,10
294,2016,37,-119,1
294,2016,37,-115,3
294,2016,37,-113,3
294,2016,37,-95,5
294,2016,37,-93,2
294,2016,37,-89,1
294,2016,37,-83,6
294,2016,37,-77,9
294,2016,37,-3,3
294,2016,39,-123,14
294,2016,39,-121,3
294,2016,39,-109,3
294,2016,39,-95,3
294,2016,39,-91,1
294,2016,39,-87,1
294,2016,39,-83,4
294,2016,39,-79,8
294,2016,39,-77,60
294,2016,39,-75,2
294,2016,39,27,1
294,2016,41,-97,1
294,2016,41,-95,3
294,2016,41,-93,1
294,2016,41,-91,1
294,2016,41,-89,5
294,2016,41,-87,10
294,2016,41,-85,2
294,2016,41,-83,1
294,2016,41,-81,2
294,2016,41,-79,2
294,2016,41,-77,1
294,2016,41,-73,1
294,2016,41,31,1
294,2016,43,-91,1
294,2016,43,-89,1
294,2016,43,-83,1
294,2016,43,-79,1
294,2016,43,-71,10
294,2016,43,11,1
294,2016,43,27,1
294,2016,45,-79,1
294,2016,45,9,1
294,2017,-33,23,1
294,2017,-31,31,1
294,2017,-9,115,1
294,2017,-7,-63,1
294,2017,1,103,13
294,2017,7,-75,5
294,2017,9,-85,2
294,2017,11,-85,1
294,2017,11,-75,1
294,2017,13,77,1
294,2017,13,103,1
294,2017,15,-97,14
294,2017,15,-87,4
294,2017,17,-99,1
294,2017,17,-97,6
294,2017,17,-95,5
294,2017,17,-93,6
294,2017,17,73,1
294,2017,19,-105,10
294,2017,19,-103,1
294,2017,19,-101,3
294,2017,19,-99,86
294,2017,19,-97,44
294,2017,19,-91,1
294,2017,19,-75,2
294,2017,19,-71,3
294,2017,19,73,1
294,2017,19,83,1
294,2017,21,-105,8
294,2017,21,-103,21
294,2017,21,-101,49
294,2017,21,-99,24
294,2017,21,-97,7
294,2017,21,-91,1
294,2017,21,-89,1
294,2017,21,-87,2
294,2017,21,85,1
294,2017,23,-107,55
294,2017,23,-105,2
294,2017,23,-103,1
294,2017,23,-101,2
294,2017,23,-99,2
294,2017,23,-97,2
294,2017,23,87,3
294,2017,23,115,1
294,2017,25,-107,12
294,2017,25,-103,2
294,2017,25,-101,29
294,2017,25,-99,6
294,2017,25,-81,12
294,2017,27,-101,3
294,2017,27,-99,193
294,2017,27,-97,112
294,2017,27,-83,4
294,2017,27,-81,8
294,2017,29,-111,2
294,2017,29,-109,3
294,2017,29,-103,10
294,2017,29,-101,15
294,2017,29,-99,35
294,2017,29,-97,63
294,2017,29,-95,46
294,2017,29,-93,1
294,2017,29,-91,5
294,2017,29,-85,1
294,2017,29,-83,14
294,2017,29,-81,14
294,2017,29,85,1
294,2017,31,-111,6
294,2017,31,-107,54
294,2017,31,-105,4
294,2017,31,-103,2
294,2017,31,-101,4
294,2017,31,-99,38
294,2017,31,-97,157
294,2017,31,-95,30
294,2017,31,-93,13
294,2017,31,-91,24
294,2017,31,-89,14
294,2017,31,-87,8
294,2017,31,-85,10
294,2017,31,-81,11
294,2017,33,-119,7
294,2017,33,-117,36
294,2017,33,-115,2
294,2017,33,-113,1
294,2017,33,-111,46
294,2017,33,-107,2
294,2017,33,-103,2
294,2017,33,-101,10
294,2017,33,-99,6
294,2017,33,-97,251
294,2017,33,-95,3
294,2017,33,-93,4
294,2017,33,-91,3
294,2017,33,-89,1
294,2017,33,-87,11
294,2017,33,-85,8
294,2017,33,-83,4
294,2017,33,-81,8
294,2017,33,-79,9
294,2017,35,-121,8
294,2017,35,-119,93
294,2017,35,-117,4
294,2017,35,-113,2
294,2017,35,-111,2
294,2017,35,-109,2
294,2017,35,-97,10
294,2017,35,-95,58
294,2017,35,-93,6
294,2017,35,-91,2
294,2017,35,-87,5
294,2017,35,-85,3
294,2017,35,-83,11
294,2017,35,-81,3
294,2017,35,-79,11
294,2017,35,-77,11
294,2017,35,27,1
294,2017,35,137,2
294,2017,37,-123,63
294,2017,37,-121,19
294,2017,37,-119,3
294,2017,37,-109,1
294,2017,37,-95,4
294,2017,37,-93,2
294,2017,37,-91,3
294,2017,37,-87,12
294,2017,37,-81,2
294,2017,37,-79,9
294,2017,37,-77,9
294,2017,37,-75,4
294,2017,37,-25,1
294,2017,37,-5,2
294,2017,37,111,2
294,2017,39,-123,19
294,2017,39,-121,14
294,2017,39,-119,3
294,2017,39,-105,2
294,2017,39,-95,3
294,2017,39,-93,2
294,2017,39,-91,6
294,2017,39,-85,3
294,2017,39,-83,4
294,2017,39,-79,4
294,2017,39,-77,99
294,2017,39,-75,23
294,2017,39,-3,1
294,2017,41,-125,5
294,2017,41,-123,1
294,2017,41,-105,2
294,2017,41,-87,12
294,2017,41,-85,1
294,2017,41,-83,4
294,2017,41,-81,16
294,2017,41,-79,3
294,2017,41,-77,1
294,2017,41,-75,31
294,2017,41,-73,236
294,2017,41,-71,6
294,2017,41,-69,1
294,2017,41,1,1
294,2017,41,45,1
294,2017,43,-123,1
294,2017,43,-121,1
294,2017,43,-91,1
294,2017,43,-89,1
294,2017,43,-87,4
294,2017,43,-85,1
294,2017,43,-83,3
294,2017,43,-81,9
294,2017,43,-79,12
294,2017,43,-77,13
294,2017,43,-73,6
294,2017,43,-71,8
294,2017,43,13,1
294,2017,45,-123,2
294,2017,45,-79,7
294,2017,45,-77,10
294,2017,45,-75,21
294,2017,45,-73,19
294,2017,45,-71,1
294,2017,45,-69,3
294,2017,45,-65,6
294,2017,45,-63,2
294,2017,45,-1,1
294,2017,47,-121,1
294,2017,47,-117,1
294,2017,47,-97,1
294,2017,49,-123,1
294,2017,49,-81,1
294,2017,49,-5,1
294,2017,51,-3,1
294,2017,51,3,1
294,2017,53,-131,1
294,2017,63,-115,3
301,2015,-35,19,2
301,2015,-35,21,1
301,2015,-35,25,1
301,2015,-33,23,1
301,2015,-31,115,2
301,2015,-9,115,1
301,2015,1,103,1
301,2015,9,-83,1
301,2015,13,-59,2
301,2015,15,-97,12
301,2015,17,-93,5
301,2015,19,-103,1
301,2015,19,-101,1
301,2015,19,-99,11
301,2015,19,-97,20
301,2015,19,-89,1
301,2015,19,-71,5
301,2015,21,-105,15
301,2015,21,-103,3
301,2015,21,-101,26
301,2015,21,-99,2
301,2015,21,-89,1
301,2015,23,-109,2
301,2015,23,-107,23
301,2015,23,-101,1
301,2015,23,-99,31
301,2015,23,107,2
301,2015,23,115,1
301,2015,25,-109,1
301,2015,25,-107,1
301,2015,25,-101,24
301,2015,25,-97,6
301,2015,25,-81,2
301,2015,27,-111,1
301,2015,27,-109,1
301,2015,27,-101,3
301,2015,27,-99,134
301,2015,27,-97,18
301,2015,27,-79,4
301,2015,29,-111,5
301,2015,29,-101,1
301,2015,29,-99,1
301,2015,29,-97,2
301,2015,29,-95,28
301,2015,29,-83,1
301,2015,29,-81,17
301,2015,31,-111,5
301,2015,31,-99,2
301,2015,31,-97,66
301,2015,31,-91,2
301,2015,31,-87,1
301,2015,31,-85,2
301,2015,33,-119,4
301,2015,33,-117,40
301,2015,33,-111,6
301,2015,33,-97,58
301,2015,33,-81,4
301,2015,35,-121,2
301,2015,35,-119,27
301,2015,35,-117,3
301,2015,35,-115,2
301,2015,35,-101,1
301,2015,35,-99,1
301,2015,35,-95,1
301,2015,35,-83,1
301,2015,35,-81,1
301,2015,35,-79,2
301,2015,35,-77,1
301,2015,37,-123,32
301,2015,37,-115,6
301,2015,37,-97,5
301,2015,37,-77,1
301,2015,37,-3,1
301,2015,37,27,2
301,2015,39,-123,13
301,2015,39,-85,2
301,2015,39,-83,1
301,2015,39,-77,1
301,2015,39,-1,3
301,2015,41,-87,2
301,2015,41,-85,1
301,2015,41,-81,1
301,2015,43,-75,1
301,2015,43,-73,1
301,2015,43,-5,2
301,2015,43,27,1
301,2015,45,-77,2
301,2015,45,-73,2
301,2016,-43,173,1
301,2016,-31,153,2
301,2016,-29,-51,1
301,2016,-29,153,1
301,2016,-27,153,2
301,2016,9,-83,1
301,2016,9,-79,1
301,2016,9,77,1
301,2016,11,-75,1
301,2016,11,1,1
301,2016,15,-97,9
301,2016,17,-97,1
301,2016,17,-93,4
301,2016,17,-91,1
301,2016,17,-63,1
301,2016,17,75,1
301,2016,19,-105,1
301,2016,19,-103,1
301,2016,19,-101,13
301,2016,19,-99,70
301,2016,19,-97,28
301,2016,19,-95,7
301,2016,19,-93,1
301,2016,19,-89,1
301,2016,19,-71,1
301,2016,21,-105,21
301,2016,21,-103,14
301,2016,21,-101,58
301,2016,21,-99,5
301,2016,21,-97,2
301,2016,21,-89,1
301,2016,23,-109,1
301,2016,23,-107,16
301,2016,23,-105,1
301,2016,23,-103,2
301,2016,23,-101,3
301,2016,23,-99,10
301,2016,23,-97,9
301,2016,23,113,1
301,2016,25,-109,2
301,2016,25,-107,1
301,2016,25,-103,6
301,2016,25,-101,29
301,2016,25,-99,4
301,2016,25,-97,2
301,2016,25,-81,4
301,2016,27,-109,9
301,2016,27,-101,1
301,2016,27,-99,67
301,2016,27,-97,27
301,2016,27,-81,5
301,2016,29,-111,4
301,2016,29,-101,5
301,2016,29,-99,34
301,2016,29,-97,82
301,2016,29,-95,27
301,2016,29,-91,1
301,2016,29,-89,2
301,2016,29,-85,2
301,2016,29,-83,2
301,2016,29,-81,8
301,2016,31,-117,2
301,2016,31,-111,3
301,2016,31,-103,15
301,2016,31,-99,67
301,2016,31,-97,225
301,2016,31,-95,10
301,2016,31,-93,1
301,2016,31,-91,1
301,2016,31,-89,1
301,2016,31,-87,10
301,2016,31,-85,5
301,2016,33,-119,9
301,2016,33,-117,20
301,2016,33,-111,13
301,2016,33,-107,1
301,2016,33,-103,1
301,2016,33,-101,10
301,2016,33,-99,22
301,2016,33,-97,349
301,2016,33,-95,3
301,2016,33,-93,2
301,2016,33,-87,1
301,2016,33,-85,12
301,2016,33,-81,6
301,2016,33,-79,4
301,2016,35,-121,2
301,2016,35,-119,25
301,2016,35,-117,2
301,2016,35,-101,3
301,2016,35,-97,2
301,2016,35,-95,1
301,2016,35,-93,1
301,2016,35,-89,1
301,2016,35,-87,5
301,2016,35,-85,2
301,2016,35,-83,33
301,2016,35,-81,3
301,2016,35,-79,10
301,2016,35,-77,1
301,2016,35,-75,1
301,2016,35,129,1
301,2016,37,-123,17
301,2016,37,-121,5
301,2016,37,-119,3
301,2016,37,-115,6
301,2016,37,-99,1
301,2016,37,-95,2
301,2016,37,-93,2
301,2016,37,-89,3
301,2016,37,-85,1
301,2016,37,-83,5
301,2016,37,-81,4
301,2016,37,-79,1
301,2016,37,-77,6
301,2016,37,-5,1
301,2016,39,-123,8
301,2016,39,-121,1
301,2016,39,-105,1
301,2016,39,-93,5
301,2016,39,-91,5
301,2016,39,-89,1
301,2016,39,-87,2
301,2016,39,-85,10
301,2016,39,-83,1
301,2016,39,-79,1
301,2016,39,-77,43
301,2016,39,-75,3
301,2016,41,-113,5
301,2016,41,-105,1
301,2016,41,-87,1
301,2016,41,-83,2
301,2016,41,-81,4
301,2016,41,-79,5
301,2016,41,-73,2
301,2016,41,-71,2
301,2016,43,-83,1
301,2016,43,-81,1
301,2016,43,-79,1
301,2016,45,-85,1
301,2016,45,-73,1
301,2016,45,5,1
301,2016,45,9,1
301,2016,45,11,3
301,2016,47,-123,1
301,2016,47,9,1
301,2016,49,-101,1
301,2016,51,7,1
301,2017,-43,147,1
301,2017,-37,175,2
301,2017,-33,151,1
301,2017,-31,31,1
301,2017,-17,177,1
301,2017,-9,115,1
301,2017,-5,39,1
301,2017,-3,129,1
301,2017,1,103,12
301,2017,5,-75,1
301,2017,11,-85,2
301,2017,13,77,1
301,2017,15,-97,24
301,2017,15,-95,2
301,2017,15,-87,1
301,2017,17,-99,2
301,2017,17,-97,1
301,2017,17,-95,1
301,2017,17,-93,7
301,2017,17,-89,2
301,2017,19,-105,6
301,2017,19,-103,3
301,2017,19,-101,7
301,2017,19,-99,114
301,2017,19,-97,21
301,2017,19,-95,2
301,2017,19,-89,7
301,2017,19,-75,2
301,2017,19,73,2
301,2017,19,81,1
301,2017,19,109,3
301,2017,21,-105,11
301,2017,21,-103,6
301,2017,21,-101,116
301,2017,21,-99,31
301,2017,21,-97,7
301,2017,21,-91,1
301,2017,21,-89,5
301,2017,21,-87,3
301,2017,23,-109,1
301,2017,23,-107,62
301,2017,23,-105,10
301,2017,23,-103,3
301,2017,23,-101,8
301,2017,23,-99,6
301,2017,23,115,5
301,2017,25,-103,4
301,2017,25,-101,47
301,2017,25,-99,2
301,2017,25,-97,13
301,2017,25,-81,2
301,2017,27,-109,2
301,2017,27,-107,1
301,2017,27,-101,2
301,2017,27,-99,191
301,2017,27,-97,81
301,2017,27,-83,3
301,2017,27,-81,10
301,2017,29,-113,1
301,2017,29,-111,10
301,2017,29,-105,1
301,2017,29,-103,7
301,2017,29,-101,48
301,2017,29,-99,48
301,2017,29,-97,22
301,2017,29,-95,30
301,2017,29,-93,4
301,2017,29,-91,3
301,2017,29,-85,14
301,2017,29,-83,11
301,2017,29,-81,23
301,2017,29,85,1
301,2017,29,113,1
301,2017,31,-111,18
301,2017,31,-107,6
301,2017,31,-103,2
301,2017,31,-99,51
301,2017,31,-97,116
301,2017,31,-95,12
301,2017,31,-93,7
301,2017,31,-91,8
301,2017,31,-89,3
301,2017,31,-87,1
301,2017,31,-85,2
301,2017,31,-83,1
301,2017,33,-119,12
301,2017,33,-117,25
301,2017,33,-113,1
301,2017,33,-111,17
301,2017,33,-107,2
301,2017,33,-105,1
301,2017,33,-101,2
301,2017,33,-99,4
301,2017,33,-97,214
301,2017,33,-95,12
301,2017,33,-93,3
301,2017,33,-87,1
301,2017,33,-85,12
301,2017,33,-83,8
301,2017,33,-81,9
301,2017,35,-121,1
301,2017,35,-119,50
301,2017,35,-117,1
301,2017,35,-115,2
301,2017,35,-95,51
301,2017,35,-91,1
301,2017,35,-89,4
301,2017,35,-87,2
301,2017,35,-85,3
301,2017,35,-83,3
301,2017,35,-81,3
301,2017,35,-79,2
301,2017,35,-77,7
301,2017,35,27,1
301,2017,37,-123,37
301,2017,37,-121,12
301,2017,37,-115,1
301,2017,37,-95,1
301,2017,37,-93,1
301,2017,37,-87,4
301,2017,37,-79,4
301,2017,37,-77,1
301,2017,37,-75,7
301,2017,37,-7,1
301,2017,37,-1,1
301,2017,39,-123,10
301,2017,39,-121,21
301,2017,39,-119,3
301,2017,39,-93,1
301,2017,39,-91,6
301,2017,39,-79,2
301,2017,39,-77,13
301,2017,39,-75,11
301,2017,39,-9,1
301,2017,39,-1,1
301,2017,41,-85,1
301,2017,41,-83,2
301,2017,41,-79,6
301,2017,41,-77,2
301,2017,41,-75,11
301,2017,41,-73,52
301,2017,41,-71,1
301,2017,41,21,1
301,2017,43,-123,2
301,2017,43,-79,5
301,2017,43,-75,2
301,2017,43,-73,2
301,2017,43,-71,7
301,2017,43,-3,2
301,2017,43,13,1
301,2017,43,27,1
301,2017,45,-73,4
301,2017,45,-69,4
301,2017,45,-67,1
301,2017,45,-65,6
301,2017,45,-63,2
301,2017,45,7,1
301,2017,45,11,1
301,2017,47,-123,1
301,2017,47,-117,1
301,2017,49,-123,1
301,2017,49,9,3
301,2017,51,-1,1
301,2017,53,11,1
308,2015,-33,23,1
308,2015,-31,31,1
308,2015,-29,33,1
308,2015,-27,31,1
308,2015,13,-59,4
308,2015,15,-97,4
308,2015,15,-95,2
308,2015,17,-97,2
308,2015,17,-93,2
308,2015,17,75,1
308,2015,19,-105,1
308,2015,19,-103,1
308,2015,19,-99,20
308,2015,19,-97,2
308,2015,19,-89,2
308,2015,21,-157,1
308,2015,21,-105,10
308,2015,21,-103,16
308,2015,21,-101,218
308,2015,21,-99,5
308,2015,21,-97,1
308,2015,21,-87,1
308,2015,23,-109,1
308,2015,23,-107,20
308,2015,23,-99,27
308,2015,25,-101,4
308,2015,25,-97,44
308,2015,25,-81,2
308,2015,27,-99,291
308,2015,27,-97,46
308,2015,29,-111,1
308,2015,29,-101,1
308,2015,29,-99,1
308,2015,29,-97,24
308,2015,29,-95,17
308,2015,29,-91,1
308,2015,29,-81,13
308,2015,29,-17,1
308,2015,31,-111,5
308,2015,31,-107,1
308,2015,31,-99,6
308,2015,31,-97,54
308,2015,31,-95,1
308,2015,31,-89,1
308,2015,31,-87,1
308,2015,33,-119,4
308,2015,33,-117,14
308,2015,33,-115,2
308,2015,33,-113,1
308,2015,33,-111,8
308,2015,33,-99,8
308,2015,33,-97,29
308,2015,33,-95,2
308,2015,35,-121,2
308,2015,35,-119,33
308,2015,35,-117,1
308,2015,35,-91,1
308,2015,35,-79,3
308,2015,37,-123,44
308,2015,37,-121,1
308,2015,37,-115,4
308,2015,37,-95,1
308,2015,39,-123,5
308,2015,39,-87,1
308,2015,39,-79,1
308,2015,39,-77,5
308,2015,39,-75,1
308,2015,41,-125,1
308,2015,41,-123,1
308,2015,41,-87,1
308,2015,41,-83,1
308,2015,41,-81,1
308,2015,41,-79,1
308,2015,41,13,1
308,2015,43,-89,1
308,2015,43,-79,2
308,2015,43,-75,1
308,2015,43,-73,5
308,2015,43,13,1
308,2015,43,23,1
308,2015,45,-73,1
308,2015,45,-65,1
308,2016,-33,23,2
308,2016,-29,31,1
308,2016,-27,153,2
308,2016,9,-85,2
308,2016,11,-85,1
308,2016,11,1,1
308,2016,11,75,1
308,2016,17,-97,1
308,2016,17,-93,26
308,2016,17,-67,14
308,2016,17,75,3
308,2016,19,-155,1
308,2016,19,-105,1
308,2016,19,-103,5
308,2016,19,-101,15
308,2016,19,-99,23
308,2016,19,-97,23
308,2016,19,-95,13
308,2016,19,-91,1
308,2016,19,-89,4
308,2016,19,109,1
308,2016,21,-105,21
308,2016,21,-103,13
308,2016,21,-101,99
308,2016,21,-99,6
308,2016,21,-97,2
308,2016,21,-91,1
308,2016,21,75,1
308,2016,23,-109,4
308,2016,23,-107,21
308,2016,23,-101,2
308,2016,23,-99,3
308,2016,23,87,1
308,2016,25,-103,1
308,2016,25,-101,34
308,2016,25,-99,5
308,2016,25,-97,20
308,2016,25,-81,5
308,2016,25,91,2
308,2016,27,-109,4
308,2016,27,-103,2
308,2016,27,-101,2
308,2016,27,-99,55
308,2016,27,-97,81
308,2016,27,-83,1
308,2016,27,-81,1
308,2016,29,-111,2
308,2016,29,-107,1
308,2016,29,-103,3
308,2016,29,-101,1
308,2016,29,-99,59
308,2016,29,-97,13
308,2016,29,-95,34
308,2016,29,-93,1
308,2016,29,-91,2
308,2016,29,-85,2
308,2016,29,-83,3
308,2016,29,-81,4
308,2016,31,-117,2
308,2016,31,-115,1
308,2016,31,-113,4
308,2016,31,-111,1
308,2016,31,-103,2
308,2016,31,-101,1
308,2016,31,-99,31
308,2016,31,-97,95
308,2016,31,-95,8
308,2016,31,-91,3
308,2016,31,-89,1
308,2016,31,-87,1
308,2016,31,-85,3
308,2016,31,79,1
308,2016,33,-119,1
308,2016,33,-117,16
308,2016,33,-115,1
308,2016,33,-113,7
308,2016,33,-111,11
308,2016,33,-101,2
308,2016,33,-99,22
308,2016,33,-97,118
308,2016,33,-95,12
308,2016,33,-93,1
308,2016,33,-87,4
308,2016,33,-85,4
308,2016,33,-83,1
308,2016,33,-81,1
308,2016,33,-79,1
308,2016,35,-119,46
308,2016,35,-117,3
308,2016,35,-115,2
308,2016,35,-111,1
308,2016,35,-109,1
308,2016,35,-107,1
308,2016,35,-99,3
308,2016,35,-95,5
308,2016,35,-87,11
308,2016,35,-85,2
308,2016,35,-83,5
308,2016,35,-81,4
308,2016,35,-79,5
308,2016,37,-123,44
308,2016,37,-121,8
308,2016,37,-115,2
308,2016,37,-113,1
308,2016,37,-97,1
308,2016,37,-93,1
308,2016,37,-89,1
308,2016,37,-83,9
308,2016,37,-81,1
308,2016,37,-79,5
308,2016,37,-77,5
308,2016,39,-123,18
308,2016,39,-121,2
308,2016,39,-109,1
308,2016,39,-107,1
308,2016,39,-105,1
308,2016,39,-95,3
308,2016,39,-93,3
308,2016,39,-87,1
308,2016,39,-85,8
308,2016,39,-83,3
308,2016,39,-79,2
308,2016,39,-77,18
308,2016,39,-75,2
308,2016,41,-93,1
308,2016,41,-87,3
308,2016,41,-85,1
308,2016,41,-81,1
308,2016,41,-79,5
308,2016,41,-75,4
308,2016,41,1,1
308,2016,43,-93,1
308,2016,43,-89,8
308,2016,43,-87,1
308,2016,43,-81,1
308,2016,43,-79,1
308,2016,43,-77,2
308,2016,43,-73,1
308,2016,45,-123,2
308,2016,45,-65,1
308,2016,47,-123,2
308,2016,51,-81,1
308,2016,53,-105,1
308,2017,-37,143,6
308,2017,-37,145,3
308,2017,-35,19,1
308,2017,-33,19,2
308,2017,-33,23,1
308,2017,-31,31,2
308,2017,-31,153,1
308,2017,-15,35,1
308,2017,-13,-71,1
308,2017,-13,29,1
308,2017,1,103,12
308,2017,9,-83,1
308,2017,11,77,3
308,2017,13,-89,1
308,2017,15,-97,34
308,2017,15,-95,6
308,2017,15,-91,5
308,2017,15,101,1
308,2017,15,121,1
308,2017,17,-99,1
308,2017,17,-97,2
308,2017,17,-93,27
308,2017,17,-91,1
308,2017,17,-89,2
308,2017,19,-105,8
308,2017,19,-103,1
308,2017,19,-101,1
308,2017,19,-99,159
308,2017,19,-97,26
308,2017,19,-95,4
308,2017,19,-75,2
308,2017,19,-73,1
308,2017,19,-65,1
308,2017,19,75,2
308,2017,19,83,1
308,2017,21,-105,3
308,2017,21,-103,14
308,2017,21,-101,19
308,2017,21,-99,10
308,2017,21,-97,2
308,2017,21,-91,1
308,2017,21,-89,2
308,2017,21,-87,1
308,2017,23,-109,5
308,2017,23,-107,31
308,2017,23,-105,2
308,2017,23,-101,2
308,2017,23,-99,2
308,2017,23,113,1
308,2017,23,115,4
308,2017,25,-109,2
308,2017,25,-107,2
308,2017,25,-103,1
308,2017,25,-101,66
308,2017,25,-99,7
308,2017,25,-97,26
308,2017,27,-109,1
308,2017,27,-101,1
308,2017,27,-99,290
308,2017,27,-97,44
308,2017,27,-83,1
308,2017,27,-81,1
308,2017,29,-111,4
308,2017,29,-109,1
308,2017,29,-107,1
308,2017,29,-105,1
308,2017,29,-101,6
308,2017,29,-99,42
308,2017,29,-97,41
308,2017,29,-95,27
308,2017,29,-93,5
308,2017,29,-91,3
308,2017,29,-83,18
308,2017,29,-81,6
308,2017,29,85,1
308,2017,29,113,1
308,2017,31,-115,1
308,2017,31,-111,14
308,2017,31,-107,2
308,2017,31,-103,2
308,2017,31,-99,81
308,2017,31,-97,122
308,2017,31,-95,24
308,2017,31,-93,7
308,2017,31,-91,10
308,2017,31,-89,4
308,2017,31,-87,3
308,2017,31,-85,6
308,2017,31,-81,1
308,2017,31,121,1
308,2017,33,-119,6
308,2017,33,-117,16
308,2017,33,-111,17
308,2017,33,-105,2
308,2017,33,-101,2
308,2017,33,-99,1
308,2017,33,-97,264
308,2017,33,-95,2
308,2017,33,-93,1
308,2017,33,-91,1
308,2017,33,-87,3
308,2017,33,-85,6
308,2017,33,-81,1
308,2017,33,-79,5
308,2017,35,-119,40
308,2017,35,-117,9
308,2017,35,-111,1
308,2017,35,-107,2
308,2017,35,-101,2
308,2017,35,-99,1
308,2017,35,-97,1
308,2017,35,-95,21
308,2017,35,-89,1
308,2017,35,-87,1
308,2017,35,-83,6
308,2017,35,-81,1
308,2017,35,-79,3
308,2017,35,27,1
308,2017,37,-123,10
308,2017,37,-121,5
308,2017,37,-115,1
308,2017,37,-87,1
308,2017,37,-85,2
308,2017,37,-7,2
308,2017,37,-3,2
308,2017,39,-123,7
308,2017,39,-121,6
308,2017,39,-109,1
308,2017,39,-105,1
308,2017,39,-91,1
308,2017,39,-85,5
308,2017,39,-79,3
308,2017,39,-77,11
308,2017,39,-75,2
308,2017,39,-9,2
308,2017,41,-111,1
308,2017,41,-79,4
308,2017,41,-75,4
308,2017,41,-73,7
308,2017,41,-71,1
308,2017,41,13,1
308,2017,41,19,1
308,2017,41,23,1
308,2017,43,-81,1
308,2017,43,-79,2
308,2017,43,-77,2
308,2017,43,-73,2
308,2017,43,-71,2
308,2017,45,-75,1
308,2017,45,-73,5
308,2017,45,-69,1
308,2017,45,-63,1
308,2017,45,5,1
308,2017,45,11,1
308,2017,47,-1,1
315,2015,-35,19,1
315,2015,-33,23,4
315,2015,-29,31,1
315,2015,1,103,1
315,2015,9,-79,6
315,2015,15,-97,5
315,2015,17,-99,1
315,2015,19,-105,13
315,2015,19,-99,12
315,2015,19,-97,3
315,2015,19,-71,1
315,2015,19,-67,1
315,2015,19,73,2
315,2015,21,-105,16
315,2015,21,-103,18
315,2015,21,-101,82
315,2015,21,-99,4
315,2015,23,-111,3
315,2015,23,-109,4
315,2015,23,-107,20
315,2015,23,-105,1
315,2015,23,115,3
315,2015,25,-101,4
315,2015,25,-99,5
315,2015,25,-81,7
315,2015,27,-109,3
315,2015,27,-99,58
315,2015,27,-97,1
315,2015,27,-81,6
315,2015,29,-109,1
315,2015,29,-97,16
315,2015,29,-95,14
315,2015,29,-81,2
315,2015,31,-117,1
315,2015,31,-99,5
315,2015,31,-97,3
315,2015,31,-91,4
315,2015,33,-119,1
315,2015,33,-117,15
315,2015,33,-111,5
315,2015,33,-109,1
315,2015,33,-97,8
315,2015,33,-95,1
315,2015,33,-93,3
315,2015,33,-81,2
315,2015,33,-79,1
315,2015,35,-119,15
315,2015,35,-117,2
315,2015,35,-89,1
315,2015,35,-83,1
315,2015,35,-77,1
315,2015,37,-123,16
315,2015,37,-121,3
315,2015,37,-93,1
315,2015,37,-79,1
315,2015,37,-77,1
315,2015,39,-123,4
315,2015,39,-121,1
315,2015,39,-85,1
315,2015,39,-77,10
315,2015,39,-75,1
315,2015,39,-1,1
315,2015,41,-81,1
315,2015,43,-79,1
315,2015,43,13,1
315,2015,45,-75,1
315,2015,45,-73,1
315,2015,45,-65,1
315,2015,49,3,1
315,2016,-31,153,1
315,2016,-29,33,1
315,2016,-25,29,2
315,2016,-25,31,1
315,2016,-9,127,1
315,2016,3,101,1
315,2016,9,-83,4
315,2016,9,-75,1
315,2016,13,101,1
315,2016,15,-97,6
315,2016,17,-97,2
315,2016,17,-93,10
315,2016,17,-67,2
315,2016,19,-103,1
315,2016,19,-101,1
315,2016,19,-99,20
315,2016,19,-97,23
315,2016,19,-95,7
315,2016,19,-93,4
315,2016,19,-89,1
315,2016,19,-71,2
315,2016,19,109,2
315,2016,21,-105,17
315,2016,21,-103,7
315,2016,21,-101,21
315,2016,21,-99,42
315,2016,21,-91,2
315,2016,21,-87,2
315,2016,23,-107,23
315,2016,23,-101,1
315,2016,23,-99,2
315,2016,23,-97,2
315,2016,23,97,1
315,2016,23,115,1
315,2016,25,-111,6
315,2016,25,-107,1
315,2016,25,-101,65
315,2016,25,-99,2
315,2016,25,-97,1
315,2016,25,-81,4
315,2016,27,-109,7
315,2016,27,-103,2
315,2016,27,-101,30
315,2016,27,-99,26
315,2016,27,-97,77
315,2016,27,77,2
315,2016,29,-111,5
315,2016,29,-101,3
315,2016,29,-99,32
315,2016,29,-97,69
315,2016,29,-95,32
315,2016,29,-93,4
315,2016,29,-91,2
315,2016,29,-89,3
315,2016,29,-81,6
315,2016,31,-117,3
315,2016,31,-111,5
315,2016,31,-107,5
315,2016,31,-103,4
315,2016,31,-99,64
315,2016,31,-97,334
315,2016,31,-95,5
315,2016,31,-93,2
315,2016,31,-91,3
315,2016,31,-89,1
315,2016,31,-87,76
315,2016,31,-81,1
315,2016,31,79,1
315,2016,33,-119,1
315,2016,33,-117,20
315,2016,33,-115,2
315,2016,33,-111,10
315,2016,33,-101,3
315,2016,33,-99,12
315,2016,33,-97,346
315,2016,33,-95,3
315,2016,33,-77,2
315,2016,33,35,1
315,2016,35,-121,1
315,2016,35,-119,52
315,2016,35,-117,2
315,2016,35,-115,2
315,2016,35,-109,2
315,2016,35,-97,5
315,2016,35,-95,1
315,2016,35,-93,2
315,2016,35,-87,7
315,2016,35,-85,5
315,2016,35,-83,4
315,2016,35,129,1
315,2016,37,-123,12
315,2016,37,-121,3
315,2016,37,-115,4
315,2016,37,-93,1
315,2016,37,-89,2
315,2016,37,-87,2
315,2016,37,-77,6
315,2016,39,-123,4
315,2016,39,-109,1
315,2016,39,-85,4
315,2016,39,-79,1
315,2016,39,-77,3
315,2016,41,-105,1
315,2016,41,-87,4
315,2016,41,-81,1
315,2016,41,-79,1
315,2016,41,-75,1
315,2016,41,19,1
315,2016,43,-87,1
315,2016,43,-79,2
315,2016,43,11,2
315,2016,43,23,1
315,2016,45,-65,1
315,2016,47,-123,1
315,2017,-39,141,5
315,2017,-39,143,1
315,2017,-37,143,2
315,2017,-37,175,1
315,2017,-33,23,1
315,2017,-33,151,1
315,2017,-23,113,1
315,2017,-1,-77,2
315,2017,-1,133,1
315,2017,1,103,9
315,2017,7,-75,1
315,2017,9,-85,1
315,2017,9,-83,1
315,2017,11,-85,11
315,2017,13,-87,1
315,2017,15,-97,51
315,2017,15,-93,5
315,2017,15,-91,2
315,2017,15,121,3
315,2017,17,-99,2
315,2017,17,-97,1
315,2017,17,-93,12
315,2017,17,-89,2
315,2017,19,-157,1
315,2017,19,-105,10
315,2017,19,-103,2
315,2017,19,-101,1
315,2017,19,-99,47
315,2017,19,-97,43
315,2017,19,-95,2
315,2017,19,-75,1
315,2017,19,-71,1
315,2017,19,75,2
315,2017,19,83,4
315,2017,19,109,2
315,2017,21,-105,9
315,2017,21,-103,12
315,2017,21,-101,28
315,2017,21,-99,31
315,2017,21,-97,33
315,2017,21,-89,2
315,2017,21,-87,8
315,2017,23,-109,1
315,2017,23,-107,29
315,2017,23,-101,4
315,2017,23,-99,15
315,2017,23,-97,6
315,2017,23,115,4
315,2017,25,-105,1
315,2017,25,-103,1
315,2017,25,-101,260
315,2017,25,-97,79
315,2017,25,-81,8
315,2017,27,-101,11
315,2017,27,-99,257
315,2017,27,-97,114
315,2017,27,-83,2
315,2017,27,-81,13
315,2017,27,85,4
315,2017,29,-111,2
315,2017,29,-103,1
315,2017,29,-101,41
315,2017,29,-99,81
315,2017,29,-97,60
315,2017,29,-95,46
315,2017,29,-91,7
315,2017,29,-89,10
315,2017,29,-83,23
315,2017,29,-81,12
315,2017,31,-111,6
315,2017,31,-107,3
315,2017,31,-101,7
315,2017,31,-99,75
315,2017,31,-97,193
315,2017,31,-95,28
315,2017,31,-93,13
315,2017,31,-91,20
315,2017,31,-89,4
315,2017,31,-87,4
315,2017,31,-85,4
315,2017,31,-81,1
315,2017,33,-119,6
315,2017,33,-117,19
315,2017,33,-113,1
315,2017,33,-111,9
315,2017,33,-101,9
315,2017,33,-99,1
315,2017,33,-97,200
315,2017,33,-95,3
315,2017,33,-93,11
315,2017,33,-87,4
315,2017,33,-81,3
315,2017,33,-79,5
315,2017,35,-121,1
315,2017,35,-119,32
315,2017,35,-117,4
315,2017,35,-115,2
315,2017,35,-111,1
315,2017,35,-99,1
315,2017,35,-97,2
315,2017,35,-95,31
315,2017,35,-87,5
315,2017,35,-85,2
315,2017,35,-81,1
315,2017,35,-79,1
315,2017,37,-123,24
315,2017,37,-121,14
315,2017,37,-115,1
315,2017,37,-113,2
315,2017,37,-79,1
315,2017,37,-5,3
315,2017,39,-123,4
315,2017,39,-121,11
315,2017,39,-105,2
315,2017,39,-91,1
315,2017,39,-85,2
315,2017,39,-1,2
315,2017,41,-85,1
315,2017,41,-75,1
315,2017,43,-73,1
315,2017,43,27,2
315,2017,45,-1,1
315,2017,51,-1,1
315,2017,59,-123,1
322,2015,-35,23,1
322,2015,-33,19,2
322,2015,-33,23,2
322,2015,-25,31,1
322,2015,9,-83,1
322,2015,9,-81,1
322,2015,11,-87,1
322,2015,11,-85,1
322,2015,13,-87,1
322,2015,15,-97,3
322,2015,15,-93,1
322,2015,17,-91,2
322,2015,19,-101,2
322,2015,19,-99,10
322,2015,19,-97,4
322,2015,19,-89,1
322,2015,21,-105,27
322,2015,21,-103,2
322,2015,21,-101,6
322,2015,21,-99,3
322,2015,23,-111,2
322,2015,23,-109,5
322,2015,23,-107,69
322,2015,23,-101,1
322,2015,23,115,1
322,2015,25,-101,5
322,2015,25,-97,9
322,2015,25,-81,8
322,2015,27,-109,2
322,2015,27,-99,31
322,2015,27,-97,5
322,2015,27,-81,4
322,2015,27,89,1
322,2015,29,-99,6
322,2015,29,-97,7
322,2015,29,-95,7
322,2015,29,-81,4
322,2015,31,-111,5
322,2015,31,-99,2
322,2015,31,-97,13
322,2015,31,-95,1
322,2015,31,-91,1
322,2015,31,-87,9
322,2015,31,-81,1
322,2015,33,-119,3
322,2015,33,-117,7
322,2015,33,-107,1
322,2015,33,-97,30
322,2015,35,-119,17
322,2015,35,-117,1
322,2015,35,-101,1
322,2015,37,-123,21
322,2015,37,-121,6
322,2015,37,-115,2
322,2015,37,-87,1
322,2015,39,-123,2
322,2015,39,-77,2
322,2015,41,-107,1
322,2015,41,-87,1
322,2015,41,-85,1
322,2015,41,-81,1
322,2015,41,-79,1
322,2015,49,3,1
322,2016,-41,175,1
322,2016,-31,31,1
322,2016,-31,153,3
322,2016,-27,31,2
322,2016,-27,33,1
322,2016,-1,29,1
322,2016,9,-83,7
322,2016,9,-79,2
322,2016,13,79,2
322,2016,15,-97,2
322,2016,15,-93,1
322,2016,17,-99,1
322,2016,17,-97,1
322,2016,17,-93,10
322,2016,17,-91,2
322,2016,17,-89,4
322,2016,17,-85,1
322,2016,17,121,2
322,2016,19,-101,4
322,2016,19,-99,33
322,2016,19,-97,14
322,2016,19,-95,3
322,2016,19,-89,5
322,2016,19,-87,1
322,2016,19,-75,1
322,2016,19,-67,2
322,2016,21,-105,29
322,2016,21,-103,6
322,2016,21,-101,20
322,2016,21,-99,9
322,2016,21,-87,4
322,2016,21,-77,1
322,2016,23,-109,1
322,2016,23,-107,6
322,2016,23,-103,1
322,2016,23,-101,3
322,2016,23,-99,2
322,2016,23,115,1
322,2016,25,-111,3
322,2016,25,-103,4
322,2016,25,-101,61
322,2016,25,-99,1
322,2016,25,-97,16
322,2016,25,-81,1
322,2016,27,-109,5
322,2016,27,-107,1
322,2016,27,-99,100
322,2016,27,-97,44
322,2016,27,-83,11
322,2016,27,-81,2
322,2016,29,-111,4
322,2016,29,-109,2
322,2016,29,-103,1
322,2016,29,-99,14
322,2016,29,-97,11
322,2016,29,-95,27
322,2016,29,-83,9
322,2016,31,-113,1
322,2016,31,-109,2
322,2016,31,-107,1
322,2016,31,-103,1
322,2016,31,-101,1
322,2016,31,-99,13
322,2016,31,-97,89
322,2016,31,-95,14
322,2016,31,-91,2
322,2016,31,-89,1
322,2016,31,-87,7
322,2016,31,-83,3
322,2016,31,77,1
322,2016,33,-117,12
322,2016,33,-111,2
322,2016,33,-109,4
322,2016,33,-107,1
322,2016,33,-101,2
322,2016,33,-99,11
322,2016,33,-97,161
322,2016,33,-81,1
322,2016,33,-79,2
322,2016,35,-119,109
322,2016,35,-111,3
322,2016,35,-97,2
322,2016,35,-93,1
322,2016,35,-87,1
322,2016,35,-85,1
322,2016,35,-83,3
322,2016,35,-81,6
322,2016,35,-77,2
322,2016,37,-123,18
322,2016,37,-121,1
322,2016,37,-119,1
322,2016,37,-95,1
322,2016,37,-91,1
322,2016,37,-77,3
322,2016,39,-123,4
322,2016,39,-121,2
322,2016,39,-85,2
322,2016,39,-77,3
322,2016,39,-75,1
322,2016,41,-81,2
322,2016,41,-75,2
322,2016,41,19,1
322,2016,43,-83,3
322,2016,43,-79,1
322,2016,43,-77,1
322,2016,45,-123,1
322,2016,45,-73,2
322,2017,-39,141,1
322,2017,-37,145,5
322,2017,-37,175,1
322,2017,-33,19,1
322,2017,-33,27,3
322,2017,-33,137,1
322,2017,-25,31,1
322,2017,-1,-77,5
322,2017,1,-75,1
322,2017,1,103,8
322,2017,9,-83,1
322,2017,11,-87,1
322,2017,11,-85,2
322,2017,13,-87,2
322,2017,13,77,1
322,2017,15,-97,25
322,2017,15,-91,1
322,2017,17,-97,3
322,2017,17,-95,1
322,2017,17,-93,8
322,2017,17,-91,1
322,2017,17,-89,5
322,2017,19,-105,2
322,2017,19,-103,1
322,2017,19,-101,6
322,2017,19,-99,64
322,2017,19,-97,37
322,2017,19,-95,2
322,2017,19,-93,2
322,2017,19,-75,3
322,2017,19,-69,2
322,2017,19,73,3
322,2017,19,83,4
322,2017,19,109,1
322,2017,21,-105,11
322,2017,21,-103,7
322,2017,21,-101,16
322,2017,21,-99,51
322,2017,21,-97,18
322,2017,21,-89,3
322,2017,21,-87,13
322,2017,23,-107,45
322,2017,23,-105,8
322,2017,23,-103,3
322,2017,23,-101,2
322,2017,23,-99,13
322,2017,23,-97,1
322,2017,23,113,3
322,2017,23,115,8
322,2017,25,-109,3
322,2017,25,-107,5
322,2017,25,-101,75
322,2017,25,-99,17
322,2017,25,-97,12
322,2017,25,-81,12
322,2017,27,-99,216
322,2017,27,-97,55
322,2017,27,-83,5
322,2017,27,-81,8
322,2017,29,-111,1
322,2017,29,-107,2
322,2017,29,-105,8
322,2017,29,-103,5
322,2017,29,-101,4
322,2017,29,-99,58
322,2017,29,-97,46
322,2017,29,-95,40
322,2017,29,-93,15
322,2017,29,-85,1
322,2017,29,-83,16
322,2017,29,-81,19
322,2017,31,-111,7
322,2017,31,-109,6
322,2017,31,-107,3
322,2017,31,-105,1
322,2017,31,-103,3
322,2017,31,-99,54
322,2017,31,-97,183
322,2017,31,-95,15
322,2017,31,-91,9
322,2017,31,-89,4
322,2017,31,-87,9
322,2017,31,-85,2
322,2017,31,-83,1
322,2017,31,-81,2
322,2017,33,-119,9
322,2017,33,-117,15
322,2017,33,-113,1
322,2017,33,-111,27
322,2017,33,-109,1
322,2017,33,-103,2
322,2017,33,-101,1
322,2017,33,-99,6
322,2017,33,-97,146
322,2017,33,-95,6
322,2017,33,-93,1
322,2017,33,-81,2
322,2017,35,-121,6
322,2017,35,-119,69
322,2017,35,-117,10
322,2017,35,-115,1
322,2017,35,-107,1
322,2017,35,-97,1
322,2017,35,-95,16
322,2017,35,-93,1
322,2017,35,-85,4
322,2017,35,-83,1
322,2017,35,-81,2
322,2017,35,-79,1
322,2017,35,-77,1
322,2017,37,-123,31
322,2017,37,-121,18
322,2017,37,-119,1
322,2017,37,-117,1
322,2017,37,-115,2
322,2017,37,-109,1
322,2017,37,-95,1
322,2017,37,-89,1
322,2017,37,-87,1
322,2017,37,-79,1
322,2017,37,-77,2
322,2017,39,-123,15
322,2017,39,-121,3
322,2017,39,-93,1
322,2017,39,-83,1
322,2017,39,-77,1
322,2017,41,-81,1
322,2017,41,-75,1
322,2017,41,-73,2
322,2017,41,15,2
322,2017,43,-79,2
322,2017,43,-77,1
322,2017,43,-73,1
322,2017,43,-5,1
322,2017,43,7,1
322,2017,45,9,1
329,2015,-35,19,2
329,2015,-33,19,1
329,2015,-29,31,1
329,2015,-27,33,1
329,2015,13,103,1
329,2015,15,-97,16
329,2015,15,-89,2
329,2015,17,-97,1
329,2015,17,-93,1
329,2015,19,-103,5
329,2015,19,-101,1
329,2015,19,-99,15
329,2015,19,-97,12
329,2015,19,73,3
329,2015,21,-105,14
329,2015,21,-103,3
329,2015,21,-101,3
329,2015,21,-97,6
329,2015,21,-87,2
329,2015,23,-107,53
329,2015,23,-99,1
329,2015,23,-97,1
329,2015,23,115,2
329,2015,23,121,1
329,2015,25,-101,6
329,2015,25,79,2
329,2015,25,93,5
329,2015,27,-99,1
329,2015,27,-97,2
329,2015,29,-105,1
329,2015,29,-103,1
329,2015,29,-97,4
329,2015,29,-95,5
329,2015,29,-83,2
329,2015,29,-81,2
329,2015,31,-111,3
329,2015,31,-97,1
329,2015,31,-89,1
329,2015,31,-87,5
329,2015,31,-81,6
329,2015,31,31,1
329,2015,33,-117,6
329,2015,33,-111,1
329,2015,33,-97,3
329,2015,35,-121,4
329,2015,35,-119,6
329,2015,37,-123,11
329,2015,37,-121,4
329,2015,39,17,1
329,2015,43,-81,1
329,2016,-37,175,1
329,2016,-1,-79,1
329,2016,1,-77,1
329,2016,1,103,1
329,2016,9,-85,1
329,2016,11,-85,1
329,2016,13,77,2
329,2016,13,101,1
329,2016,15,-97,10
329,2016,15,145,1
329,2016,17,-97,1
329,2016,17,-93,10
329,2016,17,121,1
329,2016,19,-105,1
329,2016,19,-103,9
329,2016,19,-101,2
329,2016,19,-99,41
329,2016,19,-97,36
329,2016,19,-89,5
329,2016,19,-87,1
329,2016,19,-77,2
329,2016,21,-157,1
329,2016,21,-105,22
329,2016,21,-103,3
329,2016,21,-101,13
329,2016,21,-99,9
329,2016,21,-97,5
329,2016,21,-91,1
329,2016,21,-89,1
329,2016,21,-87,16
329,2016,23,-109,1
329,2016,23,-107,41
329,2016,23,-105,1
329,2016,23,-101,2
329,2016,23,-99,3
329,2016,23,-97,1
329,2016,23,87,1
329,2016,23,113,1
329,2016,25,-101,25
329,2016,25,-99,5
329,2016,25,-81,3
329,2016,27,-101,3
329,2016,27,-99,145
329,2016,27,-97,37
329,2016,27,-83,11
329,2016,27,-81,2
329,2016,29,-101,2
329,2016,29,-99,26
329,2016,29,-97,37
329,2016,29,-95,39
329,2016,29,-91,1
329,2016,29,-83,1
329,2016,29,-81,15
329,2016,31,-111,1
329,2016,31,-109,2
329,2016,31,-99,28
329,2016,31,-97,162
329,2016,31,-95,4
329,2016,31,-91,2
329,2016,31,-87,3
329,2016,31,-83,1
329,2016,33,-119,1
329,2016,33,-117,15
329,2016,33,-113,2
329,2016,33,-111,18
329,2016,33,-99,3
329,2016,33,-97,70
329,2016,33,-95,1
329,2016,35,-121,1
329,2016,35,-119,27
329,2016,35,-117,2
329,2016,35,-97,1
329,2016,35,-87,1
329,2016,37,-123,10
329,2016,37,-121,3
329,2016,37,-117,1
329,2016,37,-95,1
329,2016,39,-123,2
329,2016,39,-85,1
329,2016,39,-79,2
329,2016,41,-87,1
329,2016,41,13,2
329,2016,43,-79,1
329,2016,45,-73,1
329,2017,-41,175,1
329,2017,-37,145,1
329,2017,-33,19,1
329,2017,-33,25,1
329,2017,-25,-57,1
329,2017,-19,47,1
329,2017,1,103,2
329,2017,5,101,2
329,2017,7,-75,2
329,2017,9,-85,2
329,2017,9,-83,2
329,2017,9,-81,1
329,2017,11,-87,2
329,2017,11,-85,1
329,2017,13,101,2
329,2017,15,-97,18
329,2017,15,-95,5
329,2017,15,-91,1
329,2017,17,-97,2
329,2017,17,-95,1
329,2017,17,-93,1
329,2017,17,-89,4
329,2017,17,79,5
329,2017,19,-105,5
329,2017,19,-103,11
329,2017,19,-101,1
329,2017,19,-99,37
329,2017,19,-97,18
329,2017,19,-95,2
329,2017,19,-93,2
329,2017,19,-89,1
329,2017,19,-75,6
329,2017,19,-71,4
329,2017,19,73,1
329,2017,19,109,1
329,2017,21,-105,18
329,2017,21,-101,14
329,2017,21,-99,19
329,2017,21,-97,8
329,2017,21,-89,4
329,2017,21,-87,4
329,2017,23,-107,44
329,2017,23,-105,9
329,2017,23,-101,3
329,2017,23,-99,12
329,2017,23,-97,5
329,2017,23,115,5
329,2017,23,121,1
329,2017,25,-107,2
329,2017,25,-103,3
329,2017,25,-101,39
329,2017,25,-99,2
329,2017,25,-97,30
329,2017,25,-81,18
329,2017,27,-109,1
329,2017,27,-101,19
329,2017,27,-99,279
329,2017,27,-97,170
329,2017,27,-83,6
329,2017,27,-81,18
329,2017,29,-115,1
329,2017,29,-107,1
329,2017,29,-103,15
329,2017,29,-101,6
329,2017,29,-99,41
329,2017,29,-97,33
329,2017,29,-95,22
329,2017,29,-83,21
329,2017,29,-81,30
329,2017,31,-111,8
329,2017,31,-107,3
329,2017,31,-103,1
329,2017,31,-99,37
329,2017,31,-97,97
329,2017,31,-95,12
329,2017,31,-93,1
329,2017,31,-91,17
329,2017,31,-89,1
329,2017,31,-87,5
329,2017,31,-85,7
329,2017,31,-83,1
329,2017,33,-119,22
329,2017,33,-117,15
329,2017,33,-113,3
329,2017,33,-111,11
329,2017,33,-107,1
329,2017,33,-101,1
329,2017,33,-97,78
329,2017,33,-95,1
329,2017,33,-89,2
329,2017,33,-87,1
329,2017,33,-85,3
329,2017,33,-79,2
329,2017,33,35,1
329,2017,35,-121,4
329,2017,35,-119,45
329,2017,35,-117,6
329,2017,35,-95,13
329,2017,35,-83,1
329,2017,35,-79,2
329,2017,35,27,1
329,2017,37,-123,20
329,2017,37,-121,9
329,2017,37,-117,1
329,2017,37,-115,3
329,2017,37,-87,2
329,2017,37,-77,1
329,2017,37,-5,1
329,2017,39,-123,7
329,2017,39,-121,1
329,2017,39,-77,2
329,2017,39,-75,1
329,2017,41,-85,1
329,2017,41,-81,1
329,2017,41,-73,2
329,2017,41,-71,2
329,2017,43,-79,1
329,2017,45,-81,1
336,2015,-33,21,1
336,2015,-33,23,1
336,2015,-31,25,2
336,2015,9,-83,2
336,2015,15,-91,1
336,2015,15,-89,1
336,2015,17,-93,1
336,2015,17,-85,1
336,2015,19,-105,3
336,2015,19,-103,1
336,2015,19,-101,1
336,2015,19,-99,9
336,2015,19,-97,4
336,2015,19,-91,1
336,2015,19,-87,2
336,2015,19,-71,18
336,2015,21,-105,21
336,2015,21,-103,14
336,2015,21,-101,3
336,2015,21,-97,1
336,2015,21,-87,1
336,2015,23,-111,1
336,2015,23,-107,56
336,2015,23,-105,1
336,2015,23,-99,7
336,2015,23,115,2
336,2015,25,-101,8
336,2015,25,-81,2
336,2015,25,93,1
336,2015,27,-99,13
336,2015,27,-97,6
336,2015,27,-81,2
336,2015,29,-99,1
336,2015,29,-97,2
336,2015,29,-95,11
336,2015,29,-83,2
336,2015,29,-81,1
336,2015,31,-99,1
336,2015,31,-97,3
336,2015,33,-117,10
336,2015,33,-97,15
336,2015,33,-95,2
336,2015,35,-119,6
336,2015,37,-123,6
336,2015,37,-121,2
336,2015,39,-77,3
336,2015,41,-9,1
336,2016,-35,19,1
336,2016,-33,23,1
336,2016,-23,133,1
336,2016,1,125,1
336,2016,11,-85,12
336,2016,13,-87,1
336,2016,17,-97,1
336,2016,17,-93,12
336,2016,17,-85,1
336,2016,17,-67,1
336,2016,17,-65,1
336,2016,19,-157,1
336,2016,19,-103,1
336,2016,19,-99,20
336,2016,19,-97,27
336,2016,19,-95,17
336,2016,19,-89,1
336,2016,19,-65,5
336,2016,19,109,1
336,2016,21,-105,51
336,2016,21,-103,6
336,2016,21,-101,16
336,2016,21,-99,50
336,2016,21,-97,3
336,2016,21,-89,1
336,2016,21,-87,17
336,2016,21,73,2
336,2016,23,-111,1
336,2016,23,-107,92
336,2016,23,-105,2
336,2016,23,-101,1
336,2016,23,87,2
336,2016,23,113,4
336,2016,25,-111,1
336,2016,25,-101,17
336,2016,25,-99,1
336,2016,25,-97,17
336,2016,25,-81,8
336,2016,25,93,1
336,2016,27,-109,3
336,2016,27,-99,41
336,2016,27,-97,85
336,2016,27,-83,1
336,2016,27,-81,8
336,2016,29,-111,1
336,2016,29,-99,2
336,2016,29,-97,5
336,2016,29,-95,10
336,2016,29,-91,2
336,2016,29,-83,3
336,2016,29,-81,9
336,2016,29,77,3
336,2016,31,-99,6
336,2016,31,-97,44
336,2016,31,-93,1
336,2016,31,-89,1
336,2016,31,-85,1
336,2016,31,79,2
336,2016,33,-119,2
336,2016,33,-117,8
336,2016,33,-115,4
336,2016,33,-113,1
336,2016,33,-111,4
336,2016,33,-97,9
336,2016,33,-85,1
336,2016,33,-83,1
336,2016,35,-121,1
336,2016,35,-119,6
336,2016,35,-117,3
336,2016,35,-115,1
336,2016,35,-95,1
336,2016,37,-123,15
336,2016,37,-121,6
336,2016,37,-113,1
336,2016,37,-93,2
336,2016,37,-77,1
336,2016,39,-123,1
336,2016,45,-73,1
336,2017,-37,145,2
336,2017,-37,175,1
336,2017,-33,19,1
336,2017,-33,23,1
336,2017,-29,31,1
336,2017,-23,15,1
336,2017,-17,13,2
336,2017,1,103,3
336,2017,5,-75,1
336,2017,5,101,3
336,2017,9,-83,2
336,2017,11,-85,1
336,2017,11,103,2
336,2017,13,77,1
336,2017,15,-97,82
336,2017,15,-91,1
336,2017,17,-95,1
336,2017,17,-93,19
336,2017,17,-89,9
336,2017,19,-105,8
336,2017,19,-103,10
336,2017,19,-101,3
336,2017,19,-99,37
336,2017,19,-97,15
336,2017,19,-95,1
336,2017,19,-75,1
336,2017,19,-71,2
336,2017,19,73,2
336,2017,19,109,2
336,2017,21,-157,1
336,2017,21,-105,12
336,2017,21,-103,5
336,2017,21,-101,4
336,2017,21,-99,5
336,2017,21,-97,2
336,2017,21,-89,2
336,2017,21,-87,6
336,2017,21,-77,1
336,2017,23,-107,74
336,2017,23,-105,1
336,2017,23,-99,7
336,2017,23,-97,3
336,2017,23,-81,2
336,2017,23,87,2
336,2017,23,115,6
336,2017,25,-109,1
336,2017,25,-107,2
336,2017,25,-101,18
336,2017,25,-99,9
336,2017,25,-97,3
336,2017,25,-81,13
336,2017,27,-99,94
336,2017,27,-97,73
336,2017,27,-83,12
336,2017,27,-81,13
336,2017,27,73,2
336,2017,29,-103,1
336,2017,29,-99,18
336,2017,29,-97,19
336,2017,29,-95,14
336,2017,29,-93,3
336,2017,29,-91,4
336,2017,29,-83,3
336,2017,29,-81,13
336,2017,31,-113,1
336,2017,31,-111,7
336,2017,31,-103,1
336,2017,31,-99,3
336,2017,31,-97,41
336,2017,31,-95,7
336,2017,31,-91,4
336,2017,31,-87,2
336,2017,33,-119,29
336,2017,33,-117,19
336,2017,33,-115,1
336,2017,33,-111,3
336,2017,33,-101,1
336,2017,33,-99,2
336,2017,33,-97,37
336,2017,33,-81,2
336,2017,33,-79,4
336,2017,33,35,1
336,2017,35,-119,18
336,2017,35,-117,3
336,2017,35,-97,4
336,2017,35,-95,3
336,2017,35,-89,1
336,2017,35,-83,1
336,2017,37,-123,13
336,2017,37,-119,2
336,2017,37,-117,4
336,2017,37,-115,1
336,2017,37,-79,1
336,2017,39,-123,2
336,2017,39,-121,2
336,2017,39,-85,3
336,2017,41,-75,1
336,2017,43,-123,1
336,2017,47,-1,1
343,2015,-33,23,1
343,2015,-25,17,1
343,2015,-23,-43,3
343,2015,9,-85,1
343,2015,13,-87,7
343,2015,15,-97,9
343,2015,15,-93,7
343,2015,17,-93,6
343,2015,19,-103,2
343,2015,19,-99,6
343,2015,19,-97,2
343,2015,19,-89,1
343,2015,19,-71,11
343,2015,19,73,2
343,2015,21,-105,19
343,2015,21,-101,1
343,2015,21,-99,1
343,2015,21,-89,1
343,2015,23,-111,1
343,2015,23,-109,23
343,2015,23,-107,65
343,2015,23,-99,1
343,2015,23,115,1
343,2015,25,-107,2
343,2015,25,-101,2
343,2015,25,-99,2
343,2015,25,93,2
343,2015,27,-83,3
343,2015,27,-81,8
343,2015,29,-99,3
343,2015,29,-97,1
343,2015,29,-95,9
343,2015,29,-81,4
343,2015,31,-99,1
343,2015,31,-97,1
343,2015,31,-85,1
343,2015,33,-119,2
343,2015,33,-117,7
343,2015,33,-97,7
343,2015,35,-119,1
343,2015,35,-89,1
343,2015,37,-123,5
343,2015,37,-77,1
343,2016,-31,153,1
343,2016,-27,29,1
343,2016,-7,111,1
343,2016,9,-75,3
343,2016,11,-85,4
343,2016,11,105,1
343,2016,15,-97,1
343,2016,15,-93,3
343,2016,17,-97,1
343,2016,17,-95,2
343,2016,17,-93,4
343,2016,17,-91,1
343,2016,17,-67,1
343,2016,19,-105,3
343,2016,19,-103,2
343,2016,19,-99,29
343,2016,19,-97,12
343,2016,19,-95,2
343,2016,19,-93,1
343,2016,19,-71,2
343,2016,19,-65,9
343,2016,19,109,3
343,2016,21,-105,28
343,2016,21,-103,2
343,2016,21,-101,4
343,2016,21,-99,7
343,2016,21,-97,3
343,2016,21,-87,19
343,2016,21,73,1
343,2016,23,-111,2
343,2016,23,-107,40
343,2016,23,-101,1
343,2016,23,-99,1
343,2016,23,115,1
343,2016,25,-103,4
343,2016,25,-101,4
343,2016,25,-99,9
343,2016,25,-97,1
343,2016,25,-81,1
343,2016,25,93,1
343,2016,27,-109,1
343,2016,27,-97,35
343,2016,27,-83,6
343,2016,27,-81,13
343,2016,27,-77,1
343,2016,29,-99,1
343,2016,29,-97,4
343,2016,29,-95,3
343,2016,29,-83,1
343,2016,29,-81,5
343,2016,29,-17,1
343,2016,31,-99,11
343,2016,31,-97,46
343,2016,31,-95,2
343,2016,31,-89,1
343,2016,31,79,1
343,2016,33,-119,2
343,2016,33,-117,8
343,2016,33,-103,1
343,2016,33,-101,1
343,2016,33,-97,6
343,2016,33,-87,1
343,2016,33,-81,1
343,2016,33,-79,1
343,2016,35,-119,10
343,2016,35,-117,1
343,2016,35,-115,2
343,2016,35,25,1
343,2016,37,-123,9
343,2016,37,-115,2
343,2016,39,-77,1
343,2016,41,-75,1
343,2017,-45,169,1
343,2017,-43,173,1
343,2017,-37,147,4
343,2017,-37,175,2
343,2017,-33,23,1
343,2017,-27,153,1
343,2017,-21,17,1
343,2017,-19,49,1
343,2017,-3,35,1
343,2017,-1,37,1
343,2017,1,103,1
343,2017,5,-75,2
343,2017,7,-75,1
343,2017,7,99,1
343,2017,7,101,1
343,2017,9,-83,12
343,2017,9,-79,1
343,2017,9,77,1
343,2017,11,-85,7
343,2017,13,-87,1
343,2017,13,99,5
343,2017,15,-97,25
343,2017,15,-87,1
343,2017,17,-93,3
343,2017,19,-105,6
343,2017,19,-101,7
343,2017,19,-99,30
343,2017,19,-97,12
343,2017,19,-95,5
343,2017,19,-89,4
343,2017,19,-75,3
343,2017,19,-71,3
343,2017,19,-69,2
343,2017,19,73,1
343,2017,19,109,2
343,2017,21,-157,3
343,2017,21,-105,29
343,2017,21,-103,2
343,2017,21,-101,6
343,2017,21,-99,6
343,2017,21,-97,1
343,2017,21,-91,2
343,2017,21,-89,12
343,2017,21,-87,2
343,2017,23,-107,70
343,2017,23,-101,3
343,2017,23,-99,3
343,2017,23,115,3
343,2017,25,-107,7
343,2017,25,-103,2
343,2017,25,-101,7
343,2017,25,-99,2
343,2017,25,-97,1
343,2017,25,-81,2
343,2017,25,-77,2
343,2017,25,93,2
343,2017,27,-109,9
343,2017,27,-99,22
343,2017,27,-97,80
343,2017,27,-83,3
343,2017,27,-81,23
343,2017,29,-113,1
343,2017,29,-101,2
343,2017,29,-99,8
343,2017,29,-97,11
343,2017,29,-95,5
343,2017,29,-93,4
343,2017,29,-83,6
343,2017,29,-81,2
343,2017,29,-13,1
343,2017,31,-111,11
343,2017,31,-97,42
343,2017,31,-91,1
343,2017,31,-89,3
343,2017,33,-119,5
343,2017,33,-117,31
343,2017,33,-111,3
343,2017,33,-99,1
343,2017,33,-97,9
343,2017,35,-121,1
343,2017,35,-119,36
343,2017,35,-117,4
343,2017,35,-97,1
343,2017,35,-95,1
343,2017,35,-91,1
343,2017,37,-123,25
343,2017,37,-121,3
343,2017,37,-115,2
343,2017,37,-77,2
343,2017,39,-123,4
343,2017,41,-75,1
343,2017,41,33,1
343,2017,43,-87,1
343,2017,45,-75,1
350,2015,-35,23,1
350,2015,-35,25,1
350,2015,-33,23,3
350,2015,9,-83,1
350,2015,17,-99,7
350,2015,17,-93,1
350,2015,17,-91,5
350,2015,17,-89,3
350,2015,19,-105,11
350,2015,19,-99,3
350,2015,19,-97,5
350,2015,19,-87,1
350,2015,19,-71,1
350,2015,19,-69,1
350,2015,21,-105,18
350,2015,21,-101,6
350,2015,21,-99,1
350,2015,21,-89,1
350,2015,21,-87,9
350,2015,21,105,1
350,2015,23,-111,11
350,2015,23,-109,6
350,2015,23,-107,26
350,2015,23,-103,1
350,2015,25,-111,2
350,2015,25,-103,1
350,2015,25,-101,2
350,2015,25,-81,1
350,2015,27,-109,3
350,2015,27,-99,33
350,2015,27,-97,6
350,2015,27,-83,1
350,2015,29,-99,1
350,2015,29,-97,1
350,2015,29,-95,7
350,2015,29,-83,1
350,2015,29,-81,2
350,2015,31,-97,13
350,2015,31,-85,2
350,2015,33,-117,5
350,2015,33,-97,10
350,2015,33,-81,7
350,2015,35,-121,1
350,2015,35,-119,3
350,2015,37,-123,4
350,2015,43,-71,1
350,2015,43,13,1
350,2016,-45,171,1
350,2016,-31,31,1
350,2016,-25,17,3
350,2016,-23,-45,1
350,2016,1,103,3
350,2016,5,-75,1
350,2016,13,-17,1
350,2016,15,-97,2
350,2016,15,-93,2
350,2016,17,-93,6
350,2016,19,-101,4
350,2016,19,-99,18
350,2016,19,-97,11
350,2016,19,-95,3
350,2016,19,-89,1
350,2016,19,-67,1
350,2016,21,-105,28
350,2016,21,-103,2
350,2016,21,-101,15
350,2016,21,-99,6
350,2016,21,-89,1
350,2016,21,-87,8
350,2016,21,107,2
350,2016,23,-109,3
350,2016,23,-107,42
350,2016,23,-105,2
350,2016,23,-101,1
350,2016,23,115,2
350,2016,25,-105,1
350,2016,25,-103,1
350,2016,25,-101,10
350,2016,25,-99,5
350,2016,25,-81,6
350,2016,25,91,2
350,2016,25,93,1
350,2016,27,-109,3
350,2016,27,-99,12
350,2016,27,-97,15
350,2016,27,-83,5
350,2016,29,-101,1
350,2016,29,-99,1
350,2016,29,-97,5
350,2016,29,-95,4
350,2016,29,-93,1
350,2016,29,-81,7
350,2016,31,-99,5
350,2016,31,-97,28
350,2016,31,-95,1
350,2016,31,-91,1
350,2016,31,-85,3
350,2016,33,-119,6
350,2016,33,-117,8
350,2016,33,-115,2
350,2016,33,-113,1
350,2016,33,-111,1
350,2016,33,-97,12
350,2016,35,-119,10
350,2016,35,-117,1
350,2016,35,-77,1
350,2016,35,139,1
350,2016,37,-123,6
350,2016,37,-121,1
350,2016,39,-123,1
350,2017,-47,169,1
350,2017,-41,171,1
350,2017,-41,175,3
350,2017,-37,-57,1
350,2017,-37,145,2
350,2017,-37,147,1
350,2017,-37,175,1
350,2017,-33,151,2
350,2017,-15,35,1
350,2017,1,103,3
350,2017,7,-75,2
350,2017,9,-85,2
350,2017,9,-83,7
350,2017,9,-81,1
350,2017,9,-79,1
350,2017,11,-85,3
350,2017,11,-83,1
350,2017,11,-75,2
350,2017,13,-87,1
350,2017,13,77,3
350,2017,13,101,2
350,2017,15,-97,55
350,2017,15,-95,11
350,2017,15,-93,1
350,2017,17,-93,3
350,2017,17,-89,3
350,2017,17,99,1
350,2017,19,-105,6
350,2017,19,-103,9
350,2017,19,-101,5
350,2017,19,-99,14
350,2017,19,-97,22
350,2017,19,-95,1
350,2017,19,-87,1
350,2017,19,-79,6
350,2017,19,-75,4
350,2017,19,-71,1
350,2017,19,-69,2
350,2017,19,73,3
350,2017,19,99,5
350,2017,19,109,1
350,2017,21,-105,14
350,2017,21,-103,3
350,2017,21,-101,1
350,2017,21,-99,4
350,2017,21,-97,1
350,2017,21,-87,4
350,2017,23,-107,57
350,2017,23,-99,1
350,2017,23,-97,1
350,2017,23,115,3
350,2017,23,121,1
350,2017,25,-107,1
350,2017,25,-101,9
350,2017,25,-97,4
350,2017,25,-81,12
350,2017,25,-77,1
350,2017,25,93,4
350,2017,27,-111,1
350,2017,27,-109,1
350,2017,27,-99,11
350,2017,27,-97,13
350,2017,27,-83,8
350,2017,27,-81,39
350,2017,29,-99,6
350,2017,29,-97,7
350,2017,29,-95,15
350,2017,29,-83,8
350,2017,29,-81,19
350,2017,29,77,1
350,2017,31,-111,1
350,2017,31,-109,2
350,2017,31,-99,9
350,2017,31,-97,54
350,2017,31,-93,2
350,2017,31,-85,5
350,2017,31,-83,1
350,2017,33,-119,5
350,2017,33,-117,5
350,2017,33,-115,1
350,2017,33,-109,2
350,2017,33,-99,2
350,2017,33,-97,6
350,2017,33,-85,2
350,2017,35,-119,11
350,2017,35,-117,2
350,2017,37,-123,10
350,2017,37,-121,4
350,2017,37,-115,1
350,2017,37,-77,7
350,2017,39,-121,1
350,2017,39,-79,2
357,2015,-35,21,1
357,2015,-35,25,1
357,2015,-33,23,1
357,2015,-23,-43,2
357,2015,1,103,4
357,2015,3,97,2
357,2015,17,-93,3
357,2015,17,107,1
357,2015,19,-105,13
357,2015,19,-103,1
357,2015,19,-99,10
357,2015,19,-97,1
357,2015,21,-159,1
357,2015,21,-105,58
357,2015,21,-103,6
357,2015,21,-101,1
357,2015,21,-99,2
357,2015,21,-89,3
357,2015,21,-87,11
357,2015,23,-109,1
357,2015,23,-107,26
357,2015,23,-99,1
357,2015,23,115,1
357,2015,23,121,1
357,2015,25,-97,1
357,2015,25,-81,3
357,2015,27,-109,1
357,2015,27,-99,84
357,2015,27,-97,26
357,2015,27,-81,3
357,2015,29,-99,1
357,2015,29,-97,5
357,2015,29,-95,5
357,2015,29,-81,19
357,2015,31,-111,1
357,2015,31,-97,7
357,2015,31,-87,1
357,2015,31,-85,1
357,2015,33,-119,1
357,2015,33,-117,1
357,2015,33,-111,2
357,2015,33,-97,4
357,2015,35,-121,1
357,2015,35,-119,1
357,2015,35,-77,1
357,2015,37,-123,7
357,2015,39,-77,1
357,2015,39,23,1
357,2015,41,21,1
357,2016,-41,173,2
357,2016,-27,27,1
357,2016,-27,31,4
357,2016,-21,-41,1
357,2016,5,-75,1
357,2016,9,-83,3
357,2016,11,-85,2
357,2016,15,-97,3
357,2016,17,-99,1
357,2016,17,-97,1
357,2016,17,-93,7
357,2016,17,-91,3
357,2016,17,-89,1
357,2016,19,-103,8
357,2016,19,-101,2
357,2016,19,-99,14
357,2016,19,-97,10
357,2016,19,-95,1
357,2016,19,-75,1
357,2016,19,-71,1
357,2016,19,101,1
357,2016,21,-105,3
357,2016,21,-101,7
357,2016,21,-97,2
357,2016,21,-87,1
357,2016,23,-107,23
357,2016,23,-101,1
357,2016,23,87,1
357,2016,23,115,2
357,2016,23,121,2
357,2016,25,-107,1
357,2016,25,-101,27
357,2016,25,-99,4
357,2016,25,-81,37
357,2016,25,91,1
357,2016,25,93,1
357,2016,27,-111,1
357,2016,27,-99,23
357,2016,27,-97,15
357,2016,27,-83,4
357,2016,27,-81,4
357,2016,29,-105,2
357,2016,29,-103,1
357,2016,29,-99,14
357,2016,29,-97,15
357,2016,29,-95,11
357,2016,29,-93,1
357,2016,29,-91,1
357,2016,29,-83,1
357,2016,29,-81,12
357,2016,31,-99,11
357,2016,31,-97,19
357,2016,31,-95,6
357,2016,31,-91,5
357,2016,31,-87,1
357,2016,31,-85,6
357,2016,31,-81,2
357,2016,33,-117,5
357,2016,33,-111,1
357,2016,33,-97,11
357,2016,33,-95,1
357,2016,33,-81,1
357,2016,35,-121,3
357,2016,35,-119,2
357,2016,35,-117,2
357,2016,35,-79,4
357,2016,37,-123,2
357,2016,37,-75,1
357,2017,-41,175,1
357,2017,-37,145,15
357,2017,-37,175,2
357,2017,-33,23,2
357,2017,-25,29,1
357,2017,-23,-49,2
357,2017,-1,131,1
357,2017,-1,133,2
357,2017,1,103,8
357,2017,3,99,1
357,2017,5,-75,1
357,2017,5,115,1
357,2017,7,-75,2
357,2017,9,-85,2
357,2017,9,-83,9
357,2017,9,-81,2
357,2017,9,-79,1
357,2017,11,-85,6
357,2017,11,-83,2
357,2017,15,-97,38
357,2017,15,-95,9
357,2017,15,-91,3
357,2017,17,-101,1
357,2017,17,-97,9
357,2017,17,-93,2
357,2017,17,-91,1
357,2017,17,-89,1
357,2017,19,-103,9
357,2017,19,-101,3
357,2017,19,-99,16
357,2017,19,-97,7
357,2017,19,-95,5
357,2017,19,-93,1
357,2017,19,-89,1
357,2017,19,-71,3
357,2017,19,-69,2
357,2017,21,-105,13
357,2017,21,-103,1
357,2017,21,-101,9
357,2017,21,-99,1
357,2017,21,-97,1
357,2017,21,-89,1
357,2017,21,-87,3
357,2017,23,-107,26
357,2017,23,-105,1
357,2017,23,-99,2
357,2017,23,87,2
357,2017,23,115,1
357,2017,25,-111,1
357,2017,25,-107,2
357,2017,25,-105,1
357,2017,25,-103,1
357,2017,25,-101,11
357,2017,25,-99,1
357,2017,25,-81,12
357,2017,25,93,7
357,2017,27,-99,33
357,2017,27,-97,20
357,2017,27,-83,8
357,2017,27,-81,14
357,2017,29,-101,2
357,2017,29,-99,7
357,2017,29,-97,2
357,2017,29,-95,1
357,2017,29,-91,1
357,2017,29,-83,12
357,2017,29,-81,19
357,2017,31,-111,3
357,2017,31,-103,1
357,2017,31,-101,1
357,2017,31,-99,1
357,2017,31,-97,1
357,2017,31,-91,2
357,2017,31,-85,1
357,2017,33,-119,11
357,2017,33,-117,9
357,2017,33,-111,2
357,2017,33,-107,2
357,2017,35,-121,2
357,2017,35,-119,12
357,2017,35,-111,1
357,2017,35,-79,1
357,2017,37,-123,13
357,2017,37,-121,3
357,2017,39,-123,2
357,2017,39,-77,1
357,2017,39,-1,1
357,2017,39,1,1
357,2017,43,1,1
357,2017,53,-3,1
364,2015,-35,137,1
364,2015,11,-87,1
364,2015,13,-89,1
364,2015,15,-61,1
364,2015,17,-97,1
364,2015,17,-93,2
364,2015,19,-99,1
364,2015,19,-97,1
364,2015,21,-105,21
364,2015,21,-87,8
364,2015,23,-109,1
364,2015,23,-107,6
364,2015,25,-81,1
364,2015,27,-81,1
364,2015,29,-81,7
364,2015,37,-123,2
364,2015,37,-121,1
364,2016,-39,177,2
364,2016,-33,23,3
364,2016,-27,31,1
364,2016,11,-85,6
364,2016,15,-97,15
364,2016,15,-91,1
364,2016,15,-61,1
364,2016,19,-99,8
364,2016,19,-89,7
364,2016,21,-105,6
364,2016,21,-103,2
364,2016,21,-101,1
364,2016,21,-99,14
364,2016,21,-87,7
364,2016,23,-107,7
364,2016,25,-111,1
364,2016,25,-97,1
364,2016,25,-81,11
364,2016,27,-99,3
364,2016,27,-97,14
364,2016,27,-83,2
364,2016,27,-81,3
364,2016,29,-103,2
364,2016,29,-97,1
364,2016,29,-83,1
364,2016,29,-81,3
364,2016,31,-99,3
364,2016,31,-97,5
364,2016,33,-119,4
364,2016,33,-117,4
364,2016,33,-111,1
364,2016,33,-97,3
364,2016,35,-119,1
364,2016,37,-123,9
364,2016,37,-121,1
364,2016,39,-123,2
364,2017,-39,145,1
364,2017,-37,145,4
364,2017,-37,175,1
364,2017,9,-83,1
364,2017,9,-79,5
364,2017,11,-75,1
364,2017,13,-87,1
364,2017,13,79,1
364,2017,15,-97,21
364,2017,17,-97,2
364,2017,19,-103,2
364,2017,19,-99,3
364,2017,19,-97,4
364,2017,19,-95,1
364,2017,19,-75,3
364,2017,19,-71,2
364,2017,19,-67,1
364,2017,21,-97,5
364,2017,23,-107,21
364,2017,25,-101,2
364,2017,27,-99,3
364,2017,27,-97,1
364,2017,27,-83,4
364,2017,27,-81,14
364,2017,29,-83,3
364,2017,29,-81,11
364,2017,31,-99,1
364,2017,31,-97,1
364,2017,31,-89,1
364,2017,33,-119,1
364,2017,33,-115,1
364,2017,35,-121,5
364,2017,35,-119,2
364,2017,37,-123,4
364,2017,39,1,1
